Date,WKL,Quanity,Value,AAPL,Quanity,Value,CL,Quanity,Value,CNI,Quanity,Value,GOOGL,Quanity,Value,KO,Quanity,Value,MCD,Quanity,Value,NKE,Quanity,Value,PGR,Quanity,Value,TJX,Quanity,Value,UL,Quanity,Value,V,Quanity,Value,WM,Quanity,Value,WMT,Quanity,Value,USD Rate,Total USD Value,EUR Rate,Total EUR Value,Total Value GBP,Dividends & Fees,Net Total Value GBP,Cumulative Deposits,Net Profit
08/04/2020,67.84,,,109.67,,,76.77,2,153.54,97.41,2,194.82,73.67,,,46.69,8,373.52,199.36,,,97.33,4,389.32,90.25,,,53.28,,,69.47,8,555.76,192.29,,,108.82,,,43.88,,,0.90284,1667,0.76417,,1505,-2.32,1507,1700,-197
08/05/2020,70.06,,,110.06,,,76.18,2,152.36,98.34,2,196.68,73.95,,,47.22,8,377.76,199.26,,,100.94,4,403.76,90.62,,,53.54,,,68.83,8,550.64,196.10,,,109.18,,,43.27,,,0.90442,1681,0.7618,,1521,-2.32,1523,1700,-182
08/06/2020,68.78,,,113.90,,,75.86,2,151.72,99.46,2,198.92,75.25,,,47.48,8,379.84,203.18,,,100.45,4,401.80,89.61,,,53.41,,,67.97,8,543.76,198.77,,,110.37,,,43.12,,,0.90375,1676,0.76115,,1515,-2.32,1517,1700,-188
08/07/2020,68.92,,,111.11,,,76.24,2,152.48,100.08,2,200.16,74.92,,,47.80,8,382.40,204.60,,,101.86,4,407.44,90.73,,,55.45,,,67.15,8,537.20,196.36,,,112.72,,,43.32,,,0.9017,1680,0.7662248,,1515,-2.32,1517,1700,-188
08/10/2020,69.04,,,112.73,,,76.65,2,153.30,101.45,2,202.90,74.84,,,47.72,8,381.76,204.12,,,105.41,4,421.64,90.12,,,56.52,,,67.02,8,536.16,196.79,,,111.61,,,43.96,,,0.89754,1696,0.76469,,1522,-2.32,1524,1700,-180
08/11/2020,69.58,,,109.38,,,75.96,2,151.92,101.84,2,203.68,74.03,,,47.93,8,383.44,205.00,,,105.12,4,420.48,89.02,,,57.51,,,66.13,8,529.04,197.77,,,111.59,,,43.40,,,0.89925,1689,0.76624,,1518,-2.32,1521,1700,-184
08/12/2020,70.70,,,113.01,,,77.24,2,154.48,102.85,2,205.70,75.36,,,48.43,8,387.44,206.02,,,105.22,4,420.88,89.01,,,57.73,,,67.70,8,541.60,198.74,,,112.25,,,43.96,,,0.90393,1710,0.7664,,1546,-2.32,1548,1700,-157
08/13/2020,70.54,,,115.01,,,76.98,2,153.96,102.54,2,205.08,75.83,,,48.38,8,387.04,206.49,,,106.52,4,426.08,89.04,,,57.11,,,67.40,8,539.20,197.58,,,111.34,,,43.95,,,0.904,1711,0.76508,,1547,-2.32,1549,1700,-155
08/14/2020,69.54,,,114.91,,,77.05,2,154.10,102.48,2,204.96,75.23,,,48.45,8,387.60,207.03,,,106.43,4,425.72,88.97,,,57.87,,,66.87,8,534.96,196.64,,,111.47,,,44.20,,,0.90495,1707,0.7640587,,1545,-2.32,1547,1700,-157
08/17/2020,70.16,,,114.61,,,77.21,2,154.42,104.06,2,208.12,75.81,,,48.21,8,385.68,208.67,,,105.66,4,422.64,88.83,,,59.41,,,67.22,8,537.76,199.43,,,110.87,,,45.20,,,0.9059,1709,0.7629,,1548,-2.32,1550,1700,-154
08/18/2020,69.88,,,115.56,,,77.65,2,155.30,104.49,2,208.98,77.79,,,48.42,8,387.36,210.32,,,106.97,4,427.88,89.74,,,57.45,,,67.56,8,540.48,199.01,,,111.01,,,44.90,,,0.9014,1720,0.75449,,1550,-2.32,1553,1700,-152
08/19/2020,70.58,,,115.71,,,77.95,2,155.90,104.29,2,208.58,77.23,,,47.37,8,378.96,209.51,,,108.39,4,433.56,90.41,,,54.36,,,67.56,8,540.48,200.99,,,110.56,,,44.14,,,0.9034,1717,0.76273,,1552,-2.32,1554,1700,-151
08/20/2020,70.34,,,118.28,,,78.25,2,156.50,104.99,2,209.98,78.81,,,47.35,8,378.80,209.88,,,108.01,4,432.04,90.84,,,51.65,,,67.58,8,540.64,204.15,,,110.15,,,43.52,,,0.8977,1718,0.75641,,1542,-2.32,1545,1700,-160
08/21/2020,70.88,,,124.37,,,78.69,2,157.38,105.82,2,211.64,78.78,,,47.28,8,378.24,211.57,,,109.75,4,439.00,91.82,,,51.68,,,67.01,8,536.08,204.13,,,111.16,,,43.88,,,0.9006,1722,0.7638836,,1551,-2.32,1553,1700,-151
08/24/2020,71.32,,,125.86,,,79.13,2,158.26,105.94,2,211.88,79.26,,,47.97,8,383.76,212.62,,,111.83,4,447.32,92.00,,,53.41,,,67.82,8,542.56,206.41,,,112.51,,,43.78,,,0.90224,1744,0.76503,,1573,-2.32,1576,1700,-129
08/25/2020,70.40,,,124.83,,,78.59,2,157.18,106.17,2,212.34,80.29,,,47.91,8,383.28,212.65,,,111.51,4,446.04,92.77,,,53.16,,,67.70,8,541.60,208.10,,,113.19,,,43.54,,,0.8998,1740,0.76033,,1566,-2.32,1568,1700,-136
08/26/2020,70.24,,,126.52,,,78.65,2,157.30,106.42,2,212.84,82.21,,,48.16,8,385.28,213.76,,,111.53,4,446.12,92.17,,,53.26,,,67.84,8,542.72,210.26,,,113.90,,,43.57,,,0.8955,1744,0.75644,,1562,-2.32,1564,1700,-140
08/27/2020,69.82,,,125.01,,,79.06,2,158.12,106.82,2,213.64,81.43,,,48.23,8,385.84,212.19,,,110.84,4,443.36,93.31,,,53.67,,,67.95,8,543.60,211.03,,,114.27,,,45.54,,,0.8951,1745,0.7576,,1562,-2.32,1564,1700,-141
08/28/2020,69.18,,,124.81,,,79.37,2,158.74,106.34,2,212.68,81.97,,,49.83,8,398.64,214.91,,,112.29,4,449.16,93.68,,,55.09,,,67.67,8,541.36,215.71,,,114.01,,,46.77,,,0.8906,1761,0.7488954,,1568,-2.32,1570,1700,-134
08/31/2020,68.80,,,129.04,,,79.26,2,158.52,104.58,2,209.16,81.48,,,49.53,8,396.24,213.52,,,111.89,4,447.56,95.04,,,54.79,,,67.03,8,536.24,211.99,,,114.00,,,46.28,,,0.89329,1748,0.74825,,1561,-2.32,1564,1700,-141
09/01/2020,68.68,,,134.18,,,78.09,2,156.18,105.28,2,210.56,82.75,,,49.12,8,392.96,212.69,,,114.84,4,459.36,93.87,,,55.27,,,67.10,8,536.80,213.35,,,113.64,,,49.20,,,0.88977,1756,0.7463,,1562,-2.32,1565,1700,-140
09/02/2020,70.24,,,131.40,,,79.47,2,158.94,105.05,2,210.10,85.87,,,51.19,8,409.52,216.23,,,116.80,4,467.20,95.00,,,56.73,,,68.54,8,548.32,216.48,,,114.15,,,49.23,,,0.88734,1794,0.74899,,1592,-2.32,1594,1700,-110
09/03/2020,68.52,,,120.88,,,77.67,2,155.34,103.67,2,207.34,81.48,,,50.48,8,403.84,213.80,,,112.85,4,451.40,93.29,,,55.52,,,67.26,8,538.08,208.96,,,111.22,,,48.18,,,0.89265,1756,0.75402,,1567,-5.99,1573,1700,-138
09/04/2020,68.20,,,120.96,,,77.21,2,154.42,103.63,2,207.26,79.06,,,51.04,8,408.32,211.73,,,112.40,4,449.60,92.94,,,55.18,,,66.56,8,532.48,204.66,,,111.21,,,47.61,,,0.8914,1752,0.7523888,,1562,-5.99,1568,1700,-144
09/08/2020,69.60,,,112.82,,,75.64,2,151.28,101.65,2,203.30,76.18,,,49.81,8,398.48,213.58,,,112.72,4,450.88,91.81,,,55.30,,,67.13,8,537.04,200.12,,,110.46,,,46.15,,,0.9074,1741,0.7711,,1580,-5.99,1586,1700,-126
09/09/2020,71.62,,,117.32,,,77.57,2,155.14,104.19,2,208.38,77.36,,,50.19,8,401.52,215.71,,,114.90,4,459.60,94.67,,,54.76,,,69.87,8,558.96,204.06,,,112.56,,,46.63,,,0.90801,1784,0.76928,,1620,-5.99,1626,1700,-86
09/10/2020,71.56,,,113.49,,,76.41,2,152.82,103.71,2,207.42,76.30,,,50.00,8,400.00,217.24,,,114.79,4,459.16,94.35,,,54.11,,,68.73,8,549.84,201.54,,,111.68,,,45.60,,,0.92315,1769,0.7807437,,1633,-3.54,1637,1700,-70
09/11/2020,71.90,,,112.00,,,76.75,2,153.50,105.39,2,210.78,75.79,,,51.06,8,408.48,218.00,,,118.00,4,472.00,94.98,,,54.15,,,69.73,8,557.84,200.68,,,113.15,,,45.57,,,0.92413,1803,0.78125,,1666,-3.54,1669,1700,-38
09/14/2020,71.30,,,115.36,,,77.15,2,154.30,106.82,2,213.64,75.44,,,50.71,8,405.68,220.56,,,119.28,4,477.12,96.26,,,55.47,,,69.48,8,555.84,204.98,,,116.36,,,45.77,,,0.92356,1807,0.77823,,1668,-3.54,1672,1700,-35
09/15/2020,72.04,,,115.54,,,76.94,2,153.88,108.08,2,216.16,76.76,,,51.05,8,408.40,222.37,,,119.27,4,477.08,95.08,,,56.86,,,70.28,8,562.24,205.39,,,117.07,,,45.79,,,0.91919,1818,0.77611,,1671,-3.54,1674,1700,-33
09/16/2020,73.26,,,112.13,,,76.91,2,153.82,105.64,2,211.28,75.60,,,50.79,8,406.32,224.81,,,118.59,4,474.36,95.08,,,57.32,,,70.00,8,560.00,205.13,,,116.85,,,45.42,,,0.91072,1806,0.7716049,,1645,-3.54,1648,1700,-59
09/17/2020,72.92,,,110.34,,,76.71,2,153.42,107.09,2,214.18,74.35,,,50.55,8,404.40,222.58,,,116.36,4,465.44,95.43,,,55.94,,,70.28,8,562.24,205.27,,,115.56,,,45.56,,,0.9131,1800,0.77068,,1643,-3.54,1647,1700,-60
09/18/2020,72.88,,,106.84,,,75.83,2,151.66,105.13,2,210.26,72.55,,,50.45,8,403.60,220.27,,,114.66,4,458.64,96.86,,,56.02,,,68.51,8,548.08,202.61,,,115.27,,,45.10,,,0.9164,1772,0.7740537,,1624,-3.54,1628,1700,-79
09/21/2020,72.32,,,110.08,,,75.19,2,150.38,103.31,2,206.62,71.51,,,49.09,8,392.72,216.41,,,113.37,4,453.48,97.36,,,54.17,,,67.39,8,539.12,197.45,,,114.30,,,45.69,,,0.9176,1742,0.78,,1599,-3.54,1602,1700,-105
09/22/2020,71.76,,,111.81,,,76.07,2,152.14,105.14,2,210.28,72.99,,,49.66,8,397.28,216.41,,,116.87,4,467.48,94.42,,,53.88,,,68.07,8,544.56,200.56,,,114.97,,,46.10,,,0.9186,1772,0.78468,,1628,-3.54,1631,1700,-76
09/23/2020,73.02,,,107.12,,,75.14,2,150.28,104.88,2,209.76,70.47,,,48.21,8,385.68,214.97,,,127.11,4,508.44,91.19,,,52.87,,,68.01,8,544.08,195.37,,,111.73,,,45.33,,,0.9163,1798,0.78632,,1648,-3.54,1651,1700,-56
09/24/2020,72.58,,,108.22,,,75.76,2,151.52,106.00,2,212.00,71.14,,,48.70,8,389.60,216.12,,,124.75,4,499.00,92.20,,,52.83,,,68.16,8,545.28,195.52,,,111.30,,,45.57,,,0.91505,1797,0.78388,,1645,-3.54,1648,1700,-59
09/25/2020,73.18,,,112.28,,,75.95,2,151.90,106.13,2,212.26,71.95,,,48.72,8,389.76,218.18,,,124.23,4,496.92,92.60,,,53.18,,,68.42,8,547.36,197.25,,,113.63,,,45.76,,,0.90729,1798,0.7843137,,1631,-3.54,1635,1700,-72
09/28/2020,73.40,,,114.96,,,76.61,2,153.22,106.58,2,213.16,72.93,,,49.28,8,394.24,220.26,,,124.32,4,497.28,93.98,,,55.60,,,69.45,8,555.60,200.32,,,114.04,,,45.75,,,0.90714,1814,0.77679,,1645,-3.54,1649,1700,-58
09/29/2020,73.28,,,114.09,,,76.22,2,152.44,106.36,2,212.72,73.30,,,48.92,8,391.36,218.68,,,126.35,4,505.40,94.15,,,54.16,,,69.65,8,557.20,199.44,,,113.41,,,45.71,,,0.91264,1819,0.77721,,1660,-3.54,1664,1700,-43
09/30/2020,72.84,,,115.81,,,77.15,2,154.30,106.46,2,212.92,73.28,,,49.37,8,394.96,219.49,,,125.54,4,502.16,94.67,,,55.65,,,69.39,8,555.12,199.97,,,113.17,,,46.64,,,0.90719,1819,0.77414,,1651,-3.54,1654,1700,-53
10/01/2020,72.92,,,116.79,,,77.06,2,154.12,106.43,2,212.86,74.40,,,49.18,8,393.44,219.59,,,126.64,4,506.56,93.46,,,57.08,,,69.66,8,557.28,203.35,,,112.89,,,47.69,,,0.91137,1824,0.77602,,1663,-3.05,1666,1700,-40
10/02/2020,72.94,,,113.02,,,77.40,2,154.80,106.62,2,213.24,72.78,,,49.36,8,394.88,222.67,,,126.64,4,506.56,94.21,,,57.63,,,70.53,8,564.24,201.46,,,113.89,,,46.83,,,0.9054,1834,0.7730963,,1660,-3.05,1663,1700,-43
10/05/2020,72.90,,,116.50,,,78.42,2,156.84,108.25,2,216.50,74.14,,,49.38,8,395.04,226.07,,,127.91,4,511.64,95.98,,,57.52,,,70.81,8,566.48,203.54,,,114.24,,,47.27,,,0.9074,1847,0.76967,,1676,-0.26,1676,1700,-25
10/06/2020,72.10,,,113.16,,,77.54,2,155.08,107.62,2,215.24,72.55,,,48.94,8,391.52,224.09,,,127.65,4,510.60,95.12,,,56.61,,,69.45,8,555.60,200.45,,,113.25,,,46.88,,,0.91092,1828,0.7762,,1665,-0.26,1665,1700,-35
10/07/2020,71.42,,,115.08,,,78.13,2,156.26,109.72,2,219.44,72.96,,,49.56,8,396.48,226.48,,,130.06,4,520.24,96.41,,,58.36,,,69.80,8,558.40,202.47,,,113.88,,,46.96,,,0.9109,1851,0.77414,,1686,-0.26,1686,1700,-14
10/08/2020,71.90,,,114.97,,,78.74,2,157.48,109.41,2,218.82,74.17,,,50.46,8,403.68,225.80,,,129.71,4,518.84,97.97,,,58.30,,,70.00,8,560.00,202.98,,,114.70,,,47.12,,,0.90925,1859,0.77277,,1690,-0.26,1690,1700,-10
10/09/2020,72.70,,,116.97,,,79.77,2,159.54,109.99,2,219.98,75.52,,,50.81,8,406.48,224.83,,,130.98,4,523.92,99.88,,,58.19,,,71.01,8,568.08,206.64,,,115.35,,,47.59,,,0.9055,1878,0.7662835,,1701,-0.26,1701,1700,0
10/12/2020,73.62,,,124.40,,,80.63,2,161.26,110.86,2,221.72,78.23,,,51.09,8,408.72,226.11,,,129.46,4,517.84,101.38,,,57.97,,,70.98,8,567.84,206.40,,,116.82,,,48.08,,,0.90413,1877,0.76536,,1697,-0.26,1698,1700,-3
10/13/2020,73.88,,,121.10,,,80.26,2,160.52,110.74,2,221.48,78.35,,,50.22,8,401.76,227.35,,,129.20,4,516.80,100.27,,,57.39,,,71.09,8,568.72,204.32,,,115.50,,,48.74,,,0.90762,1869,0.77308,,1697,-0.26,1697,1700,-4
10/14/2020,73.10,,,121.19,,,79.86,2,159.72,111.21,2,222.42,78.17,,,50.12,8,400.96,227.62,,,127.66,4,510.64,99.65,,,57.41,,,71.37,8,570.96,202.20,,,114.58,,,47.98,,,0.90246,1865,0.7685,,1683,-0.26,1683,1700,-17
10/15/2020,72.04,,,120.71,,,79.71,2,159.42,111.30,2,222.60,77.77,,,49.99,8,399.92,229.64,,,129.00,4,516.00,97.51,,,57.41,,,70.09,8,560.72,199.55,,,115.27,,,48.18,,,0.90733,1859,0.77507,,1686,-0.26,1687,1700,-14
10/16/2020,73.20,,,119.02,,,80.31,2,160.62,111.80,2,223.60,78.39,,,50.03,8,400.24,229.37,,,128.00,4,512.00,96.52,,,56.65,,,70.61,8,564.88,200.26,,,115.87,,,48.24,,,0.9071,1861,0.7741,,1688,-0.26,1689,1700,-12
10/19/2020,73.00,,,115.98,,,79.21,2,158.42,111.13,2,222.26,76.50,,,49.62,8,396.96,226.00,,,127.43,4,509.72,95.78,,,55.13,,,69.53,8,556.24,196.97,,,113.70,,,47.65,,,0.90879,1844,0.77228,,1675,-0.26,1676,1700,-25
10/20/2020,72.24,,,117.51,,,79.83,2,159.66,112.04,2,224.08,77.55,,,50.25,8,402.00,227.45,,,128.49,4,513.96,94.59,,,54.93,,,70.27,8,562.16,197.70,,,114.31,,,47.97,,,0.91317,1862,0.77196,,1700,-0.26,1700,1700,0
10/21/2020,71.76,,,116.87,,,80.20,2,160.40,104.98,2,209.96,79.30,,,49.99,8,399.92,228.19,,,129.43,4,517.72,93.60,,,54.98,,,69.28,8,554.24,198.43,,,114.17,,,48.13,,,0.90258,1842,0.7615,,1663,-0.26,1663,1700,-37
10/22/2020,71.62,,,115.75,,,79.29,2,158.58,104.55,2,209.10,80.33,,,50.68,8,405.44,229.15,,,130.02,4,520.08,94.39,,,56.02,,,69.27,8,554.16,197.99,,,115.77,,,47.85,,,0.90337,1847,0.76464,,1669,-0.26,1669,1700,-31
10/23/2020,71.34,,,115.04,,,79.34,2,158.68,105.07,2,210.14,81.65,,,50.52,8,404.16,228.71,,,129.99,4,519.96,94.62,,,57.02,,,68.99,8,551.92,198.01,,,116.70,,,47.95,,,0.90613,1845,0.7664597,,1672,-0.26,1672,1700,-29
10/26/2020,70.44,,,115.05,,,78.69,2,157.38,102.09,2,204.18,79.21,,,49.80,8,398.40,224.27,,,128.37,4,513.48,93.84,,,55.00,,,68.36,8,546.88,193.07,,,113.40,,,47.39,,,0.90725,1820,0.7683,,1651,-0.26,1652,1700,-49
10/27/2020,70.66,,,116.60,,,78.85,2,157.70,102.07,2,204.14,79.94,,,49.90,8,399.20,222.97,,,127.99,4,511.96,93.80,,,54.13,,,68.61,8,548.88,190.06,,,110.63,,,47.62,,,0.90409,1822,0.76735,,1647,-0.26,1647,1800,-153
10/28/2020,69.58,,,111.20,,,76.86,2,153.72,100.01,2,200.02,75.54,,,47.96,8,383.68,214.69,,,122.08,4,488.32,91.57,,,51.35,,,65.66,8,525.28,180.87,,,106.96,,,46.68,,,0.9042,1751,0.76983,,1583,-0.26,1584,1800,-217
10/29/2020,69.80,,,115.32,,,76.67,2,153.34,100.53,2,201.06,77.84,,,48.02,8,384.16,214.95,,,122.86,4,491.44,91.06,,,51.73,,,64.91,8,519.28,184.87,,,107.55,,,46.64,,,0.90305,1749,0.77328,,1580,-0.26,1580,1800,-221
10/30/2020,69.58,,,108.86,,,78.89,2,157.78,99.45,2,198.90,80.81,,,48.06,8,384.48,213.00,,,120.08,4,480.32,91.90,,,50.80,,,63.93,10,639.30,181.71,,,107.91,,,46.25,,,0.8999,1861,0.7722604,,1675,-0.72,1675,1800,-126
11/02/2020,71.14,,,108.77,,,80.16,2,160.32,102.47,2,204.94,81.22,,,48.62,8,388.96,212.56,,,122.39,4,489.56,94.40,,,51.74,,,65.04,10,650.40,184.74,,,110.67,,,46.80,,,0.9006,1894,0.7737602,,1706,-0.72,1707,1800,-95
11/03/2020,72.88,,,110.44,,,83.11,2,166.22,104.91,2,209.82,82.28,,,49.35,8,394.80,216.80,,,124.59,4,498.36,94.47,,,53.99,,,66.33,10,663.30,188.34,,,114.71,,,47.59,,,0.8963,1933,0.7621,,1732,-0.72,1733,1800,-69
11/04/2020,76.08,,,114.95,,,83.86,2,167.72,101.99,2,203.98,87.29,,,49.17,8,393.36,214.87,,,127.34,4,509.36,95.86,,,53.25,,,67.70,10,677.00,193.97,,,116.05,,,47.32,,,0.90473,1951,0.7712,,1766,-0.72,1766,1800,-35
11/05/2020,77.78,,,119.03,,,83.01,2,166.02,104.53,2,209.06,88.13,,,49.44,8,395.52,216.31,,,129.70,4,518.80,97.29,,,54.61,,,68.47,10,684.70,197.64,,,119.69,,,47.82,,,0.89935,1974,0.76107,,1775,-0.72,1776,1800,-25
11/06/2020,76.72,,,118.69,,,83.03,2,166.06,105.14,2,210.28,87.99,,,49.45,8,395.60,216.56,,,128.90,4,515.60,97.91,,,53.94,,,69.11,10,691.10,198.47,,,119.28,,,48.59,,,0.90233,1979,0.7598784,,1785,-0.72,1786,1800,-15
11/09/2020,74.86,,,116.32,,,81.78,2,163.56,107.92,2,215.84,88.07,,,52.57,8,420.56,213.22,,,128.95,4,515.80,90.39,,,60.90,,,68.88,10,688.80,212.68,,,120.96,,,47.85,,,0.89783,2005,0.75932,,1800,-0.72,1800,1800,-1
11/10/2020,73.74,,,115.97,,,83.35,2,166.70,109.09,2,218.18,86.89,,,53.98,8,431.84,213.32,,,127.71,4,510.84,92.65,,,62.26,,,69.66,10,696.60,213.31,,,123.38,,,48.52,,,0.89116,2024,0.75406,,1804,-0.72,1805,1800,3
11/11/2020,74.10,,,119.49,,,84.93,2,169.86,108.69,2,217.38,87.36,,,53.58,8,428.64,218.02,,,127.66,4,510.64,92.72,,,60.12,,,70.82,10,708.20,212.70,,,122.80,,,49.33,,,0.89073,2035,0.75619,,1812,-0.72,1813,1800,12
11/12/2020,74.14,,,119.21,,,84.73,2,169.46,107.80,2,215.60,87.14,,,53.01,8,424.08,213.07,,,126.64,4,506.56,94.68,,,59.40,,,70.55,10,705.50,208.26,,,121.09,,,49.41,,,0.8998,2021,0.7621,,1819,-0.72,1819,1800,18
11/13/2020,73.48,,,119.26,,,85.36,2,170.72,108.52,2,217.04,88.61,,,53.45,11,587.95,213.28,,,128.28,4,513.12,95.66,,,59.63,,,70.57,10,705.70,210.48,,,121.92,,,50.18,,,0.89417,2195,0.7575758,,1962,-1.18,1963,1900,61
11/16/2020,70.92,,,120.30,,,85.93,2,171.86,109.20,2,218.40,88.70,,,53.85,11,592.35,216.73,,,130.11,4,520.44,95.90,,,61.09,,,68.61,10,686.10,212.70,,,121.99,,,50.81,,,0.8968,2189,0.75631,,1963,-1.18,1964,1900,62
11/17/2020,70.10,,,119.39,,,85.35,2,170.70,108.82,2,217.64,88.08,,,53.68,11,590.48,216.01,,,132.21,4,528.84,94.93,,,61.14,,,67.82,10,678.20,210.71,,,121.30,,,49.79,,,0.8949,2186,0.7542,,1956,-0.62,1957,1900,56
11/18/2020,70.48,,,118.03,,,84.61,2,169.22,108.91,2,217.82,87.03,,,52.61,11,578.71,215.52,,,131.63,4,526.52,94.45,,,62.28,,,66.90,10,669.00,207.83,,,120.53,,,49.70,,,0.89366,2161,0.75435,,1931,-0.62,1932,1900,31
11/19/2020,71.14,,,118.64,,,85.38,2,170.76,109.34,2,218.68,87.93,,,53.13,11,584.43,215.11,,,131.91,4,527.64,94.27,,,61.56,,,66.58,10,665.80,207.57,,,120.58,,,50.71,,,0.8956,2167,0.75476,,1941,-0.62,1942,1900,40
11/20/2020,72.28,,,117.34,,,85.16,2,170.32,108.72,2,217.44,86.82,,,52.67,11,579.37,214.09,,,132.98,4,531.92,93.14,,,60.68,,,66.65,10,666.50,203.88,,,120.35,,,50.08,,,0.89144,2166,0.752587,,1930,-0.62,1931,1900,30
11/23/2020,70.90,,,113.85,,,84.54,2,169.08,109.00,2,218.00,86.38,,,52.68,11,579.48,217.00,,,134.13,4,536.52,92.93,,,61.80,,,65.53,10,655.30,208.16,,,120.11,,,50.31,,,0.88849,2158,0.75024,,1918,1.86,1916,1900,20
11/24/2020,69.88,,,115.17,,,84.71,2,169.42,110.84,2,221.68,88.20,,,53.22,11,585.42,219.71,,,134.70,4,538.80,88.63,,,64.33,,,65.37,10,653.70,209.68,,,120.43,,,50.45,,,0.89031,2169,0.74832,,1931,1.86,1929,1900,33
11/25/2020,69.70,,,116.03,,,84.75,2,169.50,110.39,2,220.78,88.21,,,52.93,11,582.23,219.34,,,135.54,4,542.16,89.40,,,62.80,,,68.94,10,689.40,210.89,,,119.64,,,50.61,,,0.8901,2204,0.74708,,1962,1.86,1960,1900,64
11/27/2020,69.76,,,116.59,,,84.90,2,169.80,109.34,2,218.68,89.35,,,52.70,11,579.70,218.33,,,134.25,4,537.00,88.43,,,63.22,,,68.07,10,680.70,211.00,,,119.19,,,50.53,,,0.8981,2186,0.7507,,1963,1.86,1961,1900,65
11/30/2020,70.30,,,119.05,,,85.64,2,171.28,107.05,2,214.10,87.72,,,51.60,11,567.60,217.44,,,134.70,4,538.80,87.11,,,63.51,,,68.69,10,686.90,210.35,,,119.13,,,50.93,,,0.89505,2179,0.7498,,1950,1.86,1948,1900,52
12/01/2020,69.74,,,122.72,,,86.26,4,345.04,106.58,2,213.16,89.77,,,52.04,11,572.44,216.14,,,135.44,4,541.76,89.16,,,64.88,,,67.24,10,672.40,211.20,,,119.64,,,50.88,,,0.89931,2345,0.74501,,2109,1.40,2107,2000,110
12/02/2020,68.78,,,123.08,,,85.74,4,342.96,106.47,2,212.94,91.25,,,52.11,11,573.21,210.86,,,135.58,4,542.32,89.20,,,65.00,,,66.50,10,665.00,210.18,,,117.13,,,50.17,,,0.90602,2336,0.7479,,2117,1.40,2115,2000,118
12/03/2020,68.16,,,122.94,,,85.19,4,340.76,106.85,2,213.70,91.09,,,52.78,11,580.58,211.51,,,136.96,4,547.84,88.30,,,65.91,,,65.23,10,652.30,208.05,,,117.14,,,49.77,,,0.90266,2335,0.74322,,2108,1.40,2106,2000,109
12/04/2020,68.50,,,122.25,,,85.03,4,340.12,108.81,2,217.62,91.19,,,53.85,11,592.35,210.74,,,137.19,4,548.76,89.52,,,66.63,,,65.78,10,657.80,212.68,,,117.54,,,49.64,,,0.90045,2357,0.7441584,,2122,1.40,2121,2000,123
12/07/2020,67.68,,,123.75,,,85.39,4,341.56,109.07,2,218.14,90.85,,,52.99,11,582.89,208.89,,,138.75,4,555.00,90.25,,,65.88,,,65.25,10,652.50,212.65,,,116.77,,,49.37,,,0.90682,2350,0.74865,,2131,1.40,2130,2000,133
12/08/2020,69.58,,,124.38,,,85.17,4,340.68,108.75,2,217.50,90.57,,,53.18,11,584.98,208.39,,,139.12,4,556.48,92.84,,,65.42,,,65.89,10,658.90,212.77,,,116.75,,,49.82,,,0.9058,2359,0.74819,,2136,1.40,2135,2000,138
12/09/2020,69.42,,,121.78,,,84.75,4,339.00,110.65,2,221.30,88.89,,,53.33,11,586.63,208.69,,,138.79,4,555.16,93.60,,,66.72,,,66.07,10,660.70,209.58,,,116.58,,,49.42,,,0.90355,2363,0.74811,,2135,1.40,2133,2000,136
12/10/2020,68.74,,,123.24,,,84.59,4,338.36,109.95,2,219.90,88.38,,,53.05,11,583.55,208.04,,,137.58,4,550.32,94.20,,,66.52,,,65.94,10,659.40,207.61,,,114.94,,,49.01,,,0.91266,2352,0.75156,,2146,1.40,2145,2000,148
12/11/2020,68.82,,,122.41,,,84.68,4,338.72,110.40,2,220.80,88.74,,,53.35,11,586.85,207.76,,,137.41,4,549.64,94.39,,,66.06,,,66.36,10,663.60,206.24,,,115.41,,,49.00,,,0.9158,2360,0.7559722,,2161,1.40,2160,2000,162
12/14/2020,68.16,,,121.78,,,84.19,4,336.76,109.13,2,218.26,87.61,,,53.27,11,585.97,211.92,,,136.28,4,545.12,94.10,,,65.34,,,65.43,10,654.30,207.25,,,114.78,,,48.55,,,0.91134,2340,0.75014,,2133,1.40,2132,2000,134
12/15/2020,67.72,,,127.88,,,84.75,4,339.00,110.71,2,221.42,88.05,,,53.84,11,592.24,214.86,,,139.39,4,557.56,96.69,,,66.74,,,65.61,10,656.10,208.36,,,116.78,,,48.53,,,0.90395,2366,0.7438,,2139,1.40,2138,2000,140
12/16/2020,68.24,,,127.81,,,85.04,4,340.16,110.21,2,220.42,87.86,,,53.06,11,583.66,213.80,,,138.34,4,553.36,96.36,,,66.62,,,66.80,10,668.00,208.27,,,116.08,,,48.48,,,0.90315,2366,0.74058,,2136,1.40,2135,2000,138
12/17/2020,68.36,,,128.70,,,85.66,4,342.64,111.15,2,222.30,87.03,,,53.27,11,585.97,214.25,,,140.50,4,562.00,96.31,,,67.51,,,66.67,10,666.70,211.18,,,117.51,,,48.70,,,0.90359,2380,0.73691,,2150,4.23,2146,2000,154
12/18/2020,69.36,,,126.66,,,85.93,4,343.72,110.67,2,221.34,86.31,,,53.74,11,591.14,215.08,,,137.28,4,549.12,96.95,,,67.70,,,66.14,10,661.40,211.31,,,117.41,,,48.65,,,0.9057,2367,0.7394262,,2144,4.23,2139,2000,148
12/21/2020,68.68,,,128.23,,,85.31,4,341.24,109.19,2,218.38,86.73,,,52.81,11,580.91,211.67,,,144.02,4,576.08,97.94,,,67.24,,,65.33,10,653.30,209.01,,,116.51,,,48.66,,,0.9099,2370,0.74352,,2156,4.23,2152,2000,161
12/22/2020,69.10,,,131.88,,,84.40,4,337.60,108.87,2,217.74,86.01,,,52.76,11,580.36,211.92,,,142.45,4,569.80,97.99,,,66.97,,,65.27,10,652.70,205.84,,,117.92,,,48.07,,,0.90936,2358,0.7463,,2144,4.23,2140,2000,149
12/23/2020,68.80,,,130.96,,,84.43,4,337.72,108.92,2,217.84,86.41,,,53.08,11,583.88,212.02,,,141.76,4,567.04,97.51,,,67.34,,,65.69,10,656.90,205.30,,,116.25,,,47.74,,,0.90267,2363,0.74045,,2133,4.23,2129,2000,138
12/24/2020,68.66,,,131.97,,,85.04,4,340.16,109.72,2,219.44,86.71,,,53.44,11,587.84,211.39,,,141.60,4,566.40,98.31,,,66.98,,,66.02,10,660.20,208.70,,,117.00,,,47.83,,,0.89743,2374,0.7378985,,2131,4.23,2126,2000,135
12/28/2020,69.38,,,136.69,,,85.41,4,341.64,110.69,2,221.38,88.70,,,54.16,11,595.76,214.02,,,142.43,4,569.72,98.12,,,68.40,,,66.48,10,664.80,212.63,,,118.09,,,48.41,,,0.90726,2393,0.74261,,2171,4.23,2167,2000,176
12/29/2020,70.50,,,134.87,,,85.03,4,340.12,110.08,2,220.16,87.89,,,54.13,11,595.43,212.71,,,141.57,4,566.28,97.69,,,67.99,,,67.65,10,676.50,214.37,,,116.82,,,48.10,,,0.90759,2398,0.7407462,,2177,4.23,2173,2000,181
12/30/2020,69.90,,,133.72,,,84.73,4,338.92,109.44,2,218.88,86.81,,,54.44,11,598.84,211.56,,,141.58,4,566.32,97.41,,,68.30,,,68.51,10,685.10,218.36,,,116.93,,,48.06,,,0.90236,2408,0.73364,,2173,4.23,2169,2000,177
12/31/2020,69.06,,,132.69,,,85.51,4,342.04,109.85,2,219.70,87.63,,,54.84,11,603.24,214.58,,,141.47,4,565.88,98.88,,,68.29,,,67.91,10,679.10,218.73,,,117.93,,,48.05,,,0.88492,2410,0.7313684,,2133,4.91,2128,2000,138
01/04/2021,70.86,,,129.41,,,84.33,4,337.32,109.58,2,219.16,86.31,,,52.76,11,580.36,210.22,,,140.10,4,560.40,97.13,,,66.81,,,68.10,10,681.00,217.76,,,114.83,,,48.84,,,0.9026,2378,0.7368328,,2147,5.32,2141,2000,152
01/05/2021,69.68,,,131.01,,,84.52,4,338.08,111.05,2,222.10,87.00,,,52.18,11,573.98,211.48,,,141.23,4,564.92,96.95,,,66.72,,,68.13,10,681.30,214.51,,,115.21,,,48.58,,,0.90241,2380,0.7337,,2148,5.32,2143,2000,153
01/06/2021,69.72,,,126.60,,,82.25,4,329.00,112.97,2,225.94,86.14,,,50.52,11,555.72,211.00,,,142.35,4,569.40,98.79,,,69.65,,,68.23,10,682.30,212.62,,,117.76,,,48.89,,,0.90558,2362,0.73393,,2139,5.32,2134,2000,145
01/07/2021,69.68,,,130.92,,,81.80,4,327.20,113.73,2,227.46,88.72,,,49.96,11,549.56,211.98,,,144.95,4,579.80,94.74,,,69.90,,,67.30,10,673.00,213.81,,,118.05,,,48.88,,,0.90416,2357,0.73694,,2131,5.32,2126,2000,136
01/08/2021,70.66,,,132.05,,,82.35,4,329.40,116.06,2,232.12,89.89,,,51.08,11,561.88,215.87,,,146.35,4,585.40,94.50,,,70.22,,,68.10,10,681.00,215.45,,,118.60,,,48.88,,,0.899,2390,0.73714,,2148,5.32,2143,2000,154
01/11/2021,70.24,,,128.98,,,82.14,4,328.56,114.05,2,228.10,87.81,,,50.20,11,552.20,214.23,,,147.05,4,588.20,95.09,,,68.37,,,66.96,10,669.60,212.89,,,117.04,,,49.10,,,0.8991,2367,0.73942,,2128,5.32,2123,2000,133
01/12/2021,68.84,,,128.80,,,82.26,4,329.04,114.07,2,228.14,86.87,,,50.11,11,551.21,211.60,,,145.05,4,580.20,95.07,,,68.40,,,66.48,10,664.80,208.86,,,116.40,,,49.66,,,0.89308,2353,0.7315,,2102,5.32,2096,2000,107
01/13/2021,69.60,,,130.89,,,82.49,4,329.96,113.65,2,227.30,87.36,,,50.16,11,551.76,212.09,,,143.04,4,572.16,94.93,,,68.13,,,66.57,10,665.70,209.35,,,116.21,,,49.15,,,0.891,2347,0.73264,,2091,5.32,2086,2000,96
01/14/2021,69.72,,,128.91,,,81.94,4,327.76,112.37,2,224.74,86.55,,,49.23,11,541.53,208.50,,,141.30,4,565.20,93.45,,,68.02,,,67.32,10,673.20,201.86,,,114.64,,,48.99,,,0.88796,2332,0.7308,,2071,5.32,2066,2000,76
01/15/2021,70.10,,,127.14,,,81.88,4,327.52,111.58,2,223.16,86.38,,,48.70,11,535.70,209.91,,,140.72,4,562.88,94.80,,,68.46,,,67.14,10,671.40,201.59,,,114.72,,,48.21,,,0.8891,2321,0.7359381,,2063,5.32,2058,2000,69
01/19/2021,70.02,,,127.83,,,80.85,4,323.40,109.68,2,219.36,89.22,,,48.51,11,533.61,209.09,,,139.27,4,557.08,96.19,,,67.18,,,66.80,10,668.00,201.66,,,115.01,,,47.80,,,0.8896,2301,0.73291,,2047,5.32,2042,2000,53
01/20/2021,70.14,,,132.03,,,80.20,4,320.80,110.13,2,220.26,94.00,,,48.68,11,535.48,213.63,,,142.80,4,571.20,96.06,,,68.29,,,66.99,10,669.90,206.01,,,115.05,,,48.50,,,0.88635,2318,0.73161,,2054,5.32,2049,2000,60
01/21/2021,69.80,,,136.87,,,79.28,4,317.12,108.26,2,216.52,94.21,,,48.95,11,538.45,213.53,,,141.61,4,566.44,94.26,,,68.06,,,67.41,10,674.10,205.14,,,114.58,,,48.28,,,0.88601,2313,0.72836,,2049,5.32,2044,2000,54
01/22/2021,69.74,,,139.07,,,78.19,4,312.76,106.62,2,213.24,94.63,,,48.49,11,533.39,213.38,,,139.35,4,557.40,92.31,,,66.91,,,67.12,10,671.20,202.02,,,115.36,,,48.78,,,0.88362,2288,0.7308339,,2022,5.32,2016,2000,27
01/25/2021,69.72,,,142.92,,,78.61,4,314.44,107.99,2,215.98,94.71,,,48.78,11,536.58,213.34,,,137.55,4,550.20,92.42,,,65.68,,,68.59,10,685.90,200.98,,,114.19,,,48.73,,,0.888,2303,0.7310476,,2045,5.32,2040,2000,50
01/26/2021,69.32,,,143.16,,,78.75,4,315.00,107.19,2,214.38,95.40,,,49.29,11,542.19,215.38,,,135.10,4,540.40,91.72,,,64.47,,,68.51,10,685.10,202.01,,,113.95,,,49.17,,,0.88509,2297,0.72772,,2033,5.32,2028,2000,38
01/27/2021,69.80,,,142.06,3,426.18,78.03,4,312.12,101.32,2,202.64,90.95,,,48.53,12,582.36,207.00,,,131.02,4,524.08,87.04,,,63.93,,,66.76,10,667.60,194.97,,,110.96,,,47.95,,,0.88538,2715,0.73156,,2404,4.43,2399,2350,58
01/28/2021,69.78,,,137.09,3,411.27,79.15,4,316.60,104.02,2,208.04,92.66,,,49.15,12,589.80,206.82,,,134.72,4,538.88,88.49,,,65.49,,,66.47,10,664.70,198.22,,,112.11,,,47.92,,,0.8831,2729,0.7285974,,2410,4.43,2406,2350,65
01/29/2021,68.44,,,131.96,3,395.88,78.00,4,312.00,101.17,2,202.34,91.37,,,48.15,12,577.80,207.84,,,133.59,4,534.36,87.19,,,64.04,,,65.63,10,656.30,193.25,,,111.32,,,46.83,,,0.87868,2679,0.7291819,,2354,4.43,2349,2350,8
02/01/2021,69.74,,,134.14,3,402.42,78.52,4,314.08,102.42,2,204.84,94.65,,,48.48,12,581.76,207.93,,,135.71,4,542.84,86.19,,,64.07,,,65.68,10,656.80,198.36,,,112.09,,,46.42,,,0.88233,2703,0.73106,,2385,-2.22,2387,2350,32
02/02/2021,71.00,,,134.99,3,404.97,78.85,4,315.40,105.68,2,211.36,95.96,,,48.96,12,587.52,209.76,,,139.59,4,558.36,86.75,,,65.83,,,66.04,10,660.40,202.61,,,113.00,,,46.92,,,0.88123,2738,0.7321,,2413,-2.22,2415,2350,61
02/03/2021,69.86,,,133.94,3,401.82,78.88,4,315.52,104.62,2,209.24,102.94,,,48.77,12,585.24,208.71,,,138.63,4,554.52,86.96,,,66.73,,,66.71,10,667.10,201.36,,,112.22,,,47.07,,,0.8823,2733,0.73265,,2412,-2.22,2414,2350,59
02/04/2021,69.76,,,137.39,3,412.17,78.93,4,315.72,104.39,2,208.78,102.68,,,49.01,12,588.12,211.03,,,140.63,4,562.52,88.14,,,68.58,,,62.83,10,628.30,209.25,,,113.08,,,47.51,,,0.87495,2716,0.7312,,2376,-2.22,2378,2350,24
02/05/2021,68.76,,,136.76,3,410.28,79.87,4,319.48,106.11,2,212.22,104.44,,,49.65,12,595.80,212.58,,,145.11,4,580.44,87.47,,,68.33,,,61.90,10,619.00,208.77,,,113.73,,,48.12,,,0.87334,2737,0.727908,,2391,-2.22,2393,2350,38
02/08/2021,68.68,,,136.91,3,410.73,79.70,4,318.80,106.37,2,212.74,104.23,,,49.92,12,599.04,211.58,,,143.41,4,573.64,86.17,,,69.97,,,61.90,10,619.00,206.89,,,114.38,,,48.34,,,0.87676,2734,0.7275,,2397,-2.22,2399,2350,45
02/09/2021,69.18,,,136.01,3,408.03,78.70,4,314.80,107.21,2,214.42,103.77,,,49.70,12,596.40,215.98,,,141.79,4,567.16,86.27,,,69.00,,,61.29,10,612.90,206.52,,,113.55,,,48.61,,,0.87691,2714,0.7236937,,2380,-2.22,2382,2350,27
02/10/2021,68.58,,,135.39,3,406.17,79.11,4,316.44,106.57,2,213.14,104.32,,,49.60,12,595.20,214.40,,,142.46,4,569.84,85.53,,,68.60,,,61.03,10,610.30,206.44,,,113.69,,,48.04,,,0.87607,2711,0.72293,,2375,-2.22,2377,2350,23
02/11/2021,69.14,,,135.13,3,405.39,78.41,4,313.64,108.18,2,216.36,104.44,,,50.30,12,603.60,214.27,,,143.54,4,574.16,86.37,,,69.02,,,61.14,10,611.40,210.66,,,113.22,,,48.01,,,0.87817,2725,0.7241,,2393,-2.22,2395,2350,40
02/12/2021,70.46,,,135.37,3,406.11,78.43,4,313.72,110.62,2,221.24,104.75,,,50.69,12,608.28,213.90,,,142.12,4,568.48,86.27,,,68.00,,,61.93,10,619.30,209.96,,,113.25,,,48.16,,,0.8753,2737,0.7223,,2396,-2.22,2398,2350,44
02/16/2021,70.60,,,133.19,3,399.57,78.19,4,312.76,110.13,2,220.26,105.54,,,50.27,12,603.24,215.03,,,141.71,4,566.84,85.13,,,67.50,,,62.71,10,627.10,207.90,,,112.60,,,48.55,,,0.8705,2730,0.72004,,2376,-1.84,2378,2350,24
02/17/2021,70.16,,,130.84,3,392.52,78.44,4,313.76,108.93,2,217.86,105.93,,,50.13,12,601.56,213.45,,,143.99,4,575.96,86.25,,,66.83,,,61.94,10,619.40,207.51,,,112.21,,,49.07,,,0.86867,2721,0.72117,,2364,-0.77,2364,2350,13
02/18/2021,70.02,,,129.71,5,648.55,78.72,4,314.88,108.02,3,324.06,105.29,,,50.77,12,609.24,215.43,,,145.09,6,870.54,88.10,,,68.30,,,62.57,11,688.27,209.35,,,113.43,,,45.89,,,0.86565,3456,0.71595,,2991,-2.51,2994,2850,139
02/19/2021,69.50,,,129.87,5,649.35,77.20,4,308.80,109.08,3,327.24,104.44,,,50.11,12,601.32,212.24,,,142.02,6,852.12,87.06,,,67.69,,,61.18,11,672.98,204.73,,,111.63,,,46.11,,,0.85898,3412,0.7138268,,2931,-2.51,2933,2850,78
02/22/2021,68.52,,,126.00,5,630.00,77.27,4,309.08,107.38,3,322.14,102.71,,,50.63,12,607.56,212.06,,,136.67,6,820.02,87.79,,,69.55,,,61.10,11,672.10,208.32,,,110.56,,,45.90,,,0.86458,3361,0.71067,,2906,-2.51,2908,2850,53
02/23/2021,68.14,,,125.86,5,629.30,77.49,4,309.96,108.91,3,326.73,103.01,,,50.54,12,606.48,211.32,,,136.13,6,816.78,89.75,,,70.23,,,62.35,11,685.85,212.11,,,109.92,,,45.16,,,0.8607,3375,0.7082,,2905,-2.51,2907,2850,52
02/24/2021,63.88,,,125.35,5,626.75,76.64,4,306.56,110.66,3,331.98,104.19,,,50.71,12,608.52,213.27,,,135.65,6,813.90,87.74,,,69.86,,,61.04,11,671.44,219.43,,,111.87,,,44.40,,,0.8602,3359,0.7068,,2890,-2.51,2892,2850,37
02/25/2021,65.52,,,120.99,5,604.95,76.69,4,306.76,110.66,3,331.98,100.80,,,50.17,12,602.04,210.95,,,135.54,6,813.24,87.11,,,67.68,,,60.54,11,665.94,213.75,,,112.27,,,43.98,,,0.8679,3325,0.71387,,2886,-2.51,2888,2850,33
02/26/2021,65.68,,,121.26,5,606.30,75.20,4,300.80,109.32,3,327.96,101.10,,,48.99,12,587.88,206.14,,,134.78,6,808.68,85.95,,,65.99,,,58.57,11,644.27,212.39,,,110.89,,,43.31,,,0.86262,3276,0.7178751,,2826,-2.51,2828,2850,-27
03/01/2021,65.98,,,127.79,5,638.95,75.60,4,302.40,111.90,3,335.70,103.48,,,49.90,12,598.80,208.25,,,137.65,6,825.90,87.64,,,67.25,,,59.22,11,651.42,216.63,,,112.48,,,43.79,,,0.86477,3353,0.7179,,2900,-2.51,2902,2850,47
03/02/2021,66.74,,,125.12,5,625.60,75.42,4,301.68,111.95,3,335.85,103.22,,,50.10,12,601.20,208.67,,,137.02,6,822.12,88.71,,,66.21,,,59.92,11,659.12,215.77,,,114.33,,,43.37,,,0.86599,3346,0.71659,,2897,-2.51,2900,2850,45
03/03/2021,66.08,,,122.06,5,610.30,74.61,4,298.44,111.47,3,334.41,100.57,,,49.98,12,599.76,205.82,,,134.26,6,805.56,88.86,,,63.66,,,60.12,11,661.32,214.85,,,113.97,,,42.53,,,0.86523,3310,0.71803,,2864,-2.51,2866,2850,11
03/04/2021,66.68,,,120.13,5,600.65,74.44,4,297.76,108.97,3,326.91,101.70,,,49.94,12,599.28,204.84,,,132.04,6,792.24,86.99,,,62.55,,,60.17,11,661.87,211.50,,,115.52,,,42.51,,,0.86131,3279,0.71973,,2824,-2.51,2826,2850,-29
03/05/2021,66.06,,,121.42,5,607.10,76.06,4,304.24,112.37,3,337.11,104.85,,,50.79,12,609.48,207.37,,,133.35,6,800.10,89.56,,,62.72,,,60.77,11,668.47,215.41,,,118.68,,,43.04,,,0.86068,3327,0.7225434,,2863,-2.51,2866,2850,11
03/08/2021,67.36,,,116.36,5,581.80,76.45,4,305.80,113.35,3,340.05,100.38,,,51.64,12,619.68,209.11,,,134.56,6,807.36,91.02,,,65.18,,,60.73,11,668.03,220.27,,,121.73,,,42.63,,,0.85731,3323,0.7234,,2849,-2.51,2851,2850,-4
03/09/2021,68.36,,,121.09,5,605.45,74.94,4,299.76,112.92,3,338.76,102.02,,,50.86,12,610.32,208.55,,,135.95,6,815.70,90.18,,,66.08,,,60.87,11,669.57,220.36,,,119.60,,,42.96,,,0.8566,3340,0.71992,,2861,-2.51,2863,2850,8
03/10/2021,69.08,,,119.98,5,599.90,75.80,4,303.20,114.42,3,343.26,101.81,,,51.44,12,617.28,213.31,,,137.59,6,825.54,92.22,,,65.60,,,61.68,11,678.48,223.17,,,121.69,,,44.06,,,0.8558,3368,0.7178,,2882,-2.51,2885,2850,30
03/11/2021,68.62,,,121.96,5,609.80,75.27,4,301.08,115.27,3,345.81,105.03,,,50.88,12,610.56,211.57,,,141.19,6,847.14,92.79,,,66.08,,,61.41,11,675.51,226.15,,,120.00,,,44.04,,,0.85655,3390,0.7148,,2904,-2.51,2906,2850,51
03/12/2021,68.26,,,121.03,5,605.15,75.51,4,302.04,115.69,3,347.07,102.50,,,50.36,12,604.32,212.34,,,140.45,6,842.70,93.04,,,66.84,,,62.02,11,682.22,224.36,,,121.79,,,44.71,,,0.85721,3384,0.7183,,2900,-2.51,2903,2850,48
03/15/2021,69.50,,,123.99,5,619.95,75.68,4,302.72,116.69,3,350.07,102.72,,,51.03,12,612.36,220.46,,,144.94,6,869.64,93.38,,,68.02,,,62.04,11,682.44,223.27,,,122.62,,,44.48,,,0.858,3437,0.71947,,2949,-2.51,2952,2850,97
03/16/2021,70.18,,,125.57,5,627.85,75.86,4,303.44,117.56,3,352.68,104.19,,,51.22,12,614.64,219.86,,,144.65,6,867.90,93.37,,,66.72,,,63.12,11,694.32,224.70,,,122.91,,,44.46,,,0.8561,3461,0.71931,,2963,-2.51,2965,2850,110
03/17/2021,70.14,,,124.76,5,623.80,75.80,4,303.20,118.06,3,354.18,104.11,,,51.24,12,614.88,224.11,,,144.82,6,868.92,91.10,,,67.34,,,62.72,11,689.92,223.02,,,118.99,,,44.09,,,0.85739,3455,0.71552,,2962,-2.51,2965,2850,110
03/18/2021,70.30,,,120.53,5,602.65,76.07,4,304.28,118.12,3,354.36,101.07,,,50.57,12,606.84,222.90,,,143.17,6,859.02,90.35,,,66.52,,,62.91,11,692.01,220.66,,,121.90,,,43.34,,,0.85586,3419,0.71813,,2926,-2.51,2929,2850,74
03/19/2021,70.52,,,119.99,5,599.95,74.98,4,299.92,116.82,3,350.46,101.35,,,50.81,12,609.72,222.44,,,137.49,6,824.94,90.94,,,66.61,,,62.09,11,682.99,206.90,,,121.57,,,43.91,,,0.86,3368,0.7209286,,2896,1.50,2895,2850,48
03/22/2021,71.02,,,123.39,5,616.95,75.77,4,303.08,113.16,3,339.48,101.53,,,51.00,12,612.00,225.07,,,138.27,6,829.62,90.13,,,66.50,,,62.63,11,688.93,208.00,,,123.37,,,44.12,,,0.86083,3390,0.72137,,2918,1.50,2917,2850,70
03/23/2021,72.04,,,122.54,5,612.70,77.75,4,311.00,113.86,3,341.58,102.07,,,51.39,12,616.68,224.37,,,137.12,6,822.72,90.75,,,64.53,,,63.02,11,693.22,208.15,,,124.10,,,44.65,,,0.86229,3398,0.72831,,2930,1.50,2928,3050,-119
03/24/2021,72.00,,,120.09,5,600.45,77.77,4,311.08,116.25,3,348.75,101.63,,,51.52,12,618.24,224.05,,,133.16,6,798.96,92.49,,,64.33,,,62.62,11,688.82,208.07,,,124.82,,,44.37,,,0.86241,3366,0.73052,,2903,1.50,2902,3050,-145
03/25/2021,72.58,,,120.59,7,844.13,77.89,4,311.56,116.18,3,348.54,101.62,,,52.02,12,624.24,224.20,,,128.64,6,771.84,94.23,,,65.08,,,62.98,11,692.78,207.97,,,127.43,,,44.67,,,0.85649,3593,0.72732,,3077,1.06,3076,3050,29
03/26/2021,72.70,,,121.21,7,848.47,79.22,4,316.88,116.84,3,350.52,101.24,,,53.04,12,636.48,225.21,,,132.99,6,797.94,95.25,,,66.04,,,63.21,11,695.31,213.53,,,129.80,,,45.04,,,0.8572,3646,0.7252632,,3125,1.06,3124,3050,76
03/29/2021,73.78,,,121.39,7,849.73,79.90,4,319.60,116.76,3,350.28,102.29,,,53.85,12,646.20,227.35,,,133.49,6,800.94,96.20,,,65.53,,,63.75,11,701.25,214.51,,,130.34,,,45.56,,,0.85434,3668,0.72595,,3134,1.06,3133,3050,85
03/30/2021,73.66,,,119.90,7,839.30,79.33,4,317.32,115.98,3,347.94,102.32,,,53.15,12,637.80,224.98,,,132.95,6,797.70,95.55,,,66.52,,,62.91,11,692.01,211.90,,,129.28,,,45.25,,,0.85279,3632,0.72745,,3097,1.06,3096,3050,48
03/31/2021,74.12,,,122.15,7,855.05,78.83,4,315.32,115.98,3,347.94,103.13,,,52.71,12,632.52,224.14,,,132.89,6,797.34,95.61,,,66.15,,,62.81,11,690.91,211.73,,,129.02,,,45.28,,,0.85065,3639,0.72536,,3096,1.06,3095,3050,47
04/01/2021,74.76,,,123.00,7,861.00,78.55,4,314.20,117.76,3,353.28,106.49,,,52.51,12,630.12,225.21,,,132.53,6,795.18,95.55,,,65.98,,,62.84,11,691.24,216.86,,,129.28,,,45.21,,,0.8512,3645,0.7228,,3103,1.06,3102,3050,54
04/05/2021,74.76,,,125.90,7,881.30,79.53,4,318.12,118.23,3,354.69,110.95,,,52.81,12,633.72,228.85,,,135.12,6,810.72,96.72,,,67.76,,,63.34,11,696.74,219.04,,,130.99,,,46.48,,,0.84931,3695,0.7187,,3138,5.96,3132,3050,94
04/06/2021,75.14,,,126.21,7,883.47,79.86,4,319.44,116.67,3,350.01,110.46,,,53.19,12,638.28,231.91,,,137.16,6,822.96,95.43,,,67.64,,,63.54,11,698.94,218.65,,,131.60,,,46.70,,,0.8587,3713,0.723,,3188,5.96,3182,3050,144
04/07/2021,75.00,,,127.90,7,895.30,79.62,4,318.48,116.60,3,349.80,111.95,,,53.28,12,639.36,232.61,,,136.54,6,819.24,95.86,,,67.78,,,63.78,11,701.58,219.27,,,132.41,,,46.60,,,0.864,3724,0.7276,,3217,5.96,3211,3050,173
04/08/2021,76.22,,,130.36,7,912.52,79.64,4,318.56,116.10,3,348.30,112.52,,,53.12,12,637.44,230.25,,,133.68,6,802.08,94.98,,,69.03,,,64.15,11,705.65,220.70,,,132.84,,,46.57,,,0.86739,3725,0.7281,,3231,5.96,3225,3050,187
04/09/2021,76.12,,,133.00,7,931.00,79.78,4,319.12,117.50,3,352.50,113.53,,,53.18,12,638.16,231.48,,,135.45,6,812.70,95.68,,,69.45,,,63.84,11,702.24,222.52,,,134.68,,,46.59,,,0.86144,3756,0.7293946,,3235,5.96,3229,3050,191
04/12/2021,76.22,,,131.24,7,918.68,80.16,4,320.64,117.01,3,351.03,112.23,,,53.35,12,640.20,230.96,,,136.64,6,819.84,96.43,,,69.52,,,63.97,11,703.67,221.47,,,134.47,,,46.60,,,0.866,3754,0.72707,,3251,5.96,3245,3050,207
04/13/2021,76.38,,,134.43,7,941.01,79.73,4,318.92,117.07,3,351.21,112.72,,,53.09,12,637.08,231.32,,,133.54,6,801.24,97.29,,,68.46,,,63.95,11,703.45,221.02,,,134.46,,,46.46,,,0.86872,3753,0.72676,,3260,5.96,3254,3050,216
04/14/2021,75.98,,,132.03,7,924.21,79.40,4,317.60,116.96,3,350.88,112.10,,,53.08,12,636.96,230.31,,,132.26,6,793.56,97.18,,,68.61,,,63.74,11,701.14,221.98,,,133.88,,,46.44,,,0.8697,3724,0.72573,,3239,6.89,3232,3050,196
04/15/2021,76.30,,,134.50,7,941.50,80.46,4,321.84,117.43,3,352.29,114.26,,,53.33,12,639.96,231.28,,,133.67,6,802.02,100.40,,,69.24,,,64.60,11,710.60,226.28,,,134.52,,,46.72,,,0.86826,3768,0.7254,,3272,6.89,3265,3050,229
04/16/2021,76.86,,,134.16,7,939.12,80.70,4,322.80,118.77,3,356.31,114.14,,,53.68,12,644.16,233.08,,,134.31,6,805.86,98.76,,,69.99,,,64.77,11,712.47,226.41,,,135.05,,,46.87,,,0.86354,3781,0.7225434,,3265,6.89,3258,3050,222
04/19/2021,76.78,,,134.84,7,943.88,80.37,4,321.48,118.13,3,354.39,114.49,,,54.00,12,648.00,231.81,,,132.57,6,795.42,99.29,,,69.00,,,64.89,11,713.79,225.79,,,134.43,,,46.57,,,0.8606,3777,0.7146,,3250,7.97,3242,3050,208
04/20/2021,76.88,,,133.11,7,931.77,81.33,4,325.32,110.15,3,330.45,113.95,,,54.17,12,650.04,233.01,,,127.11,6,762.66,99.79,,,67.75,,,65.04,11,715.44,223.28,,,134.87,,,46.93,,,0.86322,3716,0.71742,,3207,7.97,3199,3050,165
04/21/2021,77.12,,,133.50,7,934.50,81.15,4,324.60,110.97,3,332.91,113.92,,,54.61,12,655.32,232.26,,,129.90,6,779.40,101.21,,,68.48,,,64.92,11,714.12,227.45,,,135.56,,,47.07,,,0.86399,3741,0.71778,,3232,7.97,3224,3050,190
04/22/2021,77.44,,,131.94,7,923.58,81.05,4,324.20,109.91,3,329.73,112.63,,,54.44,12,653.28,232.96,,,129.18,6,775.08,100.15,,,69.17,,,64.31,11,707.41,227.57,,,134.75,,,46.56,,,0.86811,3713,0.72253,,3224,7.97,3216,3050,182
04/23/2021,77.08,,,134.32,7,940.24,79.79,4,319.16,108.86,3,326.58,115.00,,,54.47,12,653.64,234.58,,,130.19,6,781.14,100.76,,,70.39,,,63.99,11,703.89,230.00,,,135.50,,,46.63,,,0.86221,3725,0.7204611,,3211,7.97,3203,3050,169
04/26/2021,75.62,,,134.72,7,943.04,79.28,4,317.12,109.46,3,328.38,115.50,,,53.66,12,643.92,232.31,,,131.60,6,789.60,99.86,,,69.28,,,64.01,11,704.11,230.34,,,133.93,,,45.97,,,0.86927,3726,0.71965,,3239,7.97,3231,3050,197
04/27/2021,75.60,,,134.39,7,940.73,78.56,4,314.24,108.00,3,324.00,114.55,,,53.58,12,642.96,234.98,,,132.11,6,792.66,99.91,,,69.80,,,63.55,11,699.05,229.91,,,135.06,,,46.13,,,0.8694,3714,0.71924,,3229,7.97,3221,3250,-13
04/28/2021,75.62,,,133.58,7,935.06,78.77,4,315.08,108.99,3,326.97,117.95,,,53.59,12,643.08,232.41,,,130.71,6,784.26,100.36,,,69.95,,,63.89,11,702.79,233.45,,,136.23,,,45.96,,,0.8694,3707,0.7165,,3223,7.97,3215,3250,-19
04/29/2021,75.20,,,133.48,7,934.36,79.82,4,319.28,108.30,3,324.90,119.64,,,54.26,12,651.12,235.21,,,133.26,6,799.56,101.95,,,71.42,,,66.29,11,729.19,236.86,,,137.18,,,46.54,,,0.8691,3758,0.7167,,3266,7.97,3258,3250,24
04/30/2021,75.26,,,131.46,7,920.22,80.70,4,322.80,107.65,3,322.95,117.68,,,53.98,12,647.76,236.08,,,132.62,6,795.72,100.74,,,71.00,,,66.06,11,726.66,233.56,,,137.97,,,46.64,,,0.86828,3736,0.7236937,,3244,7.97,3236,3250,2
05/03/2021,75.98,,,132.54,7,927.78,81.07,4,324.28,109.11,3,327.33,117.15,,,54.48,12,653.76,235.56,,,133.03,6,798.18,102.56,,,72.08,,,66.61,11,732.71,232.61,,,140.34,,,47.37,,,0.86722,3764,0.71923,,3264,7.97,3256,3250,22
05/04/2021,75.80,,,127.85,7,894.95,81.09,4,324.36,108.71,3,326.13,115.34,,,54.14,12,649.68,233.86,,,131.55,6,789.30,103.13,,,70.82,,,65.60,11,721.60,232.03,,,140.88,,,46.91,,,0.865,3706,0.72004,,3206,7.97,3198,3350,-136
05/05/2021,78.06,,,128.10,7,896.70,81.32,4,325.28,109.94,3,329.82,115.74,,,54.00,12,648.00,235.04,,,132.21,6,793.26,103.80,,,71.03,,,66.31,11,729.41,229.21,,,141.64,,,46.87,,,0.86323,3722,0.71892,,3213,7.97,3205,3350,-129
05/06/2021,78.18,,,129.74,7,908.18,82.31,4,329.24,110.21,3,330.63,116.87,,,54.54,12,654.48,234.86,,,133.49,6,800.94,104.20,,,71.76,,,67.15,11,738.65,231.32,,,141.48,,,47.02,,,0.86822,3762,0.7195,,3266,7.97,3258,3350,-76
05/07/2021,79.00,,,130.21,7,911.47,82.18,4,328.72,112.36,3,337.08,117.60,,,54.51,12,654.12,234.84,,,137.81,6,826.86,105.18,,,73.78,,,67.21,11,739.31,232.12,,,141.38,,,46.73,,,0.86801,3798,0.7148452,,3296,7.97,3288,3350,-46
05/10/2021,78.34,,,126.85,7,887.95,83.34,4,333.36,113.17,3,339.51,114.59,,,54.91,12,658.92,237.11,,,136.40,6,818.40,105.74,,,72.99,,,68.01,11,748.11,225.97,,,143.26,,,46.94,,,0.85912,3786,0.70765,,3253,7.97,3245,3350,-89
05/11/2021,77.02,,,125.91,7,881.37,82.44,4,329.76,112.47,3,337.41,113.50,,,54.32,12,651.84,233.86,,,137.12,6,822.72,105.08,,,72.01,,,67.53,11,742.83,225.48,,,141.20,,,46.52,,,0.8589,3766,0.7073,,3235,7.97,3227,3350,-107
05/12/2021,77.26,,,122.77,7,859.39,82.05,4,328.20,110.76,3,332.28,110.01,,,54.04,12,648.48,227.94,,,133.39,6,800.34,104.76,,,69.53,,,67.40,11,741.40,220.63,,,138.18,,,45.31,,,0.85879,3710,0.71105,,3186,7.97,3178,3350,-156
05/13/2021,77.64,,,124.97,7,874.79,83.26,4,333.04,111.05,3,333.15,111.45,,,54.51,12,654.12,229.77,,,133.61,6,801.66,106.05,,,70.90,,,67.78,11,745.58,223.74,,,141.42,,,46.08,,,0.85973,3742,0.7117,,3217,7.97,3209,3350,-125
05/14/2021,78.12,,,127.45,7,892.15,83.56,4,334.24,107.33,3,321.99,113.92,,,54.73,12,656.76,231.72,,,135.93,6,815.58,107.10,,,72.43,,,68.16,11,749.76,226.94,,,141.94,,,46.51,,,0.86107,3770,0.7092199,,3247,7.97,3239,3350,-95
05/17/2021,78.08,,,126.27,7,883.89,83.55,4,334.20,108.51,3,325.53,114.45,,,54.64,12,655.68,231.68,,,136.41,6,818.46,106.56,,,72.01,,,68.68,11,755.48,226.44,,,141.51,,,46.30,,,0.85919,3773,0.70678,,3242,7.97,3234,3350,-100
05/18/2021,78.12,,,124.85,7,873.95,83.11,4,332.44,108.44,3,325.32,113.12,,,54.34,12,652.08,231.93,,,135.56,6,813.36,105.98,,,71.14,,,68.42,11,752.62,225.57,,,140.47,,,47.30,,,0.86144,3750,0.70482,,3230,7.97,3222,3350,-112
05/19/2021,77.80,,,124.69,7,872.83,83.21,4,332.84,106.41,3,319.23,113.58,,,54.17,12,650.04,230.15,,,132.96,6,797.76,101.00,,,67.38,,,68.13,11,749.43,224.59,,,139.15,,,47.31,,,0.8626,3722,0.70891,,3211,7.97,3203,3350,-131
05/20/2021,79.06,,,127.31,7,891.17,84.09,4,336.36,106.39,3,319.17,115.35,,,54.65,12,655.80,232.18,,,133.27,6,799.62,102.04,,,67.37,,,68.38,11,752.18,226.44,,,140.43,,,47.47,,,0.8616,3754,0.70494,,3235,7.97,3227,3350,-107
05/21/2021,79.22,,,125.43,7,878.01,84.23,4,336.92,104.29,3,312.87,114.71,,,54.62,12,655.44,231.24,,,132.66,6,795.96,99.14,,,67.04,,,68.06,11,748.66,226.77,,,140.97,,,47.25,,,0.85967,3728,0.706554,,3205,7.97,3197,3350,-137
05/24/2021,79.48,,,127.10,7,889.70,84.40,4,337.60,102.63,3,307.89,118.05,,,54.80,12,657.60,231.91,,,134.06,6,804.36,97.46,,,66.36,,,68.10,11,749.10,229.32,,,141.11,,,47.25,,,0.86281,3746,0.70641,,3232,7.97,3224,3350,-110
05/25/2021,79.50,,,126.90,7,888.30,84.59,4,338.36,105.39,3,316.17,118.14,,,54.79,12,657.48,232.14,,,134.32,6,805.92,97.28,,,67.27,,,68.52,11,753.72,229.02,,,140.69,,,47.45,,,0.866,3760,0.70702,,3256,7.97,3248,3350,-86
05/26/2021,79.34,,,126.85,7,887.95,84.43,4,337.72,107.77,3,323.31,119.02,,,55.03,12,660.36,232.35,,,136.89,6,821.34,98.40,,,67.86,,,68.32,11,751.52,227.07,,,139.77,,,47.39,,,0.8635,3782,0.70841,,3266,7.97,3258,3350,-76
05/27/2021,78.60,,,125.28,7,876.96,83.69,4,334.76,110.81,3,332.43,118.13,,,55.49,12,665.88,234.86,,,136.56,6,819.36,99.15,,,67.24,,,66.98,11,736.78,226.86,,,140.55,,,47.23,,,0.8584,3766,0.70404,,3233,7.97,3225,3350,-109
05/28/2021,78.74,,,124.61,7,872.27,83.78,4,335.12,112.57,3,337.71,117.84,,,55.29,12,663.48,233.89,,,136.46,6,818.76,99.08,,,67.54,,,67.47,11,742.17,227.30,,,140.68,,,47.34,,,0.85192,3770,0.7047216,,3211,7.97,3203,3450,-231
06/01/2021,78.18,,,124.28,7,869.96,82.48,4,329.92,112.13,3,336.39,119.06,,,55.28,12,663.36,233.24,,,134.51,6,807.06,99.31,,,67.19,,,67.48,11,742.28,226.63,,,140.07,4,560.28,47.22,,,0.86297,4309,0.70636,,3719,7.53,3711,3450,276
06/02/2021,78.56,,,125.06,7,875.42,82.88,4,331.52,111.59,3,334.77,118.53,,,55.50,12,666.00,233.78,,,134.17,6,805.02,100.47,,,65.98,,,67.98,11,747.78,229.66,,,141.12,4,564.48,47.12,,,0.86153,4325,0.70562,,3726,7.53,3719,3450,284
06/03/2021,79.04,,,123.54,7,864.78,83.95,4,335.80,111.74,3,335.22,117.38,,,55.64,12,667.68,232.45,,,134.17,6,805.02,99.96,,,65.84,,,68.07,11,748.77,228.11,,,140.58,4,562.32,47.20,,,0.8599,4320,0.70872,,3714,7.53,3707,3450,272
06/04/2021,79.36,,,125.89,7,881.23,83.97,4,335.88,112.48,3,337.44,119.68,,,56.24,12,674.88,233.38,,,133.74,6,802.44,100.36,,,65.64,,,68.19,11,750.09,230.14,,,140.75,4,563.00,47.28,,,0.85624,4345,0.70609,,3720,7.53,3713,3450,278
06/07/2021,79.08,,,125.90,7,881.30,83.90,4,335.60,110.96,3,332.88,120.12,,,56.04,12,672.48,231.69,,,133.95,6,803.70,96.39,,,65.32,,,68.25,11,750.75,231.32,,,139.57,4,558.28,46.97,,,0.85988,4335,0.70539,,3728,7.53,3720,3450,285
06/08/2021,79.62,,,126.74,7,887.18,82.93,4,331.72,110.16,3,330.48,119.92,,,55.65,12,667.80,232.64,,,133.35,6,800.10,95.86,,,65.75,,,67.95,11,747.45,232.05,,,139.34,4,557.36,46.61,,,0.86023,4322,0.70672,,3718,7.53,3710,3450,276
06/09/2021,80.52,,,127.13,7,889.91,82.56,4,330.24,109.96,3,329.88,120.40,,,55.48,12,665.76,231.47,,,131.84,6,791.04,94.82,,,65.03,,,67.43,11,741.73,232.31,,,139.58,4,558.32,46.36,,,0.863,4307,0.7086,,3717,7.53,3709,3450,274
06/10/2021,80.56,,,126.11,7,882.77,83.60,4,334.40,110.23,3,330.69,121.76,,,55.91,12,670.92,234.59,,,130.98,6,785.88,94.02,,,64.77,,,68.07,11,748.77,233.95,,,139.93,4,559.72,46.63,,,0.859,4313,0.70571,,3705,7.53,3697,3450,263
06/11/2021,80.60,,,127.35,7,891.45,83.63,4,334.52,110.32,3,330.96,121.51,,,56.16,12,673.92,236.93,,,131.94,6,791.64,93.60,,,65.76,,,67.92,11,747.12,234.96,,,139.91,4,559.64,46.92,,,0.85333,4329,0.7087172,,3694,7.53,3687,3450,252
06/14/2021,80.96,,,130.48,7,913.36,83.41,4,333.64,111.04,3,333.12,122.45,,,55.55,12,666.60,236.98,,,131.36,6,788.16,93.12,,,65.13,,,68.44,11,752.84,234.08,,,140.25,4,561.00,46.85,,,0.85908,4349,0.70872,,3736,11.54,3724,3450,297
06/15/2021,81.44,,,129.64,7,907.48,83.27,4,333.08,110.24,3,330.72,121.42,,,55.41,12,664.92,236.35,,,130.29,6,781.74,93.76,,,65.40,,,68.44,11,752.84,232.98,,,140.86,4,563.44,46.67,,,0.86101,4334,0.71015,,3732,11.54,3720,3450,293
06/16/2021,82.02,,,130.15,7,911.05,81.95,4,327.80,107.95,3,323.85,120.77,,,54.67,12,656.04,235.58,,,130.40,6,782.40,92.92,,,65.20,,,68.18,11,749.98,229.60,,,139.82,4,559.28,45.72,,,0.8572,4310,0.71476,,3695,11.50,3683,3450,256
06/17/2021,82.46,,,131.79,7,922.53,82.43,4,329.72,106.00,3,318.00,121.74,,,54.95,12,659.40,233.88,,,128.92,6,773.52,91.84,,,64.70,,,68.47,11,753.17,232.15,,,139.30,4,557.20,45.91,,,0.85464,4314,0.71743,,3687,11.50,3675,3450,248
06/18/2021,82.68,,,130.46,7,913.22,81.02,4,324.08,104.68,3,314.04,120.11,,,53.77,12,645.24,229.62,,,128.41,6,770.46,92.31,,,63.37,,,66.94,11,736.34,230.41,,,137.07,4,548.28,45.06,,,0.8553,4252,0.7239557,,3636,11.50,3625,3450,198
06/21/2021,83.28,,,132.30,7,926.10,81.44,4,325.76,105.04,3,315.12,121.81,,,54.36,12,652.32,232.90,,,130.08,6,780.48,94.60,,,64.91,,,67.48,11,742.28,234.32,,,139.36,4,557.44,45.47,,,0.85542,4300,0.7181122,,3678,12.91,3665,3450,241
06/22/2021,83.84,,,133.98,7,937.86,81.29,4,325.16,105.57,3,316.71,122.33,,,54.56,12,654.72,233.88,,,132.48,6,794.88,94.95,,,65.91,,,67.48,11,742.28,235.93,,,139.67,4,558.68,45.68,,,0.8556,4330,0.71685,,3705,12.91,3692,3450,268
06/23/2021,83.62,,,133.70,7,935.90,80.25,4,321.00,105.34,3,316.02,122.13,,,54.12,12,649.44,233.24,,,133.10,6,798.60,94.92,,,65.86,,,66.97,11,736.67,234.68,,,138.52,4,554.08,45.32,,,0.854,4312,0.71595,,3682,12.91,3669,3450,245
06/24/2021,84.94,,,133.41,7,933.87,80.56,4,322.24,105.98,3,317.94,122.50,,,54.39,12,652.68,233.33,,,133.60,6,801.60,95.69,,,66.97,,,66.63,11,732.93,236.24,,,138.54,4,554.16,45.64,,,0.85707,4315,0.71855,,3699,12.91,3686,3450,262
06/25/2021,84.60,,,133.11,7,931.77,81.46,4,325.84,106.56,3,319.68,122.51,,,54.32,12,651.84,232.42,,,154.35,6,926.10,96.85,,,67.53,,,67.03,11,737.33,237.32,,,139.11,4,556.44,46.18,,,0.85977,4449,0.7199424,,3825,12.91,3812,3450,388
06/28/2021,85.00,,,134.78,7,943.46,81.72,4,326.88,105.56,3,316.68,122.54,,,54.26,12,651.12,231.09,,,152.36,6,914.16,97.33,,,66.49,,,66.95,11,736.45,234.09,,,139.18,4,556.72,46.03,,,0.8594,4445,0.72051,,3820,12.91,3808,3450,383
06/29/2021,84.24,,,136.33,7,954.31,81.25,4,325.00,106.31,3,318.93,122.27,,,53.86,12,646.32,230.37,,,155.95,6,935.70,98.44,,,66.70,,,66.67,11,733.37,235.95,,,139.46,4,557.84,45.77,,,0.85977,4471,0.7224,,3844,12.91,3832,3450,407
06/30/2021,84.72,,,136.96,7,958.72,81.35,4,325.40,105.52,3,316.56,122.09,,,54.11,12,649.32,230.99,,,154.49,6,926.94,98.21,,,67.42,,,65.81,11,723.91,233.82,,,140.11,4,560.44,47.01,,,0.85729,4461,0.72311,,3825,12.91,3812,3450,388
07/01/2021,85.06,,,137.27,7,960.89,81.74,4,326.96,105.62,3,316.86,122.44,,,53.96,12,647.52,232.27,,,158.00,6,948.00,98.84,,,67.88,,,66.13,11,727.43,235.15,,,141.17,4,564.68,46.44,,,0.86089,4492,0.72677,,3867,13.71,3854,3550,331
07/02/2021,85.66,,,139.96,7,979.72,81.70,4,326.80,106.78,3,320.34,125.26,,,54.18,12,650.16,233.63,,,159.74,6,958.44,98.97,,,68.25,,,66.32,11,729.52,238.63,,,141.97,4,567.88,46.70,,,0.85429,4533,0.7230658,,3872,13.71,3859,3550,336
07/06/2021,86.06,,,142.02,7,994.14,81.97,4,327.88,104.21,3,312.63,126.19,,,53.88,12,646.56,232.75,,,160.11,6,960.66,97.86,,,68.13,,,66.59,11,732.49,239.60,,,142.77,4,571.08,46.65,,,0.85636,4545,0.72434,,3893,17.81,3875,3550,360
07/07/2021,87.46,,,144.57,7,1011.99,82.66,4,330.64,106.03,3,318.09,126.47,,,54.32,12,651.84,234.63,,,160.16,6,960.96,99.11,,,67.65,,,67.41,11,741.51,240.00,,,144.04,4,576.16,46.57,,,0.8545,4591,0.72458,,3923,17.81,3905,3550,391
07/08/2021,86.52,,,143.24,7,1002.68,82.34,4,329.36,105.32,3,315.96,125.04,,,54.13,12,649.56,232.84,,,160.63,6,963.78,98.49,,,66.87,,,66.59,11,732.49,236.61,,,142.17,4,568.68,46.53,,,0.85898,4563,0.72512,,3919,17.81,3901,3550,387
07/09/2021,86.60,,,145.11,7,1015.77,82.43,4,329.72,107.32,3,321.96,125.52,,,54.46,12,653.52,235.68,,,161.00,6,966.00,99.63,,,68.36,,,66.93,11,736.23,238.47,,,143.04,4,572.16,46.77,,,0.84488,4595,0.7189538,,3883,17.81,3865,3550,350
07/12/2021,88.56,,,144.50,7,1011.50,82.93,4,331.72,105.75,3,317.25,126.98,,,54.48,12,653.76,235.61,,,161.82,6,970.92,99.88,,,68.22,,,67.21,11,739.31,237.87,,,143.11,4,572.44,46.68,,,0.8542,4597,0.7201,,3927,17.81,3909,3550,394
07/13/2021,90.12,,,145.64,7,1019.48,82.64,4,330.56,105.42,3,316.26,127.34,,,55.02,12,660.24,236.17,,,161.59,6,969.54,97.79,,,67.64,,,67.28,11,740.08,242.35,,,142.52,4,570.08,46.86,,,0.85271,4606,0.72432,,3928,17.81,3910,3550,396
07/14/2021,90.12,,,149.15,7,1044.05,83.23,4,332.92,105.06,3,315.18,128.24,,,56.26,12,675.12,237.13,,,161.54,6,969.24,97.45,,,68.64,,,67.24,11,739.64,245.99,,,143.99,4,575.96,47.18,,,0.8537,4652,0.7216,,3972,17.81,3954,3550,439
07/15/2021,90.06,,,148.48,7,1039.36,83.63,4,334.52,105.12,3,315.36,127.01,,,56.44,12,677.28,236.88,,,161.69,6,970.14,94.95,,,68.07,,,67.10,11,738.10,248.55,,,145.36,4,581.44,47.22,,,0.85409,4656,0.72308,,3977,17.81,3959,3550,445
07/16/2021,90.82,,,146.39,7,1024.73,84.39,4,337.56,104.38,3,313.14,126.97,,,56.40,12,676.80,234.75,,,159.85,6,959.10,96.18,,,67.41,,,67.67,11,744.37,248.12,,,145.80,4,583.20,47.19,,,0.85725,4639,0.7262164,,3977,17.81,3959,3550,445
07/19/2021,90.82,,,142.45,7,997.15,83.97,4,335.88,101.48,3,304.44,124.58,,,55.73,12,668.76,229.26,,,157.87,6,947.22,94.57,,,65.03,,,67.02,11,737.22,240.41,,,143.63,4,574.52,47.08,,,0.8626,4565,0.73153,,3938,17.81,3920,3550,406
07/20/2021,91.72,,,146.15,7,1023.05,82.69,4,330.76,102.30,3,306.90,126.21,,,55.83,12,669.96,234.27,,,159.74,6,958.44,94.42,,,66.50,,,66.17,11,727.87,242.70,,,145.17,4,580.68,47.29,,,0.86403,4598,0.7335,,3973,17.81,3955,3550,440
07/21/2021,92.20,,,145.40,7,1017.80,82.18,4,328.72,104.22,3,312.66,127.55,,,56.55,12,678.60,235.93,,,161.08,6,966.48,94.01,,,67.48,,,66.05,11,726.55,243.66,,,144.85,4,579.40,47.06,,,0.85981,4610,0.72918,,3964,17.81,3946,3550,432
07/22/2021,94.26,,,146.80,7,1027.60,81.84,4,327.36,104.93,3,314.79,128.42,,,56.47,12,677.64,238.67,,,163.68,6,982.08,93.40,,,67.27,,,62.46,14,874.44,244.14,,,144.98,4,579.92,47.09,,,0.85469,4784,0.7260108,,4089,17.37,4071,3550,556
07/23/2021,94.74,,,148.56,7,1039.92,83.28,4,333.12,105.89,3,317.67,133.01,,,57.01,12,684.12,242.96,,,166.36,6,998.16,94.73,,,68.18,,,64.13,14,897.82,249.02,,,146.39,4,585.56,47.48,,,0.8539,4856,0.7273785,,4147,17.37,4129,3550,614
07/26/2021,93.58,,,148.99,7,1042.93,84.09,4,336.36,104.97,3,314.91,134.04,,,57.06,12,684.72,243.98,,,165.09,6,990.54,94.64,,,68.72,,,62.71,14,877.94,250.25,,,146.69,4,586.76,47.54,,,0.85374,4834,0.72311,,4127,17.37,4110,3550,594
07/27/2021,94.14,,,146.77,7,1027.39,83.95,4,335.80,106.44,3,319.32,131.90,,,57.26,12,687.12,246.35,,,164.57,6,987.42,95.88,,,68.45,,,63.52,14,889.28,250.93,,,146.96,4,587.84,47.55,,,0.85144,4834,0.72032,,4116,17.37,4099,3550,583
07/28/2021,94.18,,,144.98,7,1014.86,83.18,4,332.72,106.41,3,319.23,136.09,,,56.74,12,680.88,241.78,,,165.46,6,992.76,94.52,,,67.88,,,63.68,14,891.52,246.94,,,145.67,4,582.68,47.35,,,0.8516,4815,0.71907,,4100,17.37,4083,3550,568
07/29/2021,96.08,,,145.64,7,1019.48,83.52,4,334.08,107.48,3,322.44,135.78,,,57.05,12,684.60,244.02,,,166.99,6,1001.94,95.76,,,68.84,,,64.71,14,905.94,247.92,,,146.21,4,584.84,47.41,,,0.8515,4853,0.71611,,4133,17.37,4115,3550,600
07/30/2021,96.08,,,145.86,7,1021.02,79.50,4,318.00,108.63,3,325.89,134.73,,,57.03,12,684.36,242.71,,,167.51,6,1005.06,95.16,,,68.81,,,64.72,14,906.08,246.39,,,148.26,4,593.04,47.52,,,0.84771,4853,0.7192175,,4114,17.37,4097,3550,582
08/02/2021,95.80,,,145.52,7,1018.64,79.54,4,318.16,107.16,3,321.48,134.85,,,56.88,12,682.56,240.10,,,168.75,6,1012.50,95.04,,,67.95,,,64.43,14,902.02,239.78,,,147.27,4,589.08,47.41,,,0.8547,4844,0.7198,,4141,17.37,4123,3550,608
08/03/2021,95.80,,,147.36,7,1031.52,79.42,4,317.68,107.87,3,323.61,135.63,,,56.92,12,683.04,236.95,,,171.23,6,1027.38,96.61,,,68.98,,,65.06,14,910.84,237.09,,,149.41,4,597.64,47.94,,,0.85279,4892,0.7185,,4172,17.37,4154,3650,539
08/04/2021,96.36,,,146.95,7,1028.65,78.25,4,313.00,107.69,3,323.07,135.13,,,56.10,12,673.20,234.83,,,171.91,6,1031.46,95.35,,,67.25,,,64.56,14,903.84,236.67,,,148.86,4,595.44,47.61,,,0.85216,4869,0.71992,,4149,17.37,4132,3650,516
08/05/2021,95.88,,,147.06,7,1029.42,78.90,4,315.60,108.70,3,326.10,136.25,,,56.50,12,678.00,236.42,,,173.85,6,1043.10,95.42,,,68.58,,,64.35,14,900.90,240.21,,,148.33,4,593.32,48.50,,,0.84957,4886,0.718,,4151,17.37,4134,3650,519
08/06/2021,94.70,,,146.14,7,1022.98,78.63,4,314.52,107.86,3,323.58,135.74,,,56.64,12,679.68,236.26,,,172.80,6,1036.80,96.92,,,69.31,,,63.89,14,894.46,241.40,,,147.84,4,591.36,48.41,,,0.84676,4863,0.7205611,,4118,17.37,4101,3750,385
08/09/2021,95.18,,,146.09,7,1022.63,78.34,4,313.36,108.01,3,324.03,136.91,,,56.65,12,679.80,234.68,,,171.77,6,1030.62,97.12,,,68.93,,,64.42,14,901.88,240.00,,,147.23,4,588.92,48.53,,,0.8474,4861,0.72207,,4119,17.37,4102,3750,387
08/10/2021,95.16,,,145.60,7,1019.20,78.73,4,314.92,107.31,3,321.93,136.81,,,56.80,12,681.60,233.45,,,172.27,6,1033.62,96.35,,,71.43,,,64.23,14,899.22,238.07,,,146.98,4,587.92,49.56,,,0.84702,4858,0.72275,,4115,17.37,4098,3750,383
08/11/2021,95.54,,,145.86,7,1021.02,79.10,4,316.40,108.08,3,324.24,136.28,,,56.73,12,680.76,235.55,,,171.27,6,1027.62,97.09,,,71.71,,,64.51,14,903.14,235.06,,,149.13,4,596.52,50.00,,,0.84655,4870,0.72114,,4122,17.37,4105,3750,390
08/12/2021,96.40,,,148.89,7,1042.23,78.79,4,315.16,108.25,3,324.75,137.19,,,56.84,12,682.08,236.67,,,170.64,6,1023.84,96.94,,,71.55,,,64.16,14,898.24,231.79,,,150.08,4,600.32,49.69,,,0.84968,4887,0.72403,,4152,17.37,4135,3750,419
08/13/2021,96.12,,,149.10,7,1043.70,79.44,4,317.76,107.46,3,322.38,137.73,,,57.23,12,686.76,238.82,,,171.69,6,1030.14,96.12,,,70.49,,,64.99,14,909.86,232.65,,,150.61,4,602.44,49.84,,,0.84839,4913,0.7211365,,4168,17.37,4151,3750,436
08/16/2021,96.12,,,151.12,7,1057.84,79.78,4,319.12,106.63,3,319.89,138.31,,,57.48,12,689.76,240.97,,,172.36,6,1034.16,97.10,,,70.35,,,64.35,14,900.90,235.36,,,151.93,4,607.72,50.25,,,0.85083,4929,0.7224,,4194,18.31,4176,3750,462
08/17/2021,96.96,,,150.19,7,1051.33,80.03,4,320.12,105.95,3,317.85,136.66,,,57.28,12,687.36,240.28,,,170.66,6,1023.96,95.67,,,69.15,,,64.24,14,899.36,234.53,,,151.70,4,606.80,50.23,,,0.852,4907,0.72778,,4181,18.31,4162,3750,449
08/18/2021,96.30,,,146.36,7,1024.52,78.16,4,312.64,106.24,3,318.72,135.45,,,56.50,12,678.00,238.08,,,168.81,6,1012.86,95.57,,,73.00,,,63.35,14,886.90,231.63,,,149.56,4,598.24,49.70,,,0.85148,4832,0.7276,,4114,19.42,4095,3750,384
08/19/2021,96.38,,,146.70,7,1026.90,78.97,4,315.88,106.47,3,319.41,135.68,,,56.86,12,682.32,237.23,,,165.59,6,993.54,96.20,,,73.59,,,62.94,14,881.16,231.57,,,151.62,4,606.48,50.04,,,0.85658,4826,0.73363,,4134,19.42,4114,3750,403
08/20/2021,96.60,,,148.19,7,1037.33,78.80,4,315.20,105.95,3,317.85,137.43,,,56.64,12,679.68,238.49,,,167.79,6,1006.74,97.57,,,74.04,,,63.42,14,887.88,231.36,,,152.94,4,611.76,50.48,,,0.85566,4856,0.7336757,,4155,19.42,4136,3750,425
08/23/2021,96.74,,,149.71,7,1047.97,78.38,4,313.52,107.66,3,322.98,140.04,,,56.44,12,677.28,239.66,,,169.72,6,1018.32,97.29,,,75.13,,,63.43,14,888.02,234.14,,,151.76,4,607.04,50.15,,,0.8556,4875,0.72861,,4171,19.42,4152,3750,441
08/24/2021,97.00,,,149.62,7,1047.34,77.67,4,310.68,108.10,3,324.30,141.26,,,56.01,12,672.12,238.43,,,169.98,6,1019.88,96.63,,,75.31,,,62.93,14,881.02,234.24,,,152.39,4,609.56,49.63,,,0.85624,4865,0.72857,,4166,19.42,4146,3750,435
08/25/2021,96.74,,,148.36,7,1038.52,77.65,4,310.60,108.40,3,325.20,142.08,,,56.07,12,672.84,238.83,,,169.84,6,1019.04,96.22,,,75.81,,,62.52,14,875.28,232.59,,,152.83,4,611.32,49.65,,,0.85515,4853,0.7264,,4150,19.42,4130,3750,419
08/26/2021,97.38,,,147.54,7,1032.78,77.31,4,309.24,109.15,3,327.45,141.44,,,55.54,12,666.48,236.95,,,166.92,6,1001.52,96.23,,,73.84,,,62.71,14,877.94,230.52,,,153.60,4,614.40,49.12,,,0.85789,4830,0.7298,,4143,19.42,4124,3850,313
08/27/2021,97.56,,,148.60,7,1040.20,77.44,4,309.76,110.35,3,331.05,144.00,,,55.65,12,667.80,237.48,,,167.58,6,1005.48,97.49,,,73.64,,,62.45,14,874.30,232.69,,,154.15,4,616.60,48.84,,,0.85125,4845,0.7262164,,4124,19.42,4105,3850,294
08/30/2021,98.46,,,153.12,7,1071.84,77.65,4,310.60,109.68,3,329.04,144.59,,,56.18,12,674.16,236.59,,,168.03,6,1008.18,96.15,,,72.80,,,62.78,14,878.92,231.23,,,155.13,4,620.52,49.23,,,0.8572,4893,0.72672,,4195,19.42,4175,3850,364
08/31/2021,97.42,,,151.83,7,1062.81,77.95,4,311.80,117.63,3,352.89,144.70,,,56.31,12,675.72,237.46,,,164.74,6,988.44,96.34,,,72.72,,,62.64,14,876.96,229.10,,,155.11,4,620.44,49.37,,,0.8587,4889,0.7270929,,4198,19.42,4179,3850,368
09/01/2021,97.30,,,152.51,7,1067.57,78.33,4,313.32,121.92,3,365.76,145.22,,,56.69,12,680.28,238.15,,,164.56,6,987.36,96.41,,,72.08,,,63.02,14,882.28,230.12,,,155.85,4,623.40,49.26,,,0.8597,4920,0.72613,,4230,19.42,4210,3850,399
09/02/2021,97.46,,,153.65,7,1075.55,78.52,4,314.08,124.35,3,373.05,143.29,,,56.77,12,681.24,239.87,,,163.67,6,982.02,96.35,,,71.87,,,61.72,14,864.08,224.18,,,155.81,4,623.24,49.52,,,0.85811,4913,0.72271,,4216,19.42,4197,3950,286
09/03/2021,97.32,,,154.30,7,1080.10,77.91,4,311.64,127.22,3,381.66,143.74,,,56.73,12,680.76,238.82,,,163.29,6,979.74,96.23,,,71.07,,,62.04,14,868.56,225.11,,,155.40,4,621.60,49.75,,,0.84915,4924,0.7215048,,4181,19.42,4162,4050,151
09/07/2021,97.90,,,156.69,7,1096.83,76.90,4,307.60,122.83,3,368.49,144.28,,,55.67,12,668.04,236.19,,,162.64,6,975.84,94.26,,,69.85,,,61.92,14,866.88,226.27,,,153.26,4,613.04,49.09,,,0.85943,4897,0.7257,,4208,19.42,4189,4050,178
09/08/2021,97.42,,,155.11,7,1085.77,77.78,4,311.12,122.13,3,366.39,143.69,,,56.42,12,677.04,238.62,,,160.71,6,964.26,94.29,,,69.82,,,62.35,14,872.90,229.09,,,154.24,4,616.96,49.15,,,0.85844,4894,0.72634,,4202,19.42,4182,4050,171
09/09/2021,96.70,,,154.07,7,1078.49,77.30,4,309.20,119.99,3,359.97,143.54,,,55.86,12,670.32,238.61,,,163.34,6,980.04,93.22,,,69.45,,,61.71,14,863.94,227.49,,,153.80,4,615.20,48.81,,,0.85423,4877,0.72256,,4166,19.42,4147,4050,136
09/10/2021,96.40,,,148.97,7,1042.79,77.04,4,308.16,118.90,3,356.70,140.88,,,55.61,12,667.32,239.18,,,163.59,6,981.54,93.12,,,68.87,,,61.57,14,861.98,224.91,,,154.45,4,617.80,48.63,,,0.84786,4836,0.7225434,,4100,24.45,4076,4050,75
09/13/2021,96.18,,,149.55,7,1046.85,77.38,4,309.52,116.89,3,350.67,142.33,,,56.07,12,672.84,241.21,,,159.52,6,957.12,94.00,,,68.70,,,62.12,14,869.68,224.63,,,155.13,4,620.52,48.35,,,0.8534,4827,0.72264,,4120,24.45,4095,4050,94
09/14/2021,96.92,,,148.12,7,1036.84,77.30,4,309.20,114.90,3,344.70,142.54,,,55.69,12,668.28,241.13,,,158.76,6,952.56,93.20,,,69.48,,,62.29,14,872.06,223.03,,,154.58,4,618.32,48.10,,,0.85463,4802,0.7241,,4104,24.45,4079,4050,78
09/15/2021,95.72,,,149.03,7,1043.21,77.21,4,308.84,117.30,3,351.90,144.43,,,55.88,12,670.56,240.98,,,157.91,6,947.46,93.31,,,69.48,,,61.83,14,865.62,223.81,,,155.63,4,622.52,48.18,,,0.85339,4810,0.72208,,4105,24.45,4080,4050,79
09/16/2021,96.98,,,148.79,7,1041.53,76.47,4,305.88,115.80,3,347.40,143.61,,,55.35,12,664.20,243.21,,,157.60,6,945.60,92.99,,,70.48,,,61.36,14,859.04,224.33,,,153.89,4,615.56,48.34,,,0.85257,4779,0.7247952,,4075,24.45,4050,4050,49
09/17/2021,96.12,,,146.06,7,1022.42,76.23,4,304.92,118.31,3,354.93,140.80,,,54.44,12,653.28,242.49,,,156.42,6,938.52,92.61,,,70.41,,,60.69,14,849.66,221.75,,,152.68,4,610.72,48.24,,,0.85084,4734,0.7276961,,4028,24.45,4004,4050,3
09/20/2021,95.76,,,142.94,7,1000.58,76.17,4,304.68,113.96,3,341.88,138.72,,,54.06,12,648.72,239.09,,,154.25,6,925.50,92.21,,,69.11,,,61.01,14,854.14,220.05,,,152.73,4,610.92,47.58,,,0.85829,4686,0.73192,,4022,24.45,3998,4050,-3
09/21/2021,97.12,,,143.43,7,1004.01,76.39,4,305.56,115.31,3,345.93,139.03,,,54.05,12,648.60,240.50,,,155.02,6,930.12,92.07,,,69.29,,,61.28,14,857.92,220.17,,,152.75,4,611.00,47.67,,,0.8583,4703,0.7322,,4037,25.87,4011,4050,13
09/22/2021,96.24,,,145.85,7,1020.95,76.43,4,305.72,115.00,3,345.00,140.28,,,54.13,12,649.56,243.13,,,157.44,6,944.64,92.04,,,69.53,,,61.43,14,860.02,222.75,,,153.42,4,613.68,47.56,,,0.85826,4740,0.73437,,4068,25.87,4042,4050,44
09/23/2021,96.46,,,146.83,7,1027.81,76.67,4,306.68,116.33,3,348.99,141.22,,,54.04,12,648.48,244.78,,,159.58,6,957.48,91.57,,,70.70,,,61.72,14,864.08,228.31,,,153.50,4,614.00,47.59,,,0.8556,4768,0.7287302,,4079,25.87,4053,4050,55
09/24/2021,95.42,,,146.92,7,1028.44,76.63,4,306.52,115.74,3,347.22,142.22,,,53.89,12,646.68,246.42,,,149.59,6,897.54,91.56,,,71.10,,,61.39,14,859.46,231.59,,,154.19,4,616.76,47.72,,,0.85132,4703,0.7311026,,4003,25.87,3978,4050,-21
09/27/2021,91.98,,,145.37,7,1017.59,76.01,4,304.04,117.50,3,352.50,141.07,,,53.61,12,643.32,248.11,,,148.04,6,888.24,90.68,,,71.14,,,61.03,14,854.42,229.60,,,152.05,4,608.20,47.42,,,0.85359,4668,0.72984,,3985,25.87,3959,4050,-39
09/28/2021,90.92,,,141.91,7,993.37,75.82,4,303.28,116.04,3,348.12,135.83,,,52.64,12,631.68,243.77,,,145.30,6,871.80,90.35,,,70.08,,,61.22,14,857.08,225.56,,,149.92,4,599.68,46.83,,,0.8631,4605,0.73843,,3975,25.87,3949,4050,-50
09/29/2021,91.42,,,142.83,7,999.81,77.08,4,308.32,115.72,3,347.16,134.35,,,52.96,12,635.52,244.28,,,146.02,6,876.12,91.14,,,69.90,,,61.70,14,863.80,226.68,,,151.60,4,606.40,46.81,,,0.8638,4637,0.7448,,4006,25.87,3980,4050,-19
09/30/2021,91.58,,,141.50,7,990.50,75.58,4,302.32,115.65,3,346.95,133.68,,,52.47,12,629.64,241.11,,,145.23,6,871.38,90.39,,,65.98,,,61.00,14,854.00,222.75,,,149.36,4,597.44,46.46,,,0.85927,4592,0.7424,,3946,26.68,3919,4050,-77
10/01/2021,92.16,,,142.65,7,998.55,75.58,4,302.32,118.01,3,354.03,136.54,,,53.02,12,636.24,242.93,,,147.06,6,882.36,90.94,,,66.61,,,60.99,14,853.86,230.46,,,149.84,4,599.36,45.68,,,0.85139,4627,0.7380074,,3939,26.68,3912,4050,-84
10/04/2021,91.12,,,139.14,7,973.98,75.06,4,300.24,116.78,3,350.34,133.66,,,52.99,12,635.88,243.08,,,147.14,6,882.84,90.31,,,65.86,,,60.54,14,847.56,224.73,,,148.83,4,595.32,45.24,,,0.85365,4586,0.73489,,3915,26.68,3888,4250,-308
10/05/2021,92.20,,,141.11,7,987.77,74.42,4,297.68,117.39,3,352.17,136.02,,,53.08,12,636.96,245.22,,,149.46,6,896.76,91.26,,,65.11,,,60.12,14,841.68,224.28,,,149.85,4,599.40,45.54,,,0.85092,4612,0.7338,,3925,30.85,3894,4250,-294
10/06/2021,90.84,,,142.00,7,994.00,75.10,4,300.40,117.90,3,353.70,137.57,,,53.71,12,644.52,247.10,,,148.80,6,892.80,92.27,,,64.33,,,59.68,14,835.52,226.51,,,151.28,4,605.12,45.87,,,0.8501,4626,0.73572,,3933,30.85,3902,4250,-287
10/07/2021,91.50,,,143.29,7,1003.03,75.59,4,302.36,116.93,3,350.79,139.23,,,53.88,12,646.56,248.32,,,151.85,6,911.10,91.14,,,64.98,,,59.55,14,833.70,230.55,,,153.99,4,615.96,46.41,,,0.8486,4664,0.7342,,3957,30.85,3927,4250,-262
10/08/2021,90.32,,,142.90,7,1000.30,75.59,4,302.36,116.91,3,350.73,139.79,,,54.12,12,649.44,247.70,,,152.48,6,914.88,90.93,,,64.74,,,59.22,14,829.08,230.27,,,154.72,4,618.88,46.55,,,0.84726,4666,0.734484,,3953,30.85,3922,4250,-266
10/11/2021,89.32,,,142.81,7,999.67,75.80,4,303.20,116.40,3,349.20,138.91,,,54.23,12,650.76,246.58,,,150.28,6,901.68,91.20,,,63.02,,,59.06,14,826.84,225.11,,,154.08,4,616.32,46.51,,,0.8498,4648,0.7358,,3950,30.85,3919,4250,-270
10/12/2021,89.76,,,141.51,7,990.57,75.67,4,302.68,116.15,3,348.45,136.45,,,54.23,12,650.76,244.52,,,153.35,6,920.10,90.52,,,62.97,,,58.82,14,823.48,224.05,,,154.46,4,617.84,46.46,,,0.8492,4654,0.73644,,3952,30.85,3921,4250,-267
10/13/2021,90.96,,,140.91,7,986.37,76.07,4,304.28,118.76,3,356.28,137.58,,,54.24,12,650.88,242.65,,,156.30,6,937.80,90.82,,,63.50,,,59.59,14,834.26,222.46,,,154.97,4,619.88,46.12,,,0.84835,4690,0.73157,,3979,30.85,3948,4250,-241
10/14/2021,91.78,,,143.76,7,1006.32,76.60,4,306.40,121.63,3,364.89,141.15,,,54.61,12,655.32,244.55,,,157.14,6,942.84,90.01,,,64.14,,,59.78,14,836.92,225.18,,,157.96,4,631.84,46.62,,,0.84792,4745,0.73159,,4023,30.85,3992,4250,-196
10/15/2021,91.66,,,144.84,7,1013.88,76.25,4,305.00,122.69,3,368.07,141.37,,,54.48,12,653.76,242.25,,,158.01,6,948.06,91.25,,,64.35,,,59.58,14,834.12,230.99,,,158.17,4,632.68,46.85,,,0.8395,4756,0.7272727,,3992,30.85,3961,4250,-227
10/18/2021,91.84,,,146.55,7,1025.85,75.28,4,301.12,123.53,3,370.59,142.78,,,53.94,12,647.28,242.26,,,159.43,6,956.58,90.34,,,64.64,,,59.31,14,830.34,230.65,,,157.16,4,628.64,47.23,,,0.8454,4760,0.72799,,4024,30.85,3994,4250,-195
10/19/2021,91.98,,,148.76,7,1041.32,74.78,4,299.12,124.29,3,372.87,143.24,,,54.15,12,649.80,242.77,,,157.82,6,946.92,92.62,,,63.90,,,59.07,14,826.98,233.52,,,158.84,4,635.36,48.23,,,0.8432,4772,0.7249949,,4024,30.85,3993,4250,-195
10/20/2021,92.44,,,149.26,7,1044.82,75.10,4,300.40,130.79,3,392.37,141.77,,,54.63,12,655.56,239.72,,,158.45,6,950.70,94.50,,,63.86,,,59.40,14,831.60,231.42,,,160.50,4,642.00,48.67,,,0.84298,4817,0.723432,,4061,30.85,4030,4250,-158
10/21/2021,93.06,,,149.48,7,1046.36,74.89,4,299.56,132.74,3,398.22,141.89,,,54.35,12,652.20,241.40,,,162.18,6,973.08,94.63,,,64.68,,,60.05,14,840.70,230.24,,,161.88,4,647.52,48.94,,,0.8429,4858,0.7251,,4095,30.85,4064,4250,-125
10/22/2021,93.08,,,148.69,7,1040.83,75.50,4,302.00,135.53,3,406.59,137.57,,,54.45,12,653.40,238.44,,,163.48,6,980.88,95.62,,,64.16,,,60.42,14,845.88,231.23,,,164.42,4,657.68,49.45,,,0.84054,4887,0.726797,,4108,30.85,4077,4250,-111
10/25/2021,92.00,,,148.64,7,1040.48,75.14,4,300.56,133.52,3,400.56,137.45,,,54.23,12,650.76,237.34,,,164.22,6,985.32,96.35,,,65.26,,,60.20,14,842.80,233.88,,,161.15,4,644.60,50.02,,,0.84338,4865,0.72651,,4103,30.85,4072,4250,-116
10/26/2021,91.86,,,149.32,7,1045.24,76.16,4,304.64,133.16,3,399.48,139.31,,,54.47,12,653.64,236.42,,,163.79,6,982.74,96.25,,,65.33,,,60.75,14,850.50,231.82,,,159.28,4,637.12,49.58,,,0.84235,4873,0.72642,,4105,30.85,4074,4250,-114
10/27/2021,91.16,,,148.85,7,1041.95,75.90,4,303.60,132.81,3,398.43,146.22,,,55.52,12,666.24,242.73,,,162.35,6,974.10,94.30,,,64.56,,,60.23,14,843.22,215.78,,,155.15,4,620.60,49.18,,,0.84461,4848,0.72818,,4095,30.85,4064,4250,-124
10/28/2021,91.40,,,152.57,7,1067.99,76.88,4,307.52,132.87,3,398.61,145.85,,,56.04,12,672.48,245.50,,,164.46,6,986.76,95.69,,,65.20,,,60.62,14,848.68,209.84,,,157.50,4,630.00,49.48,,,0.84638,4912,0.7246,,4157,30.85,4127,4250,-62
10/29/2021,90.64,,,149.80,7,1048.60,76.19,4,304.76,132.91,3,398.73,148.05,,,56.37,12,676.44,245.55,,,167.29,6,1003.74,94.88,,,65.49,,,60.28,14,843.92,211.77,,,160.23,4,640.92,49.81,,,0.84297,4917,0.7301935,,4145,30.85,4114,4250,-74
11/01/2021,91.60,,,148.96,7,1042.72,75.95,4,303.80,133.28,3,399.84,143.50,,,56.17,12,674.04,250.58,,,166.33,6,997.98,94.70,,,66.65,,,60.49,14,846.86,212.46,,,159.28,4,637.12,49.93,,,0.8494,4902,0.73231,,4164,30.85,4133,4250,-55
11/02/2021,93.44,,,150.02,7,1050.14,76.27,4,305.08,132.46,3,397.38,145.43,,,56.10,12,673.20,249.24,,,167.83,6,1006.98,94.62,,,67.32,,,60.55,14,847.70,209.14,,,161.23,4,644.92,49.91,,,0.8503,4925,0.7343546,,4188,30.85,4157,4450,-231
11/03/2021,95.10,,,151.49,7,1060.43,77.27,4,309.08,132.65,3,397.95,146.60,,,56.29,12,675.48,250.40,,,172.50,6,1035.00,95.15,,,68.43,,,60.82,14,851.48,208.10,,,159.72,4,638.88,50.06,,,0.84815,4968,0.7302,,4214,30.85,4183,4450,-205
11/04/2021,96.14,,,150.96,7,1056.72,77.29,4,309.16,131.81,3,395.43,148.27,,,56.60,12,679.20,253.46,,,175.44,6,1052.64,94.57,,,69.74,,,59.48,14,832.72,208.78,,,160.71,4,642.84,50.43,,,0.85538,4969,0.7402692,,4250,30.85,4219,4450,-169
11/05/2021,94.20,,,151.28,7,1058.96,77.84,4,311.36,132.90,3,398.70,148.85,,,56.84,12,682.08,254.71,,,177.51,6,1065.06,95.84,,,71.20,,,59.47,14,832.58,216.67,,,159.89,4,639.56,50.08,,,0.8568,4988,0.7405213,,4274,30.85,4243,4450,-145
11/08/2021,93.96,,,150.44,7,1053.08,77.74,4,310.96,131.88,3,395.64,149.03,,,56.33,12,675.96,253.10,,,171.85,6,1031.10,96.41,,,69.89,,,59.41,14,831.74,220.49,,,160.05,4,640.20,49.76,,,0.8542,4939,0.7372185,,4219,30.85,4188,4450,-201
11/09/2021,94.54,,,150.81,7,1055.67,78.05,4,312.20,132.05,3,396.15,148.92,,,56.49,12,677.88,252.65,,,173.82,6,1042.92,95.45,,,69.68,,,59.57,14,833.98,220.49,,,159.58,4,638.32,49.93,,,0.855,4957,0.7374631,,4238,30.85,4207,4450,-181
11/10/2021,94.88,,,147.92,7,1035.44,78.48,4,313.92,130.86,3,392.58,145.89,,,56.72,12,680.64,253.13,,,168.26,6,1009.56,95.71,,,68.96,,,59.59,14,834.26,215.56,,,162.08,4,648.32,49.48,,,0.85609,4915,0.74556,,4207,30.85,4177,4450,-212
11/11/2021,94.86,,,147.87,7,1035.09,77.99,4,311.96,129.90,3,389.70,145.77,,,56.74,12,680.88,250.16,,,166.97,6,1001.82,95.86,,,68.22,,,59.02,14,826.28,210.42,,,161.24,4,644.96,49.50,,,0.85643,4891,0.74814,,4189,30.85,4158,4450,-231
11/12/2021,96.62,,,149.99,7,1049.93,78.03,4,312.12,129.85,3,389.55,148.68,,,56.61,12,679.32,250.67,,,169.09,6,1014.54,96.17,,,68.80,,,59.02,14,826.28,212.09,,,162.98,4,651.92,49.25,,,0.85254,4924,0.7451565,,4198,30.85,4167,4450,-222
11/15/2021,97.52,,,150.00,7,1050.00,78.30,4,313.20,129.13,3,387.39,148.45,,,56.62,12,679.44,252.94,,,168.85,6,1013.10,93.98,,,69.32,,,58.86,14,824.04,212.30,,,163.00,4,652.00,48.97,,,0.84755,4919,0.7458,,4169,31.82,4137,4450,-249
11/16/2021,97.74,,,151.00,7,1057.00,77.88,4,311.52,129.53,3,388.59,147.88,,,56.22,12,674.64,252.46,,,171.83,6,1030.98,93.88,,,69.50,,,58.51,14,819.14,215.18,,,164.63,4,658.52,47.72,,,0.8429,4940,0.7449,,4164,31.82,4132,4450,-254
11/17/2021,98.68,,,153.49,7,1074.43,77.58,4,310.32,127.69,3,383.07,148.05,,,55.91,12,670.92,252.69,,,171.74,6,1030.44,90.73,,,73.55,,,58.24,14,815.36,205.06,,,165.41,4,661.64,47.31,,,0.839,4946,0.7412,,4150,32.95,4117,4450,-267
11/18/2021,99.14,,,157.87,7,1105.09,76.39,4,305.56,129.29,3,387.87,149.84,,,55.41,12,664.92,253.48,,,171.35,6,1028.10,90.72,,,73.10,,,57.74,14,808.36,203.33,,,164.49,4,657.96,47.72,,,0.84206,4958,0.74076,,4175,32.95,4142,4450,-242
11/19/2021,100.40,,,160.55,7,1123.85,77.20,4,308.80,129.38,3,388.14,148.93,,,55.13,12,661.56,251.95,,,174.88,6,1049.28,90.30,,,71.02,,,57.89,14,810.46,200.86,6,1205.16,163.39,4,653.56,47.46,,,0.83003,6201,0.7433944,,5147,32.51,5114,4450,729
11/22/2021,100.85,,,161.02,7,1127.14,77.56,4,310.24,129.33,3,387.99,146.30,,,55.47,12,665.64,253.48,,,174.24,6,1045.44,92.05,,,69.88,,,57.68,14,807.52,195.58,6,1173.48,163.02,4,652.08,48.26,,,0.83904,6170,0.7464,,5176,32.51,5144,4450,759
11/23/2021,99.06,,,161.41,7,1129.87,77.93,4,311.72,130.57,3,391.71,145.78,,,55.88,12,670.56,255.65,,,172.15,6,1032.90,94.52,,,70.95,,,58.78,14,822.92,198.49,6,1190.94,164.84,4,659.36,48.60,,,0.84063,6210,0.74761,,5220,32.51,5188,4450,803
11/24/2021,98.58,,,161.94,7,1133.58,77.76,4,311.04,130.97,3,392.91,146.12,,,55.43,12,665.16,257.11,,,172.03,6,1032.18,95.64,,,71.48,,,58.61,14,820.54,203.25,6,1219.50,165.72,4,662.88,48.85,,,0.84034,6238,0.75015,,5242,32.51,5209,4450,824
11/26/2021,99.66,,,156.81,7,1097.67,77.06,4,308.24,126.87,3,380.61,142.18,,,53.73,12,644.76,250.01,,,168.02,6,1008.12,94.59,,,69.36,,,59.05,14,826.70,197.65,6,1185.90,163.47,4,653.88,48.30,,,0.8478,6106,0.7496252,,5177,32.51,5144,4450,759
11/29/2021,100.30,,,160.24,7,1121.68,77.71,4,310.84,128.37,3,385.11,145.53,,,54.58,12,654.96,250.30,,,169.87,6,1019.22,94.97,,,70.67,,,59.36,14,831.04,196.29,6,1177.74,166.83,4,667.32,47.54,,,0.84806,6168,0.75103,,5231,32.51,5198,4450,813
11/30/2021,99.26,,,165.30,7,1157.10,75.02,4,300.08,126.57,3,379.71,141.90,,,52.45,12,629.40,244.60,,,169.24,6,1015.44,92.94,,,69.40,,,57.21,14,800.94,193.77,6,1162.62,160.67,4,642.68,46.88,,,0.8521,6088,0.75211,,5188,32.51,5155,4450,770
12/01/2021,98.90,,,164.77,7,1153.39,75.39,4,301.56,126.20,3,378.60,141.05,,,52.30,12,627.60,244.18,,,166.70,6,1000.20,93.13,,,68.01,,,56.94,14,797.16,190.16,6,1140.96,160.51,4,642.04,45.71,,,0.8523,6042,0.753012,,5149,32.51,5117,4450,732
12/02/2021,98.44,,,163.76,7,1146.32,75.48,4,301.92,128.99,3,386.97,142.97,,,53.07,12,636.84,248.80,,,170.00,6,1020.00,96.00,,,70.25,,,57.87,14,810.18,198.29,6,1189.74,163.74,4,654.96,45.16,,,0.85002,6147,0.7518797,,5225,32.51,5193,4650,608
12/03/2021,98.80,,,161.84,7,1132.88,76.77,4,307.08,128.03,3,384.09,142.00,,,53.54,12,642.48,249.33,,,170.24,6,1021.44,95.22,,,70.69,,,57.70,14,807.80,196.32,6,1177.92,163.22,4,652.88,45.84,,,0.85475,6127,0.755287,,5237,37.69,5199,4650,624
12/06/2021,100.10,,,165.32,7,1157.24,78.58,4,314.32,130.00,3,390.00,143.16,,,54.91,12,658.92,255.79,,,168.91,6,1013.46,96.79,,,72.64,,,59.20,14,828.80,202.68,6,1216.08,163.48,4,653.92,46.33,,,0.85069,6233,0.7539,,5302,37.69,5264,4650,690
12/07/2021,103.50,,,171.18,7,1198.26,77.81,4,311.24,131.82,3,395.46,147.27,,,55.21,12,662.52,259.91,,,171.29,6,1027.74,96.81,,,74.12,,,58.89,14,824.46,207.37,6,1244.22,164.25,4,657.00,46.18,,,0.851,6321,0.75494,,5379,37.69,5341,4650,767
12/08/2021,102.55,,,175.08,7,1225.56,77.76,4,311.04,129.85,3,389.55,148.19,,,55.00,12,660.00,259.58,,,170.25,6,1021.50,95.12,,,74.34,,,59.60,14,834.40,208.99,6,1253.94,163.53,4,654.12,45.72,,,0.85874,6350,0.757,,5453,37.69,5415,4650,841
12/09/2021,103.55,,,174.56,7,1221.92,78.00,4,312.00,128.70,3,386.10,147.64,,,54.86,12,658.32,262.34,,,168.10,6,1008.60,95.25,,,74.02,,,59.51,14,833.14,211.39,6,1268.34,162.79,4,651.16,46.17,,,0.85393,6340,0.7562,,5414,37.69,5376,4650,801
12/10/2021,103.30,,,179.45,7,1256.15,79.47,4,317.88,129.44,3,388.32,148.00,,,56.28,12,675.36,264.97,,,169.06,6,1014.36,95.06,,,74.73,,,59.91,14,838.74,213.40,6,1280.40,164.72,4,658.88,47.01,,,0.85216,6430,0.7535795,,5479,37.69,5442,4650,867
12/13/2021,102.50,,,175.74,7,1230.18,81.14,4,324.56,125.42,3,376.26,145.83,,,57.76,12,693.12,263.09,,,166.84,6,1001.04,96.69,,,73.13,,,59.73,14,836.22,211.02,6,1266.12,164.23,4,656.92,47.86,,,0.85387,6384,0.7568,,5451,37.69,5414,4650,839
12/14/2021,101.60,,,174.33,7,1220.31,82.13,4,328.52,125.70,3,377.10,143.91,,,57.80,12,693.60,262.52,,,165.40,6,992.40,97.14,,,72.94,,,59.66,14,835.24,209.98,6,1259.88,162.58,4,650.32,48.31,,,0.85086,6357,0.7558293,,5409,37.69,5372,4650,797
12/15/2021,102.85,,,179.30,7,1255.10,82.76,4,331.04,127.89,3,383.67,146.44,,,58.06,12,696.72,264.52,,,163.90,6,983.40,101.81,,,73.06,,,59.29,14,830.06,212.31,6,1273.86,162.53,4,650.12,48.59,,,0.85123,6404,0.75397,,5451,37.69,5414,4650,839
12/16/2021,102.30,,,172.26,7,1205.82,83.95,4,335.80,128.87,3,386.61,144.45,,,58.65,12,703.80,265.55,,,162.72,6,976.32,103.02,,,73.47,,,59.96,14,839.44,214.37,6,1286.22,166.04,4,664.16,47.78,,,0.85057,6398,0.75054,,5442,37.69,5404,4650,830
12/17/2021,100.95,,,171.14,7,1197.98,82.48,4,329.92,127.31,3,381.93,141.73,,,57.73,12,692.76,261.70,,,161.36,6,968.16,100.97,,,74.02,,,59.29,14,830.06,211.88,6,1271.28,161.31,4,645.24,46.25,,,0.84515,6317,0.755287,,5339,37.69,5301,4650,727
12/20/2021,100.75,,,169.75,7,1188.25,82.52,4,330.08,119.38,3,358.14,141.61,,,57.54,12,690.48,261.73,,,156.98,6,941.88,101.52,,,72.48,,,59.10,14,827.40,208.74,6,1252.44,160.59,4,642.36,46.40,,,0.8536,6231,0.7570023,,5319,40.89,5278,4650,710
12/21/2021,100.55,,,172.99,7,1210.93,82.09,4,328.36,120.41,3,361.23,143.47,,,57.77,12,693.24,264.39,,,166.63,6,999.78,101.22,,,74.12,,,58.83,14,823.62,215.38,6,1292.28,160.03,4,640.12,46.54,,,0.85059,6350,0.7536,,5401,42.36,5359,4650,793
12/22/2021,100.60,,,175.64,7,1229.48,82.46,4,329.84,121.30,3,363.90,146.42,,,58.18,12,698.16,264.94,,,165.44,6,992.64,101.16,,,74.00,,,59.02,14,826.28,217.96,6,1307.76,160.66,4,642.64,46.60,,,0.84824,6391,0.74895,,5421,42.36,5378,4650,813
12/23/2021,100.95,,,176.28,7,1233.96,82.79,4,331.16,121.67,3,365.01,146.92,,,58.22,12,698.64,265.95,,,165.67,6,994.02,101.25,,,73.75,,,59.42,14,831.88,216.62,6,1299.72,161.94,4,647.76,46.50,,,0.84439,6402,0.7459,,5406,42.36,5364,4650,798
12/27/2021,101.70,,,180.33,7,1262.31,83.91,4,335.64,122.25,3,366.75,147.91,,,58.65,12,703.80,268.24,,,167.58,6,1005.48,103.32,,,74.29,,,59.91,14,838.74,217.63,6,1305.78,163.79,4,655.16,46.92,,,0.84278,6474,0.7439,,5456,42.36,5414,4650,848
12/28/2021,103.25,,,179.29,7,1255.03,84.46,4,337.84,121.73,3,365.19,146.69,,,58.88,12,706.56,267.88,,,166.42,6,998.52,103.35,,,74.77,,,60.22,14,843.08,218.05,6,1308.30,165.14,4,660.56,47.59,,,0.84188,6475,0.74442,,5451,42.36,5409,4650,844
12/29/2021,103.85,,,179.38,7,1255.66,84.91,4,339.64,122.06,3,366.18,146.66,,,58.95,12,707.40,268.49,,,168.78,6,1012.68,103.97,,,75.46,,,60.32,14,844.48,218.17,6,1309.02,166.38,4,665.52,47.57,,,0.8414,6501,0.7408066,,5470,42.36,5427,4650,862
12/30/2021,103.00,,,178.20,7,1247.40,84.59,4,338.36,121.74,3,365.22,146.20,,,58.78,12,705.36,267.21,,,167.49,6,1004.94,103.05,,,75.53,,,60.28,14,843.92,217.87,6,1307.22,165.73,4,662.92,47.72,,,0.83855,6475,0.74083,,5430,43.51,5386,4650,823
12/31/2021,103.60,,,177.57,7,1242.99,85.34,4,341.36,122.86,3,368.58,144.85,,,59.21,12,710.52,268.07,,,166.67,6,1000.02,102.65,,,75.92,,,60.51,14,847.14,216.71,6,1300.26,166.90,4,667.60,48.23,,,0.8406,6478,0.7396529,,5446,43.51,5402,4650,839
01/03/2022,102.45,,,182.01,7,1274.07,84.59,4,338.36,122.03,3,366.09,144.99,,,59.30,12,711.60,268.58,,,164.67,6,988.02,102.00,,,75.55,,,60.82,14,851.48,221.43,6,1328.58,162.74,4,650.96,48.22,,,0.83818,6509,0.74166,,5456,44.32,5412,4650,850
01/04/2022,102.45,,,179.70,7,1257.90,84.87,4,339.48,121.77,3,365.31,144.40,,,60.29,12,723.48,268.51,,,166.39,6,998.34,102.16,,,76.72,,,60.53,14,847.42,222.46,6,1334.76,164.30,4,657.20,47.33,,,0.8339,6524,0.73902,,5440,44.32,5396,4650,835
01/05/2022,101.80,,,174.92,7,1224.44,85.22,4,340.88,120.10,3,360.30,137.78,,,60.79,12,729.48,267.19,,,162.25,6,973.50,102.89,,,75.14,,,60.41,14,845.74,220.00,6,1320.00,161.84,4,647.36,47.97,,,0.83434,6442,0.7377,,5375,44.32,5330,4750,669
01/06/2022,97.52,,,172.00,7,1204.00,84.66,4,338.64,122.38,3,367.14,137.75,,,60.47,12,725.64,269.69,,,161.04,6,966.24,105.25,,,75.47,,,59.82,14,837.48,219.75,6,1318.50,162.85,4,651.40,47.84,,,0.83455,6409,0.7389,,5349,44.32,5304,4750,643
01/07/2022,97.34,,,172.17,7,1205.19,84.44,4,337.76,123.43,3,370.29,137.02,,,60.33,12,723.96,267.06,,,156.97,6,941.82,109.18,,,74.38,,,60.53,14,847.42,216.96,6,1301.76,161.76,4,647.04,48.30,,,0.83385,6375,0.7358352,,5316,44.32,5272,4750,610
01/10/2022,95.22,,,172.19,7,1205.33,83.71,4,334.84,122.58,3,367.74,138.67,,,60.43,12,725.16,264.41,,,150.44,6,902.64,110.00,,,72.49,,,61.01,14,854.14,211.97,6,1271.82,159.41,4,637.64,48.20,,,0.83424,6299,0.73636,,5255,44.32,5211,4750,549
01/11/2022,95.44,,,175.08,7,1225.56,83.17,4,332.68,122.28,3,366.84,139.74,,,60.45,12,725.40,262.12,,,150.30,6,901.80,108.92,,,74.21,,,60.69,14,849.66,214.38,6,1286.28,159.46,4,637.84,48.07,,,0.8336,6326,0.7335,,5273,44.32,5229,4750,568
01/12/2022,95.54,,,175.53,7,1228.71,82.87,4,331.48,123.19,3,369.57,141.43,,,60.54,12,726.48,260.92,,,152.21,6,913.26,109.85,,,73.41,,,60.30,14,844.20,215.71,6,1294.26,159.43,4,637.72,47.81,,,0.83443,6346,0.7293946,,5295,44.32,5251,4750,589
01/13/2022,94.20,,,172.19,7,1205.33,82.54,4,330.16,122.34,3,367.02,138.59,,,60.90,12,730.80,261.41,,,149.59,6,897.54,109.26,,,72.61,,,60.39,14,845.46,215.00,6,1290.00,157.45,4,629.80,48.49,,,0.8354,6296,0.7292,,5260,44.32,5215,4750,554
01/14/2022,92.60,,,173.07,7,1211.49,83.45,4,333.80,123.50,3,370.50,139.48,,,61.39,12,736.68,257.71,,,148.18,6,889.08,109.75,,,71.18,,,61.08,14,855.12,214.67,6,1288.02,156.65,4,626.60,48.35,,,0.83308,6311,0.731101,,5258,44.32,5213,4750,552
01/18/2022,91.56,,,169.80,7,1188.60,83.12,4,332.48,121.55,3,364.65,136.00,,,60.90,12,730.80,256.48,,,146.95,6,881.70,109.87,,,68.91,,,52.26,14,731.64,215.71,6,1294.26,155.35,4,621.40,47.51,,,0.83297,6146,0.73528,,5119,44.32,5075,4750,413
01/19/2022,91.38,,,166.23,7,1163.61,84.06,4,336.24,123.23,3,369.69,135.12,,,61.00,12,732.00,255.22,,,145.11,6,870.66,107.63,,,68.51,,,56.30,14,788.20,214.68,6,1288.08,155.08,4,620.32,47.98,,,0.8335,6169,0.73483,,5142,44.32,5097,4750,436
01/20/2022,91.54,,,164.51,7,1151.57,83.29,4,333.16,123.40,3,370.20,133.31,,,60.75,12,729.00,253.13,,,142.73,6,856.38,107.17,,,67.33,,,55.58,14,778.12,214.35,6,1286.10,153.23,4,612.92,47.07,,,0.83199,6117,0.73542,,5090,44.32,5045,4750,384
01/21/2022,90.52,,,162.41,7,1136.87,83.67,4,334.68,122.71,3,368.13,130.35,,,60.45,12,725.40,254.59,,,142.95,6,857.70,108.02,,,67.46,,,55.47,14,776.58,205.93,6,1235.58,151.40,4,605.60,46.73,,,0.83444,6041,0.7375719,,5040,44.32,4996,4750,335
01/24/2022,86.94,,,161.62,7,1131.34,83.67,4,334.68,121.59,3,364.77,130.80,,,59.96,12,719.52,253.61,,,146.00,6,876.00,109.88,,,69.06,,,60.23,14,843.22,201.85,6,1211.10,149.79,4,599.16,46.73,,,0.83944,6080,0.74133,,5104,44.32,5059,4750,398
01/25/2022,87.40,,,159.78,7,1118.46,81.74,4,326.96,122.46,3,367.38,126.94,,,59.82,12,717.84,250.68,,,145.48,6,872.88,109.30,,,68.68,,,59.31,14,830.34,202.00,6,1212.00,148.01,4,592.04,45.72,,,0.83639,6038,0.74015,,5050,44.32,5006,4750,344
01/26/2022,87.86,,,159.69,7,1117.83,81.39,4,325.56,118.79,3,356.37,129.23,,,59.60,12,715.20,249.85,,,143.99,6,863.94,107.63,,,69.10,,,57.72,14,808.08,205.87,6,1235.22,147.96,4,591.84,45.25,,,0.8347,6014,0.7425,,5020,44.32,4976,4750,314
01/27/2022,88.82,,,159.22,7,1114.54,82.70,4,330.80,118.89,3,356.67,129.01,,,59.65,12,715.80,248.74,,,144.64,6,867.84,107.64,,,69.62,,,57.60,14,806.40,206.15,6,1236.90,146.25,4,585.00,45.28,,,0.83221,6014,0.74692,,5005,44.32,4961,4750,299
01/28/2022,89.04,,,170.33,7,1192.31,83.05,4,332.20,119.83,3,359.49,133.35,,,60.84,12,730.08,256.09,,,145.91,6,875.46,108.72,,,71.38,,,57.71,14,807.94,228.00,6,1368.00,147.90,4,591.60,45.84,,,0.82218,6257,0.7457122,,5144,44.32,5100,4750,439
01/31/2022,90.24,,,174.78,7,1223.46,82.45,4,329.80,121.72,3,365.16,135.30,,,61.01,12,732.12,259.45,,,148.07,6,888.42,108.66,,,71.97,,,57.81,14,809.34,226.17,6,1357.02,150.44,4,601.76,46.60,,,0.83514,6307,0.74375,,5267,44.32,5223,4750,562
02/01/2022,90.08,,,174.61,7,1222.27,81.92,4,327.68,122.66,3,367.98,137.64,,,60.56,12,726.72,258.99,,,148.22,6,889.32,108.10,,,72.80,,,57.52,14,805.28,232.36,6,1394.16,149.76,4,599.04,46.97,,,0.83345,6332,0.73935,,5278,44.32,5233,4750,572
02/02/2022,91.66,,,175.84,7,1230.88,82.80,4,331.20,125.00,3,375.00,148.00,,,61.18,12,734.16,262.28,,,148.71,6,892.26,109.48,,,72.03,,,57.60,14,806.40,235.42,6,1412.52,148.12,4,592.48,46.95,,,0.83289,6375,0.73719,,5310,44.32,5265,4850,504
02/03/2022,89.94,,,172.90,7,1210.30,82.73,4,330.92,122.23,3,366.69,143.09,,,61.61,12,739.32,260.64,,,145.31,6,871.86,109.70,,,69.81,,,58.25,14,815.50,231.54,6,1389.24,146.43,4,585.72,47.00,,,0.84093,6310,0.73538,,5306,44.32,5262,4950,400
02/04/2022,88.70,,,172.39,7,1206.73,81.12,4,324.48,122.29,3,366.87,143.29,,,60.96,12,731.52,260.06,,,145.39,6,872.34,109.07,,,69.18,,,57.83,14,809.62,228.39,6,1370.34,145.03,4,580.12,46.44,,,0.84375,6262,0.7386179,,5284,44.32,5239,4950,378
02/07/2022,88.18,,,171.66,7,1201.62,81.12,4,324.48,121.16,3,363.48,139.20,,,61.60,12,739.20,259.85,,,145.14,6,870.84,109.10,,,69.35,,,58.78,14,822.92,227.16,6,1362.96,145.09,4,580.36,45.99,,,0.84511,6266,0.7386725,,5295,44.32,5251,4950,390
02/08/2022,87.86,,,174.83,7,1223.81,80.92,4,323.68,122.72,3,368.16,139.40,,,62.00,12,744.00,260.08,,,143.53,6,861.18,109.20,,,70.44,,,58.84,14,823.76,227.94,6,1367.64,145.15,4,580.60,46.00,,,0.843,6293,0.73814,,5305,44.32,5261,4950,399
02/09/2022,89.00,,,176.28,7,1233.96,80.87,4,323.48,124.69,3,374.07,141.59,,,61.04,12,732.48,259.86,,,146.26,6,877.56,108.43,,,71.47,,,58.66,14,821.24,230.87,6,1385.22,146.64,4,586.56,45.90,,,0.84391,6335,0.73892,,5346,44.32,5301,4950,440
02/10/2022,88.72,,,172.12,7,1204.84,79.72,4,318.88,123.03,3,369.09,138.62,,,61.38,12,736.56,256.87,,,144.82,6,868.92,106.51,,,70.64,,,57.62,14,806.68,225.59,6,1353.54,143.82,4,575.28,45.36,,,0.84213,6234,0.73791,,5250,44.32,5205,4950,344
02/11/2022,88.44,,,168.64,7,1180.48,79.53,4,318.12,121.78,3,365.34,134.28,,,60.29,12,723.48,255.16,,,140.18,6,841.08,106.20,,,68.70,,,59.32,14,830.48,224.69,6,1348.14,142.64,4,570.56,45.11,,,0.83172,6178,0.7368491,,5138,44.32,5094,4950,232
02/14/2022,87.44,,,168.88,7,1182.16,79.26,4,317.04,122.82,3,368.46,135.53,,,60.68,12,728.16,253.39,,,141.59,6,849.54,106.21,,,67.99,,,58.05,14,812.70,225.34,6,1352.04,141.77,4,567.08,44.65,,,0.83537,6177,0.73894,,5160,45.24,5115,4950,255
02/15/2022,87.78,,,172.79,7,1209.53,78.58,4,314.32,125.50,3,376.50,136.61,,,60.91,12,730.92,253.81,,,145.58,6,873.48,105.78,,,68.89,,,57.93,14,811.02,227.82,6,1366.92,142.68,4,570.72,44.79,,,0.83863,6253,0.73849,,5244,45.24,5199,4950,340
02/16/2022,87.02,,,172.55,7,1207.85,78.34,4,313.36,126.93,3,380.79,137.74,,,60.90,12,730.80,253.09,,,146.49,6,878.94,106.08,,,67.10,,,58.37,14,817.18,228.82,6,1372.92,142.57,4,570.28,44.51,,,0.83719,6272,0.73611,,5251,45.24,5206,4950,346
02/17/2022,86.96,,,168.88,7,1182.16,79.15,4,316.60,126.17,3,378.51,132.54,,,62.12,12,745.44,250.93,,,142.80,6,856.80,105.23,,,65.17,,,58.15,14,814.10,224.61,6,1347.66,143.06,4,572.24,46.29,,,0.8344,6214,0.73428,,5185,46.36,5138,4950,281
02/18/2022,87.02,,,167.30,7,1171.10,79.55,4,318.20,124.69,3,374.07,130.40,,,62.54,12,750.48,250.60,,,142.95,6,857.70,106.41,,,66.15,,,58.84,14,823.76,222.69,6,1336.14,142.33,4,569.32,46.00,,,0.83307,6201,0.7355537,,5166,46.36,5119,4950,262
02/22/2022,86.40,,,164.32,7,1150.24,78.85,4,315.40,123.11,3,369.33,129.81,,,62.28,12,747.36,252.70,,,138.19,6,829.14,106.25,,,65.25,,,57.77,14,808.78,221.32,6,1327.92,141.53,4,566.12,45.48,,,0.83363,6114,0.73587,,5097,46.36,5051,4950,193
02/23/2022,88.70,,,160.07,7,1120.49,78.64,4,314.56,120.36,3,361.08,127.59,,,61.59,12,739.08,247.79,,,136.83,6,820.98,104.62,,,62.50,,,58.05,14,812.70,215.95,6,1295.70,140.60,4,562.40,45.02,,,0.83458,6027,0.73824,,5030,46.36,4984,4950,126
02/24/2022,88.48,,,162.74,7,1139.18,75.58,4,302.32,121.81,3,365.43,132.69,,,60.51,12,726.12,245.03,,,137.17,6,823.02,102.88,,,64.69,,,55.19,14,772.66,217.30,6,1303.80,141.91,4,567.64,44.84,,,0.83673,6000,0.74776,,5021,46.36,4974,4950,117
02/25/2022,88.78,,,164.85,7,1153.95,78.14,4,312.56,124.60,3,373.80,134.46,,,62.85,12,754.20,249.45,,,138.80,6,832.80,107.24,,,66.78,,,56.87,14,796.18,219.27,6,1315.62,145.16,4,580.64,45.46,,,0.83267,6120,0.7461573,,5096,46.36,5049,4950,192
02/28/2022,90.82,,,165.12,7,1155.84,76.95,4,307.80,123.99,3,371.97,135.06,,,62.24,12,746.88,244.77,,,136.55,6,819.30,105.93,,,66.10,,,56.55,14,791.70,216.12,6,1296.72,144.40,4,577.60,45.05,,,0.83527,6068,0.745,,5068,46.36,5022,4950,165
03/01/2022,92.74,,,163.20,7,1142.40,76.04,4,304.16,119.11,3,357.33,134.06,,,61.97,12,743.64,239.63,,,132.22,6,793.32,103.24,,,63.90,,,54.83,14,767.62,208.97,6,1253.82,146.58,4,586.32,45.33,,,0.8347,5949,0.7499,,4965,46.36,4919,4950,62
03/02/2022,95.44,,,166.56,7,1165.92,76.70,4,306.80,125.01,3,375.03,134.57,,,62.43,12,749.16,240.94,,,135.68,6,814.08,104.92,,,66.12,,,54.75,14,766.50,208.48,6,1250.88,150.16,4,600.64,45.39,,,0.82942,6029,0.74644,,5001,46.36,4954,4950,97
03/03/2022,95.70,,,166.23,7,1163.61,77.40,4,309.60,124.69,3,374.07,133.90,,,62.47,12,749.64,236.65,,,133.97,6,803.82,105.08,,,65.71,,,53.66,14,751.24,207.23,6,1243.38,152.81,4,611.24,46.43,,,0.829,6007,0.74901,,4979,47.78,4932,4950,77
03/04/2022,95.04,,,163.17,7,1142.19,77.36,4,309.44,126.92,3,380.76,131.91,,,62.57,12,750.84,235.81,,,131.18,6,787.08,107.19,,,62.54,,,51.39,14,719.46,200.29,6,1201.74,157.82,4,631.28,47.61,,,0.81033,5923,0.7558008,,4799,47.78,4752,4950,-103
03/07/2022,94.60,,,159.30,7,1115.10,76.68,4,306.72,126.32,3,378.96,126.38,,,61.08,12,732.96,224.33,,,124.44,6,746.64,106.52,,,58.33,,,49.37,14,691.18,190.70,6,1144.20,155.85,4,623.40,47.22,,,0.8285,5739,0.7626427,,4755,47.78,4707,4950,-147
03/08/2022,86.32,,,157.44,7,1102.08,74.87,4,299.48,122.82,3,368.46,127.10,,,58.66,12,703.92,222.79,,,121.21,6,727.26,103.76,,,60.00,,,49.17,14,688.38,191.71,6,1150.26,147.96,4,591.84,46.25,,,0.83191,5632,0.7634,,4685,47.78,4637,5050,-317
03/09/2022,90.38,,,162.95,7,1140.65,75.54,4,302.16,124.12,3,372.36,133.42,,,58.96,12,707.52,222.47,,,126.95,6,761.70,104.10,,,61.19,,,51.10,14,715.40,199.76,6,1198.56,149.98,4,599.92,46.49,,,0.8397,5798,0.7584,,4869,47.78,4821,5050,-133
03/10/2022,88.42,,,158.52,7,1109.64,73.84,4,295.36,127.70,3,383.10,132.43,,,57.88,12,694.56,222.00,,,126.03,6,756.18,104.67,,,62.05,,,49.89,14,698.46,197.97,6,1187.82,151.45,4,605.80,47.54,,,0.84046,5731,0.76317,,4817,47.78,4769,5050,-186
03/11/2022,87.68,,,154.73,7,1083.11,73.77,4,295.08,126.29,3,378.87,129.87,,,57.92,12,695.04,226.87,,,122.63,6,735.78,105.54,4,422.16,61.43,,,49.44,14,692.16,196.71,6,1180.26,151.47,4,605.88,47.36,,,0.83307,6088,0.7673653,,5072,47.78,5024,5050,70
03/14/2022,90.28,,,150.62,7,1054.34,73.96,4,295.84,123.50,3,370.50,125.95,,,58.54,12,702.48,226.18,,,117.57,6,705.42,105.71,4,422.84,61.25,,,49.89,14,698.46,200.33,6,1201.98,154.45,4,617.80,48.02,,,0.8409,6070,0.76853,,5104,47.78,5056,5050,102
03/15/2022,91.32,,,155.09,7,1085.63,75.49,4,301.96,123.58,3,370.74,129.20,,,59.62,12,715.44,232.57,,,119.40,6,716.40,107.31,4,429.24,61.72,,,49.94,14,699.16,206.14,6,1236.84,155.17,4,620.68,48.59,,,0.84067,6176,0.76649,,5192,47.78,5144,5050,190
03/16/2022,93.22,,,159.59,7,1117.13,75.15,4,300.60,127.34,3,382.02,133.28,,,59.46,12,713.52,238.14,,,125.19,6,751.14,106.14,4,424.56,62.54,,,50.72,14,710.08,211.87,6,1271.22,154.50,4,618.00,48.45,,,0.83864,6288,0.76097,,5274,47.78,5226,5050,271
03/17/2022,95.34,,,160.62,7,1124.34,75.13,4,300.52,127.71,3,383.13,133.84,,,60.09,12,721.08,237.47,,,127.41,6,764.46,109.52,4,438.08,62.25,,,50.99,14,713.86,213.45,6,1280.70,155.63,4,622.52,48.34,,,0.84343,6349,0.7598553,,5355,47.78,5307,5050,352
03/18/2022,96.42,,,163.98,7,1147.86,72.20,4,288.80,130.61,3,391.83,136.13,,,60.10,12,721.20,238.92,,,131.24,6,787.44,111.22,4,444.88,62.44,,,50.96,14,713.44,219.11,6,1314.66,155.67,4,622.68,48.48,,,0.8399,6433,0.7586102,,5403,47.78,5355,5050,401
03/21/2022,96.50,,,165.38,7,1157.66,74.15,4,296.60,132.02,3,396.06,136.10,,,60.58,12,726.96,235.32,,,130.19,6,781.14,112.18,4,448.72,60.99,,,50.72,14,710.08,217.04,6,1302.24,156.03,4,624.12,48.08,,,0.83651,6444,0.7594,,5390,47.78,5342,5050,388
03/22/2022,95.96,,,168.82,7,1181.74,74.50,4,298.00,133.34,3,400.02,139.87,,,60.80,12,729.60,238.12,,,133.09,6,798.54,113.35,4,453.40,61.13,,,51.21,14,716.94,218.47,6,1310.82,154.83,4,619.32,47.93,,,0.8312,6508,0.75378,,5410,47.78,5362,5050,408
03/23/2022,95.20,,,170.21,7,1191.47,73.63,4,294.52,133.43,3,400.29,138.28,,,60.40,12,724.80,236.12,,,133.00,6,798.00,114.00,4,456.00,59.48,,,50.33,14,704.62,214.68,6,1288.08,153.55,4,614.20,47.32,,,0.83333,6472,0.75723,,5393,47.78,5346,5050,391
03/24/2022,94.98,,,174.07,7,1218.49,73.65,4,294.60,134.28,3,402.84,141.57,,,60.98,12,731.76,240.26,,,132.08,6,792.48,114.10,4,456.40,60.07,,,50.19,14,702.66,217.31,6,1303.86,155.04,4,620.16,47.61,,,0.83429,6523,0.75782,,5442,52.87,5389,5050,445
03/25/2022,95.78,,,174.72,7,1223.04,74.78,4,299.12,136.17,3,408.51,141.67,,,61.53,12,738.36,241.58,,,133.70,6,802.20,116.67,4,466.68,61.29,,,50.51,14,707.14,218.43,6,1310.58,156.28,4,625.12,47.82,,,0.833,6581,0.7574036,,5482,52.87,5429,5050,485
03/28/2022,95.68,,,175.60,7,1229.20,75.39,4,301.56,135.72,3,407.16,141.46,,,61.92,12,743.04,242.94,,,134.81,6,808.86,116.88,4,467.52,62.00,,,50.85,14,711.90,220.77,6,1324.62,158.16,4,632.64,48.67,,,0.83894,6627,0.76315,,5559,52.87,5506,5050,562
03/29/2022,96.60,,,178.96,7,1252.72,76.20,4,304.80,136.06,3,408.18,142.51,,,62.16,12,745.92,248.17,,,139.14,6,834.84,116.19,4,464.76,64.31,,,52.03,14,728.42,228.12,6,1368.72,157.75,4,631.00,49.08,,,0.84699,6739,0.76372,,5708,52.87,5655,5050,711
03/30/2022,96.28,,,177.77,7,1244.39,76.36,4,305.44,136.63,3,409.89,141.94,,,62.21,12,746.52,249.03,,,138.54,6,831.24,117.17,4,468.68,62.00,,,52.04,14,728.56,223.95,6,1343.70,159.45,4,637.80,49.96,,,0.84927,6716,0.7611,,5704,52.87,5651,5050,707
03/31/2022,96.58,,,174.61,7,1222.27,75.83,4,303.32,134.14,3,402.42,139.07,,,62.00,12,744.00,247.28,,,134.56,6,807.36,113.99,4,455.96,60.58,,,51.27,14,717.78,221.77,6,1330.62,158.50,4,634.00,49.64,,,0.84188,6618,0.76063,,5571,52.87,5518,5050,574
04/01/2022,95.80,,,174.31,7,1220.17,76.42,4,305.68,127.81,3,383.43,140.15,,,62.87,12,754.44,249.25,,,133.52,6,801.12,115.19,4,460.76,60.89,,,52.43,14,734.02,226.36,6,1358.16,159.81,4,639.24,50.34,,,0.84045,6657,0.7624334,,5595,55.55,5539,5150,500
04/04/2022,96.94,,,178.44,7,1249.08,76.59,4,306.36,130.12,3,390.36,142.97,,,62.54,12,750.48,246.83,,,134.34,6,806.04,114.10,4,456.40,62.07,,,52.37,14,733.18,227.74,6,1366.44,159.39,4,637.56,50.35,,,0.83687,6696,0.76251,,5604,55.55,5548,5150,509
04/05/2022,98.22,,,175.06,7,1225.42,77.45,4,309.80,128.87,3,386.61,140.59,,,62.47,12,749.64,248.51,,,132.30,6,793.80,114.23,4,456.92,61.71,,,51.93,14,727.02,226.09,6,1356.54,160.59,4,642.36,50.49,,,0.83394,6648,0.76468,,5544,60.15,5484,5150,454
04/06/2022,97.80,,,171.83,7,1202.81,78.81,4,315.24,127.44,3,382.32,136.55,,,63.10,12,757.20,251.46,,,128.36,6,770.16,116.87,4,467.48,60.53,,,51.65,14,723.10,219.01,6,1314.06,161.10,4,644.40,51.66,,,0.8338,6577,0.76499,,5484,60.15,5424,5150,394
04/07/2022,98.84,,,172.14,7,1204.98,80.42,4,321.68,127.04,3,381.12,135.89,,,63.44,12,761.28,254.36,,,129.38,6,776.28,119.53,4,478.12,61.33,,,51.89,14,726.46,216.15,6,1296.90,163.78,4,655.12,52.18,,,0.83125,6602,0.76515,,5488,60.15,5428,5150,398
04/08/2022,99.10,,,170.09,7,1190.63,80.25,4,321.00,124.37,3,373.11,133.29,,,63.83,12,765.96,251.46,,,128.15,6,768.90,118.51,4,474.04,61.56,,,51.56,14,721.84,216.98,6,1301.88,165.15,4,660.60,52.47,,,0.8342,6578,0.7680905,,5487,60.15,5427,5150,397
04/11/2022,98.98,,,165.75,7,1160.25,80.44,4,321.76,124.13,3,372.39,128.82,,,63.81,12,765.72,250.45,,,124.98,6,749.88,118.43,4,473.72,61.86,,,51.03,14,714.42,214.75,6,1288.50,164.16,4,656.64,51.43,,,0.83522,6503,0.7678,,5432,60.15,5372,5150,342
04/12/2022,98.12,,,167.66,7,1173.62,81.00,4,324.00,122.86,3,368.58,127.71,,,64.56,12,774.72,249.17,,,125.04,6,750.24,115.30,4,461.20,62.83,,,50.06,14,700.84,211.40,6,1268.40,161.85,4,647.40,51.08,,,0.83257,6469,0.76908,,5386,60.15,5326,5150,296
04/13/2022,97.92,,,170.40,7,1192.80,80.99,4,323.96,125.75,3,377.25,129.89,,,64.73,12,776.76,251.33,,,127.49,6,764.94,113.91,4,455.64,63.70,,,50.64,14,708.96,213.27,6,1279.62,159.74,4,638.96,52.41,,,0.83047,6519,0.76218,,5414,60.15,5354,5150,324
04/14/2022,99.12,,,165.29,7,1157.03,80.94,4,323.76,127.19,3,381.57,126.73,,,65.02,12,780.24,250.51,,,133.46,6,800.76,112.11,4,448.44,62.71,,,50.24,14,703.36,212.79,6,1276.74,159.16,4,636.64,52.36,,,0.8275,6509,0.76511,,5386,60.15,5326,5150,296
04/18/2022,99.12,,,165.07,7,1155.49,80.01,4,320.04,126.31,3,378.93,127.68,,,64.44,12,773.28,251.06,,,131.63,6,789.78,109.64,4,438.56,62.44,,,49.75,14,696.50,213.17,6,1279.02,158.01,4,632.04,51.96,,,0.8285,6464,0.76865,,5355,60.15,5295,5150,265
04/19/2022,96.58,,,167.40,7,1171.80,80.61,4,322.44,127.31,3,381.93,130.01,,,65.07,12,780.84,255.40,,,137.05,6,822.30,111.15,4,444.60,65.43,,,50.39,14,705.46,215.70,6,1294.20,159.08,4,636.32,52.55,,,0.82937,6560,0.76842,,5441,60.15,5380,5150,351
04/20/2022,97.20,,,167.23,7,1170.61,81.53,4,326.12,128.74,3,386.22,128.04,,,65.96,12,791.52,255.85,,,135.87,6,815.22,113.04,4,452.16,66.78,,,51.10,14,715.40,217.79,6,1306.74,160.59,4,642.36,53.21,,,0.82995,6606,0.76518,,5483,60.15,5423,5150,393
04/21/2022,97.22,,,166.42,7,1164.94,82.10,4,328.40,127.46,3,382.38,124.81,,,66.21,12,794.52,255.25,,,135.46,6,812.76,113.02,4,452.08,65.94,,,51.23,14,717.22,216.45,6,1298.70,161.16,4,644.64,53.29,,,0.83175,6596,0.76768,,5486,60.15,5426,5150,396
04/22/2022,96.38,,,161.79,7,1132.53,81.10,4,324.40,123.39,3,370.17,119.64,,,65.25,12,783.00,250.17,,,129.07,6,774.42,108.34,4,433.36,62.71,,,51.09,14,715.26,208.17,6,1249.02,157.51,4,630.04,52.29,,,0.83794,6412,0.7787555,,5373,60.15,5313,5150,283
04/25/2022,95.58,,,162.88,7,1140.16,81.81,4,327.24,124.34,3,373.02,123.07,,,65.94,12,791.28,252.88,,,127.94,6,767.64,110.56,4,442.24,63.39,,,52.19,14,730.66,209.95,6,1259.70,155.96,4,623.84,52.31,,,0.84087,6456,0.78493,,5428,60.15,5368,5150,339
04/26/2022,95.34,,,156.80,7,1097.60,80.52,4,322.08,122.46,3,367.38,118.65,,,65.05,12,780.60,248.58,,,120.52,6,723.12,108.41,4,433.64,61.42,,,51.37,14,719.18,201.10,6,1206.60,164.15,4,656.60,51.77,,,0.84574,6307,0.79466,,5334,60.15,5274,5150,244
04/27/2022,96.04,,,156.57,7,1095.99,80.69,4,322.76,121.19,3,363.57,114.29,,,65.56,12,786.72,247.14,,,121.24,6,727.44,106.95,4,427.80,61.47,,,50.45,14,706.30,214.11,6,1284.66,167.45,4,669.80,51.41,,,0.84151,6385,0.79733,,5373,60.15,5313,5150,283
04/28/2022,97.42,,,163.64,7,1145.48,81.22,4,324.88,121.16,3,363.48,118.52,,,66.19,12,794.28,254.19,,,127.05,6,762.30,110.42,4,441.68,63.34,,,51.93,14,727.02,220.66,6,1323.96,169.65,4,678.60,52.07,,,0.8426,6562,0.80232,,5529,60.15,5469,5150,439
04/29/2022,96.58,,,157.65,7,1103.55,77.05,4,308.20,117.62,3,352.86,114.11,,,64.61,12,775.32,249.16,,,124.70,6,748.20,107.36,4,429.44,61.28,,,52.04,14,728.56,213.13,6,1278.78,164.44,4,657.76,51.00,,,0.83474,6383,0.7952286,,5328,60.15,5268,5150,238
05/02/2022,92.62,,,157.96,7,1105.72,75.18,4,300.72,117.50,3,352.50,116.58,,,63.44,12,761.28,246.64,,,126.08,6,756.48,110.33,4,441.32,62.30,,,51.35,14,718.90,211.53,6,1269.18,159.04,4,636.16,50.66,,,0.84079,6342,0.80011,,5333,60.15,5272,5150,243
05/03/2022,93.08,,,159.48,7,1116.36,74.49,4,297.96,118.15,3,354.45,117.33,,,63.08,12,756.96,245.87,,,122.86,6,737.16,112.23,4,448.92,62.02,,,51.36,14,719.04,208.56,6,1251.36,159.33,4,637.32,50.84,,,0.84198,6320,0.7999744,,5321,60.15,5261,5150,231
05/04/2022,95.82,,,166.02,7,1162.14,77.00,4,308.00,122.77,3,368.31,122.26,,,65.03,12,780.36,254.32,,,126.06,6,756.36,115.84,4,463.36,64.07,,,51.64,14,722.96,214.52,6,1287.12,162.33,4,649.32,51.54,,,0.84172,6498,0.79251,,5469,60.15,5409,5150,380
05/05/2022,96.48,,,156.77,7,1097.39,76.09,4,304.36,118.35,3,355.05,116.51,,,64.51,12,774.12,248.92,,,118.63,6,711.78,112.41,4,449.64,61.71,,,50.42,14,705.88,205.24,6,1231.44,158.64,4,634.56,50.91,,,0.85239,6264,0.80879,,5340,60.15,5279,5150,250
05/06/2022,93.54,,,157.28,7,1100.96,76.84,4,307.36,116.34,3,349.02,115.75,,,64.74,12,776.88,250.78,,,114.49,6,686.94,109.46,4,437.84,60.41,,,50.04,14,700.56,202.82,6,1216.92,161.78,4,647.12,49.85,,,0.84906,6224,0.8103071,,5284,60.15,5224,5150,194
05/09/2022,93.32,,,152.06,7,1064.42,77.67,4,310.68,110.93,3,332.79,112.51,,,64.61,12,775.32,247.49,,,111.21,6,667.26,108.75,4,435.00,59.14,,,50.43,14,706.02,193.00,6,1158.00,159.24,4,636.96,50.44,,,0.85623,6086,0.81045,,5211,60.15,5151,5150,122
05/10/2022,92.70,,,154.51,7,1081.57,76.67,4,306.68,109.95,3,329.85,114.40,,,64.01,12,768.12,245.68,,,109.49,6,656.94,108.27,4,433.08,56.20,,,51.18,14,716.52,193.58,6,1161.48,156.95,4,627.80,49.73,,,0.8553,6082,0.8124,,5202,60.15,5142,5150,112
05/11/2022,92.86,,,146.50,7,1025.50,76.75,4,307.00,111.24,3,333.72,113.60,,,64.31,12,771.72,244.43,,,107.92,6,647.52,107.87,4,431.48,54.99,,,50.31,14,704.34,196.72,6,1180.32,157.78,4,631.12,49.21,,,0.85913,6033,0.81738,,5183,60.15,5123,5150,93
05/12/2022,91.70,,,142.56,7,997.92,77.55,4,310.20,111.28,3,333.84,112.84,,,64.51,12,774.12,244.19,,,107.90,6,647.40,108.80,4,435.20,56.00,,,50.84,14,711.76,193.97,6,1163.82,155.48,4,621.92,49.16,,,0.85005,5996,0.81926,,5097,60.15,5037,5150,7
05/13/2022,93.26,,,147.11,7,1029.77,78.40,4,313.60,110.62,3,331.86,116.05,,,65.72,12,788.64,245.04,,,113.01,6,678.06,107.82,4,431.28,57.19,,,51.94,14,727.16,199.23,6,1195.38,157.90,4,631.60,49.35,,,0.84062,6127,0.8149959,,5151,61.27,5090,5150,62
05/16/2022,94.26,,,145.54,7,1018.78,78.73,4,314.92,112.66,3,337.98,114.45,,,65.96,12,791.52,244.04,,,112.60,6,675.60,109.75,4,439.00,56.12,,,51.27,14,717.78,197.81,6,1186.86,157.43,4,629.72,49.40,,,0.8467,6112,0.81137,,5175,61.27,5114,5150,86
05/17/2022,94.34,,,149.24,7,1044.68,78.77,4,315.08,115.17,3,345.51,116.47,,,65.78,12,789.36,241.63,,,115.90,6,695.40,111.19,4,444.76,56.19,,,51.59,14,722.26,204.00,6,1224.00,157.23,4,628.92,43.78,,,0.84477,6210,0.801,,5246,62.57,5183,5150,159
05/18/2022,93.06,,,140.82,7,985.74,75.71,4,302.84,112.70,3,338.10,111.90,,,61.20,12,734.40,231.05,,,109.37,6,656.22,111.90,4,447.60,60.19,,,49.73,14,696.22,199.99,6,1199.94,153.06,4,612.24,40.81,,,0.8482,5973,0.80999,,5067,62.57,5004,5150,-21
05/19/2022,91.54,,,137.35,7,961.45,75.12,4,300.48,110.91,3,332.73,110.38,,,60.00,12,720.00,229.00,,,106.44,6,638.64,110.42,4,441.68,61.41,,,48.43,14,678.02,197.37,6,1184.22,152.77,4,611.08,39.69,,,0.84872,5868,0.80243,,4981,62.57,4918,5150,-107
05/20/2022,92.76,,,137.59,7,963.13,75.13,4,300.52,111.62,3,334.86,108.91,,,60.98,12,731.76,233.91,,,108.00,6,648.00,110.99,4,443.96,57.87,,,49.49,14,692.86,199.03,6,1194.18,154.50,4,618.00,39.73,,,0.83839,5927,0.8006405,,4969,62.57,4907,5150,-118
05/23/2022,93.52,,,143.11,7,1001.77,76.52,4,306.08,112.86,3,338.58,111.49,,,62.86,12,754.32,238.00,,,108.63,6,651.78,112.94,4,451.76,60.31,,,50.00,14,700.00,207.56,6,1245.36,156.08,4,624.32,40.87,,,0.84989,6074,0.7957,,5162,62.57,5100,5150,75
05/24/2022,92.68,,,140.36,7,982.52,78.12,4,312.48,110.44,3,331.32,105.97,,,64.02,12,768.24,244.52,,,107.29,6,643.74,114.73,4,458.92,59.68,,,50.29,14,704.06,202.63,6,1215.78,157.60,4,630.40,41.38,,,0.85575,6047,0.79726,,5175,62.57,5113,5150,88
05/25/2022,91.60,,,140.52,7,983.64,77.49,4,309.96,110.09,3,330.27,105.81,,,64.07,12,768.84,244.01,,,108.20,6,649.20,115.62,4,462.48,61.22,,,49.34,14,690.76,203.84,6,1223.04,156.01,4,624.04,41.12,,,0.84903,6042,0.7945273,,5130,62.57,5067,5150,43
05/26/2022,90.96,,,143.78,7,1006.46,78.16,4,312.64,112.53,3,337.59,107.79,,,64.30,12,771.60,248.09,,,112.94,6,677.64,116.81,4,467.24,64.11,,,49.30,14,690.20,208.55,6,1251.30,157.99,4,631.96,42.00,,,0.85059,6147,0.79256,,5228,62.57,5166,5150,141
05/27/2022,93.16,,,149.64,7,1047.48,78.86,4,315.44,114.06,3,342.18,112.32,,,64.68,12,776.16,251.87,,,115.99,6,695.94,120.34,4,481.36,64.59,,,49.48,14,692.72,212.88,6,1277.28,161.00,4,644.00,42.83,,,0.84242,6273,0.7917594,,5284,62.57,5222,5150,197
05/31/2022,92.14,,,148.84,7,1041.88,78.81,4,315.24,113.78,3,341.34,113.76,,,63.38,12,760.56,252.21,,,118.85,6,713.10,119.38,4,477.52,63.57,,,54.37,14,761.18,212.17,6,1273.02,158.51,4,634.04,42.88,,,0.85131,6318,0.79309,,5378,62.57,5316,5150,291
06/01/2022,89.28,,,148.71,7,1040.97,78.20,4,312.80,114.09,3,342.27,113.89,,,63.07,12,756.84,249.28,,,118.68,6,712.08,118.47,4,473.88,62.50,,,52.02,14,728.28,209.93,6,1259.58,158.53,4,634.12,41.82,,,0.85299,6261,0.80108,,5340,62.57,5278,5150,253
06/02/2022,90.06,,,151.21,7,1058.47,79.27,4,317.08,118.21,3,354.63,117.62,,,63.73,12,764.76,250.38,,,123.41,6,740.46,119.38,4,477.52,63.77,,,52.48,14,734.72,215.05,6,1290.30,159.38,4,637.52,42.50,,,0.8547,6375,0.79496,,5449,62.57,5387,5250,262
06/03/2022,89.18,,,145.38,7,1017.66,78.93,4,315.72,117.27,3,351.81,114.54,,,62.97,12,755.64,248.36,,,120.95,6,725.70,119.11,4,476.44,62.03,,,52.34,14,732.76,212.65,6,1275.90,159.12,4,636.48,41.77,,,0.85096,6288,0.8006405,,5351,64.08,5287,5250,165
06/06/2022,89.90,,,146.14,7,1022.98,78.78,4,315.12,117.73,3,353.19,116.82,,,62.87,12,754.44,248.07,,,120.23,6,721.38,120.07,4,480.28,61.73,,,52.55,14,735.70,212.94,6,1277.64,157.94,4,631.76,41.62,,,0.85354,6292,0.7985,,5371,64.08,5307,5250,185
06/07/2022,89.56,,,148.71,7,1040.97,78.71,4,314.84,116.64,3,349.92,117.15,,,63.25,12,759.00,248.94,,,121.67,6,730.02,121.19,4,484.76,61.05,,,52.59,14,736.26,214.50,6,1287.00,159.80,4,639.20,41.12,,,0.8499,6342,0.79445,,5390,64.08,5326,5250,204
06/08/2022,88.28,,,147.96,7,1035.72,77.87,4,311.48,114.87,3,344.61,117.19,,,62.89,12,754.68,245.61,,,122.40,6,734.40,119.63,4,478.52,61.43,,,51.80,14,725.20,213.50,6,1281.00,157.06,4,628.24,40.77,,,0.8546,6294,0.79743,,5379,64.08,5315,5250,193
06/09/2022,86.78,,,142.64,7,998.48,76.85,4,307.40,112.71,3,338.13,114.84,,,61.80,12,741.60,242.16,,,118.60,6,711.60,115.54,4,462.16,60.65,,,50.84,14,711.76,206.11,6,1236.66,153.35,4,613.40,40.34,,,0.84999,6121,0.80045,,5203,64.08,5139,5250,17
06/10/2022,88.04,,,137.13,7,959.91,76.63,4,306.52,109.96,3,329.88,111.16,,,61.41,12,736.92,237.38,,,114.73,6,688.38,113.56,4,454.24,58.97,,,50.69,14,709.66,199.51,6,1197.06,151.41,4,605.64,40.57,,,0.84885,5988,0.8119519,,5083,64.08,5019,5250,-103
06/13/2022,87.60,,,131.88,7,923.16,76.19,4,304.76,107.76,3,323.28,106.39,,,61.34,12,736.08,238.47,,,110.44,6,662.64,113.54,4,454.16,57.33,,,49.83,14,697.62,192.26,6,1153.56,147.86,4,591.44,39.80,,,0.85745,5847,0.8234,,5013,64.08,4949,5250,-173
06/14/2022,84.96,,,132.76,7,929.32,74.27,4,297.08,108.45,3,325.35,106.72,,,59.23,12,710.76,238.76,,,110.72,6,664.32,112.41,4,449.64,57.33,,,49.01,14,686.14,193.52,6,1161.12,145.62,4,582.48,39.82,,,0.8689,5806,0.83246,,5045,64.08,4981,5250,-141
06/15/2022,86.16,,,135.43,7,948.01,74.16,4,296.64,110.32,3,330.96,109.76,,,59.67,12,716.04,238.90,,,113.44,6,680.64,112.57,4,450.28,57.63,,,49.57,14,693.98,196.16,6,1176.96,145.41,4,581.64,39.79,,,0.8588,5875,0.8214,,5046,64.08,4981,5250,-140
06/16/2022,85.26,,,130.06,7,910.42,73.92,4,295.68,108.27,3,324.81,106.03,,,59.07,12,708.84,235.19,,,107.12,6,642.72,110.21,4,440.84,56.74,,,49.15,14,688.10,189.05,6,1134.30,142.34,4,569.36,40.21,,,0.8536,5715,0.8094,,4878,64.08,4814,5250,-308
06/17/2022,86.44,,,131.56,7,920.92,74.04,4,296.16,108.11,3,324.33,107.14,,,59.43,12,713.16,234.38,,,107.34,6,644.04,109.56,4,438.24,56.62,,,49.19,14,688.66,190.01,6,1140.06,140.65,4,562.60,39.43,,,0.85854,5728,0.8178621,,4918,69.23,4849,5250,-263
06/21/2022,86.34,,,135.87,7,951.09,76.46,4,305.84,109.25,3,327.75,111.54,,,60.70,12,728.40,239.59,,,108.68,6,652.08,112.18,4,448.72,57.49,,,49.92,14,698.88,194.39,6,1166.34,143.99,4,575.96,40.72,,,0.85858,5855,0.81522,,5027,71.03,4956,5250,-152
06/22/2022,86.96,,,135.35,7,947.45,77.91,4,311.64,109.92,3,329.76,111.49,,,61.15,12,733.80,243.06,,,104.92,6,629.52,111.85,4,447.40,57.07,,,49.92,14,698.88,193.82,6,1162.92,144.91,4,579.64,40.23,,,0.8622,5841,0.81627,,5036,71.03,4965,5250,-143
06/23/2022,87.62,,,138.27,7,967.89,78.88,4,315.52,109.50,3,328.50,112.24,,,61.88,12,742.56,243.58,,,108.00,6,648.00,109.75,4,439.00,57.30,,,50.14,14,701.96,196.64,6,1179.84,147.19,4,588.76,41.21,,,0.85792,5912,0.81561,,5072,71.03,5001,5250,-107
06/24/2022,90.26,,,141.66,7,991.62,80.38,4,321.52,113.77,3,341.31,117.98,,,63.04,12,756.48,247.90,,,112.91,6,677.46,115.99,4,463.96,60.24,,,52.03,14,728.42,205.51,6,1233.06,150.31,4,601.24,41.24,,,0.85678,6115,0.8152617,,5239,71.03,5168,5250,60
06/27/2022,91.28,,,141.66,7,991.62,79.88,4,319.52,113.42,3,340.26,115.83,,,62.91,12,754.92,247.03,,,110.50,6,663.00,116.56,4,466.24,59.81,,,51.75,14,724.50,203.56,6,1221.36,149.53,4,598.12,41.37,,,0.8626,6080,0.81517,,5244,71.03,5173,5250,65
06/28/2022,90.62,,,137.44,7,962.08,78.88,4,315.52,111.01,3,333.03,112.01,,,62.28,12,747.36,242.83,,,102.78,6,616.68,115.42,4,461.68,57.48,,,51.00,14,714.00,198.12,6,1188.72,148.88,4,595.52,40.79,,,0.86324,5935,0.82036,,5123,71.03,5052,5250,-56
06/29/2022,91.88,,,139.23,7,974.61,79.67,4,318.68,112.55,3,337.65,111.70,,,62.73,12,752.76,247.74,,,103.25,6,619.50,113.64,4,454.56,57.09,,,51.26,14,717.64,199.50,6,1197.00,151.25,4,605.00,40.64,,,0.8612,5977,0.82428,,5148,71.03,5077,5250,-31
06/30/2022,92.56,,,136.72,7,957.04,80.14,4,320.56,112.47,3,337.41,108.96,,,62.91,12,754.92,246.88,,,102.20,6,613.20,116.27,4,465.08,55.85,,,51.56,14,721.84,196.89,6,1181.34,152.98,4,611.92,40.53,,,0.86154,5963,0.82231,,5138,71.03,5067,5250,-41
07/01/2022,92.04,,,138.93,7,972.51,81.97,4,327.88,113.19,3,339.57,108.74,,,64.38,12,772.56,252.96,,,101.18,6,607.08,118.48,4,473.92,56.04,,,52.08,14,729.12,199.18,6,1195.08,155.65,4,622.60,40.88,,,0.85874,6040,0.8257638,,5187,72.09,5115,5350,-91
07/05/2022,93.42,,,141.56,7,990.92,81.00,4,324.00,113.31,3,339.93,113.26,,,63.28,12,759.36,252.29,,,104.32,6,625.92,117.14,4,468.56,57.58,,,51.57,14,721.98,200.54,6,1203.24,151.70,4,606.80,41.42,,,0.85833,6041,0.83688,,5185,77.07,5108,5350,-88
07/06/2022,95.88,,,142.92,7,1000.44,81.02,4,324.08,113.64,3,340.92,114.57,,,63.41,12,760.92,251.46,,,104.23,6,625.38,120.04,4,480.16,57.97,,,51.95,14,727.30,201.12,6,1206.72,154.56,4,618.24,41.71,,,0.85406,6084,0.8387,,5196,77.07,5119,5350,-77
07/07/2022,95.78,,,146.35,7,1024.45,79.46,4,317.84,113.28,3,339.84,118.78,,,62.91,12,754.92,252.94,,,108.13,6,648.78,120.62,4,482.48,59.49,,,51.90,14,726.60,202.80,6,1216.80,153.56,4,614.24,41.77,,,0.84524,6126,0.83139,,5178,77.07,5101,5350,-95
07/08/2022,95.88,,,147.04,7,1029.28,78.35,4,313.40,112.75,3,338.25,119.35,,,63.14,12,757.68,253.24,,,107.93,6,647.58,120.38,4,481.52,58.94,,,51.90,14,726.60,203.57,6,1221.42,152.76,4,611.04,41.80,,,0.8401,6127,0.8311861,,5147,77.07,5070,5350,-126
07/11/2022,97.50,,,144.87,7,1014.09,78.70,4,314.80,111.67,3,335.01,115.68,,,62.94,12,755.28,253.28,,,105.11,6,630.66,120.32,4,481.28,58.40,,,51.50,14,721.00,205.06,6,1230.36,152.58,4,610.32,41.82,,,0.8442,6093,0.84027,,5144,77.07,5066,5350,-129
07/12/2022,97.08,,,145.86,7,1021.02,78.31,4,313.24,110.69,3,332.07,114.02,,,62.67,12,752.04,251.48,,,103.76,6,622.56,117.05,4,468.20,58.98,,,51.77,14,724.78,204.82,6,1228.92,151.03,4,604.12,41.69,,,0.84443,6067,0.84191,,5123,77.07,5046,5350,-150
07/13/2022,98.10,,,145.49,7,1018.43,78.43,4,313.72,110.92,3,332.76,111.35,,,62.38,12,748.56,252.67,,,105.11,6,630.66,117.42,4,469.68,59.08,,,52.05,14,728.70,204.15,6,1224.90,150.43,4,601.72,41.79,,,0.84565,6069,0.8429,,5132,77.07,5055,5350,-141
07/14/2022,98.54,,,148.47,7,1039.29,78.34,4,313.36,110.82,3,332.46,110.37,,,62.18,12,746.16,252.60,,,103.22,6,619.32,112.33,4,449.32,58.75,,,51.67,14,723.38,205.91,6,1235.46,151.07,4,604.28,42.61,,,0.84666,6063,0.84462,,5133,77.07,5056,5350,-140
07/15/2022,99.38,,,150.17,7,1051.19,78.15,4,312.60,111.66,3,334.98,111.78,,,62.50,12,750.00,255.01,,,104.70,6,628.20,116.08,4,464.32,60.56,,,51.99,14,727.86,210.04,6,1260.24,152.01,4,608.04,43.02,,,0.84644,6137,0.8431703,,5195,77.07,5118,5350,-78
07/18/2022,99.78,,,147.07,10,1470.70,77.12,4,308.48,112.43,3,337.29,109.03,5,545.15,61.65,12,739.80,252.42,,,103.94,8,831.52,110.29,4,441.16,60.49,,,51.68,14,723.52,207.21,6,1243.26,149.27,4,597.08,42.92,,,0.8489,7238,0.83694,,6144,75.78,6069,5350,870
07/19/2022,99.42,,,151.00,10,1510.00,77.53,4,310.12,115.43,3,346.29,113.81,5,569.05,62.53,12,750.36,256.50,,,109.19,8,873.52,111.96,4,447.84,62.65,,,53.21,14,744.94,213.66,6,1281.96,152.14,4,608.56,43.19,,,0.8523,7443,0.83309,,6343,75.78,6268,5350,1069
07/20/2022,99.62,,,153.04,10,1530.40,75.61,4,302.44,114.75,3,344.25,113.90,5,569.50,61.50,12,738.00,254.58,,,111.11,8,888.88,111.34,4,445.36,63.04,,,52.39,14,733.46,213.37,6,1280.22,152.75,4,611.00,43.55,,,0.85058,7444,0.8353,,6331,75.78,6256,5350,1057
07/21/2022,102.25,,,155.35,10,1553.50,76.16,4,304.64,116.04,3,348.12,114.34,5,571.70,61.36,12,736.32,253.47,,,111.62,8,892.96,111.29,4,445.16,63.74,,,52.49,14,734.86,216.19,6,1297.14,155.25,4,621.00,44.18,,,0.8519,7505,0.8336,,6394,75.78,6318,5350,1120
07/22/2022,102.40,,,154.09,10,1540.90,77.47,4,309.88,115.56,3,346.68,107.90,5,539.50,61.59,12,739.08,253.99,,,109.12,8,872.96,111.19,4,444.76,63.76,,,52.90,14,740.60,213.70,6,1282.20,154.93,4,619.72,44.07,,,0.8473,7436,0.8329169,,6301,75.78,6225,5350,1027
07/25/2022,102.75,,,152.95,10,1529.50,77.85,4,311.40,117.28,3,351.84,107.51,5,537.55,62.19,12,746.28,250.38,,,109.28,8,874.24,112.64,4,450.56,63.29,,,53.03,14,742.42,214.27,6,1285.62,155.90,4,623.60,44.01,,,0.848,7453,0.82952,,6320,75.78,6244,5350,1046
07/26/2022,103.00,,,151.60,10,1516.00,78.53,4,314.12,116.79,3,350.37,105.02,5,525.10,63.21,12,758.52,257.09,,,105.20,8,841.60,112.59,4,450.36,60.66,,,54.96,14,769.44,212.49,6,1274.94,155.01,4,620.04,40.66,,,0.84149,7420,0.83078,,6244,75.78,6168,5350,970
07/27/2022,104.10,,,156.79,10,1567.90,78.76,4,315.04,122.46,3,367.38,113.06,5,565.30,63.01,12,756.12,258.89,,,107.86,8,862.88,113.12,4,452.48,60.80,,,54.50,14,763.00,210.47,6,1262.82,159.30,4,637.20,42.20,,,0.83905,7550,0.82216,,6335,75.78,6259,5350,1061
07/28/2022,106.40,,,157.35,10,1573.50,79.19,4,316.76,124.29,3,372.87,114.22,5,571.10,64.06,12,768.72,263.46,,,112.23,8,897.84,114.19,4,456.76,61.19,,,54.38,14,761.32,211.35,6,1268.10,164.57,4,658.28,43.25,,,0.8372,7645,0.82146,,6401,75.78,6325,5350,1126
07/29/2022,106.00,,,162.51,10,1625.10,78.74,4,314.96,126.68,3,380.04,116.32,5,581.60,64.17,12,770.04,263.37,,,114.92,8,919.36,115.06,4,460.24,61.16,,,54.74,14,766.36,212.11,6,1272.66,164.56,4,658.24,44.02,,,0.83464,7749,0.8210181,,6467,75.78,6392,5350,1193
08/01/2022,105.20,,,161.51,10,1615.10,81.10,4,324.40,125.49,3,376.47,114.86,5,574.30,64.52,12,774.24,264.23,,,114.30,8,914.40,113.26,4,453.04,62.65,,,55.01,14,770.14,211.36,6,1268.16,163.36,4,653.44,44.18,,,0.83732,7724,0.81605,,6467,75.78,6391,5350,1193
08/02/2022,105.30,,,160.01,10,1600.10,80.26,4,321.04,124.98,3,374.94,115.13,5,575.65,63.64,12,763.68,261.05,,,111.77,8,894.16,113.19,4,452.76,61.64,,,54.55,14,763.70,206.26,6,1237.56,163.33,4,653.32,44.23,,,0.83628,7637,0.82352,,6387,75.78,6311,5450,1012
08/03/2022,107.40,,,166.13,10,1661.30,81.43,4,325.72,125.04,3,375.12,118.08,5,590.40,63.92,12,767.04,262.09,,,114.28,8,914.24,114.75,4,459.00,63.22,,,54.90,14,768.60,208.48,6,1250.88,166.18,4,664.72,43.50,,,0.8366,7777,0.82384,,6506,75.78,6430,5450,1132
08/04/2022,106.75,,,165.81,10,1658.10,80.89,4,323.56,126.25,3,378.75,118.19,5,590.95,63.67,12,764.04,260.64,,,114.48,8,915.84,116.78,4,467.12,63.28,,,54.47,14,762.58,213.47,6,1280.82,169.13,4,676.52,41.86,,,0.84279,7818,0.82247,,6589,75.78,6513,5450,1215
08/05/2022,105.10,,,165.35,10,1653.50,80.43,4,321.72,127.06,3,381.18,117.47,5,587.35,63.38,12,760.56,259.23,,,113.87,8,910.96,118.28,4,473.12,62.82,,,54.08,14,757.12,215.87,6,1295.22,168.83,4,675.32,42.19,,,0.83976,7816,0.8282259,,6564,75.78,6488,5450,1189
08/08/2022,104.80,,,164.87,10,1648.70,80.81,4,323.24,127.29,3,381.87,117.30,5,586.50,62.97,12,755.64,256.80,,,114.00,8,912.00,118.49,4,473.96,63.68,,,54.47,14,762.58,213.32,6,1279.92,169.50,4,678.00,42.54,,,0.84377,7802,0.82749,,6583,75.78,6508,5450,1209
08/09/2022,105.35,,,164.92,10,1649.20,80.06,4,320.24,126.19,3,378.57,116.63,5,583.15,63.05,12,756.60,260.06,,,110.11,8,880.88,119.66,4,478.64,62.70,,,53.83,14,753.62,210.26,6,1261.56,169.90,4,679.60,42.96,,,0.8455,7742,0.82821,,6546,75.78,6470,5450,1172
08/10/2022,104.75,,,169.24,10,1692.40,80.34,4,321.36,128.76,3,386.28,119.70,5,598.50,63.65,12,763.80,261.36,,,113.14,8,905.12,120.89,4,483.56,63.03,,,54.43,14,762.02,212.10,6,1272.60,170.07,4,680.28,43.05,,,0.8433,7866,0.8188,,6633,75.78,6558,5450,1259
08/11/2022,103.35,,,168.49,10,1684.90,79.50,4,318.00,126.99,3,380.97,118.84,5,594.20,63.22,12,758.64,259.28,,,114.10,8,912.80,120.46,4,481.84,64.41,,,53.61,14,750.54,211.08,6,1266.48,169.74,4,678.96,43.27,,,0.84598,7827,0.81993,,6622,75.78,6546,5450,1248
08/12/2022,104.00,,,172.10,10,1721.00,80.29,4,321.16,128.20,3,384.60,121.68,5,608.40,63.70,12,764.40,262.18,,,116.07,8,928.56,121.77,4,487.08,65.47,,,53.75,14,752.50,211.33,6,1267.98,171.74,4,686.96,44.07,,,0.84525,7923,0.823574,,6697,77.37,6619,5450,1324
08/15/2022,105.05,,,173.19,10,1731.90,81.24,4,324.96,127.32,3,381.96,122.08,5,610.40,64.50,12,774.00,265.44,,,116.32,8,930.56,122.01,4,488.04,65.37,,,53.79,14,753.06,216.42,6,1298.52,172.70,4,690.80,44.20,,,0.8427,7984,0.8294,,6728,77.37,6651,5450,1356
08/16/2022,104.40,,,173.03,10,1730.30,82.18,4,328.72,128.47,3,385.41,121.70,5,608.50,65.03,12,780.36,266.29,,,118.06,8,944.48,122.49,4,489.96,66.65,,,53.61,14,750.54,217.14,6,1302.84,174.81,4,699.24,46.46,,,0.8406,8020,0.82657,,6742,77.37,6665,5450,1369
08/17/2022,104.75,,,174.55,10,1745.50,82.17,4,328.68,128.04,3,384.12,119.55,5,597.75,64.88,12,778.56,266.82,,,117.04,8,936.32,127.06,4,508.24,68.54,,,53.61,14,750.54,214.52,6,1287.12,175.29,4,701.16,46.51,,,0.845,8018,0.83021,,6775,78.69,6697,5450,1404
08/18/2022,106.45,,,174.15,10,1741.50,82.85,4,331.40,127.42,3,382.26,120.17,5,600.85,65.22,12,782.64,266.58,,,116.01,8,928.08,128.21,4,512.84,68.01,,,53.27,14,745.78,215.25,6,1291.50,174.99,4,699.96,46.36,,,0.84548,8017,0.83803,,6778,78.69,6699,5450,1407
08/19/2022,106.75,,,171.52,10,1715.20,83.27,4,333.08,126.72,3,380.16,117.21,5,586.05,65.17,12,782.04,266.54,,,113.16,8,905.28,127.48,4,509.92,66.40,,,53.34,14,746.76,212.82,6,1276.92,174.32,4,697.28,45.67,,,0.84887,7933,0.8453729,,6734,78.69,6655,5450,1363
08/22/2022,107.35,,,167.57,10,1675.70,81.96,4,327.84,124.81,3,374.43,114.24,5,571.20,64.20,12,770.40,262.95,,,110.34,8,882.72,125.94,4,503.76,64.39,,,52.90,14,740.60,208.61,6,1251.66,174.24,4,696.96,44.86,,,0.84467,7795,0.84987,,6584,78.69,6506,5450,1213
08/23/2022,104.65,,,167.23,10,1672.30,80.96,4,323.84,124.54,3,373.62,113.86,5,569.30,64.27,12,771.24,260.54,,,110.68,8,885.44,124.40,4,497.60,63.89,,,52.41,14,733.74,206.80,6,1240.80,173.43,4,693.72,44.67,,,0.84241,7762,0.84511,,6538,78.69,6460,5450,1167
08/24/2022,104.55,,,167.53,10,1675.30,81.00,4,324.00,124.99,3,374.97,113.69,5,568.45,64.36,12,772.32,260.86,,,111.41,8,891.28,125.48,4,501.92,64.37,,,52.81,14,739.34,206.67,6,1240.02,173.48,4,693.92,44.99,,,0.8452,7782,0.84805,,6577,78.69,6498,5450,1206
08/25/2022,105.00,,,170.03,10,1700.30,80.92,4,323.68,126.21,3,378.63,116.65,5,583.25,64.67,12,776.04,262.56,,,113.22,8,905.76,126.43,4,505.72,65.09,,,52.89,14,740.46,209.82,6,1258.92,174.63,4,698.52,45.29,,,0.84329,7871,0.8457375,,6638,78.69,6559,5450,1266
08/26/2022,103.85,,,163.62,10,1636.20,79.21,4,316.84,123.47,3,370.41,110.34,5,551.70,63.11,12,757.32,256.95,,,108.28,8,866.24,125.16,4,500.64,62.89,,,51.77,14,724.78,202.89,6,1217.34,171.51,4,686.04,43.87,,,0.84572,7628,0.8522243,,6451,78.69,6372,5450,1079
08/29/2022,103.75,,,161.38,10,1613.80,79.59,4,318.36,122.83,3,368.49,109.42,5,547.10,62.73,12,752.76,255.66,,,107.88,8,863.04,125.02,4,500.08,63.12,,,51.69,14,723.66,202.33,6,1213.98,171.73,4,686.92,44.29,,,0.854,7588,0.85306,,6480,78.69,6402,5450,1109
08/30/2022,103.85,,,158.91,10,1589.10,79.00,4,316.00,119.06,3,357.18,108.94,5,544.70,62.15,12,745.80,253.49,,,107.86,8,862.88,124.24,4,496.96,62.56,,,51.47,14,720.58,201.38,6,1208.28,170.73,4,682.92,44.16,,,0.85974,7524,0.85765,,6469,78.69,6390,5450,1098
08/31/2022,97.44,,,157.22,10,1572.20,78.21,4,312.84,118.91,3,356.73,108.22,5,541.10,61.71,12,740.52,252.28,,,106.45,8,851.60,122.65,4,490.60,62.35,,,51.06,14,714.84,198.71,6,1192.26,169.03,4,676.12,44.18,,,0.86549,7449,0.86218,,6447,78.69,6368,5450,1076
09/01/2022,97.54,,,157.96,10,1579.60,79.80,4,319.20,117.34,3,352.02,109.74,5,548.70,62.00,12,744.00,256.47,,,106.49,8,851.92,123.70,4,494.80,63.84,,,50.52,14,707.28,200.13,6,1200.78,170.04,4,680.16,44.83,,,0.86163,7478,0.86588,,6444,78.69,6365,5450,1072
09/02/2022,98.30,,,155.81,10,1558.10,78.17,4,312.68,117.00,3,351.00,107.85,5,539.25,61.15,12,733.80,254.51,,,105.74,8,845.92,122.41,4,489.64,63.52,,,50.18,14,702.52,197.76,6,1186.56,168.45,4,673.80,44.33,,,0.85856,7393,0.8688097,,6348,85.56,6262,5550,883
09/06/2022,99.34,,,154.53,10,1545.30,77.77,4,311.08,116.45,3,349.35,106.81,5,534.05,61.18,12,734.16,254.39,,,105.15,8,841.20,122.48,4,489.92,62.89,,,50.40,14,705.60,198.64,6,1191.84,169.16,4,676.64,44.11,,,0.85975,7379,0.86867,,6344,85.56,6259,5550,880
09/07/2022,100.00,,,155.96,10,1559.60,78.55,4,314.20,118.62,3,355.86,109.45,5,547.25,62.31,12,747.72,258.42,,,108.48,8,867.84,127.20,4,508.80,65.84,,,50.96,14,713.44,200.42,6,1202.52,173.73,4,694.92,45.25,,,0.86759,7512,0.86807,,6517,85.56,6432,5550,1053
09/08/2022,101.45,,,154.46,10,1544.60,77.84,4,311.36,119.37,3,358.11,108.38,5,541.90,62.12,12,745.44,260.08,,,108.73,8,869.84,129.22,4,516.88,66.47,,,50.57,14,707.98,200.71,6,1204.26,173.58,4,694.32,45.48,,,0.8689,7495,0.867935,,6512,85.56,6427,5550,1048
09/09/2022,101.85,,,157.37,10,1573.70,78.03,4,312.12,122.01,3,366.03,110.65,5,553.25,62.32,12,747.84,259.52,,,110.97,8,887.76,128.68,4,514.72,66.62,,,51.76,14,724.64,205.20,6,1231.20,173.40,4,693.60,45.61,,,0.8752,7605,0.8619204,,6656,85.56,6570,5550,1191
09/12/2022,102.85,,,163.43,10,1634.30,77.90,4,311.60,123.95,3,371.85,110.86,5,554.30,62.50,12,750.00,260.37,,,112.38,8,899.04,129.10,4,516.40,66.98,,,52.68,14,737.52,206.63,6,1239.78,173.71,4,694.84,46.02,,,0.86626,7710,0.85545,,6679,85.56,6593,5550,1214
09/13/2022,101.95,,,153.84,10,1538.40,75.43,4,301.72,120.49,3,361.47,104.32,5,521.60,60.47,12,725.64,254.33,,,105.72,8,845.76,126.71,4,506.84,64.56,,,51.63,14,722.82,199.67,6,1198.02,171.21,4,684.84,45.07,,,0.86709,7407,0.8691,,6423,85.56,6337,5550,958
09/14/2022,101.50,,,155.31,10,1553.10,76.06,4,304.24,119.89,3,359.67,105.00,5,525.00,60.79,12,729.48,255.72,,,107.00,8,856.00,128.04,4,512.16,64.36,,,51.66,14,723.24,199.41,6,1196.46,171.73,4,686.92,44.97,,,0.86459,7446,0.86618,,6438,85.56,6352,5550,974
09/15/2022,100.50,,,152.37,10,1523.70,75.23,4,300.92,118.53,3,355.59,102.91,5,514.55,59.53,12,714.36,253.47,,,105.50,8,844.00,127.09,4,508.36,64.88,,,51.06,14,714.84,195.37,6,1172.22,171.03,4,684.12,44.49,,,0.87213,7333,0.87316,,6395,85.56,6309,5550,931
09/16/2022,100.40,,,150.70,10,1507.00,75.69,4,302.76,116.49,3,349.47,102.80,5,514.00,59.54,12,714.48,254.91,,,104.12,8,832.96,124.89,4,499.56,64.66,,,50.82,14,711.48,193.30,6,1159.80,169.34,4,677.36,44.40,,,0.87084,7269,0.8759636,,6330,85.56,6244,5550,866
09/19/2022,100.55,,,154.48,10,1544.80,76.01,4,304.04,117.87,3,353.61,103.07,5,515.35,59.99,12,719.88,257.01,,,107.21,8,857.68,127.29,4,509.16,65.54,,,51.01,14,714.14,193.13,6,1158.78,170.91,4,683.64,44.78,,,0.87635,7361,0.87388,,6451,85.56,6365,5550,986
09/20/2022,99.30,,,156.90,10,1569.00,75.16,4,300.64,116.83,3,350.49,101.14,5,505.70,59.90,12,718.80,255.40,,,102.42,8,819.36,125.10,4,500.40,63.72,,,50.87,14,712.18,192.07,6,1152.42,169.70,4,678.80,44.52,,,0.87601,7308,0.87869,,6402,85.56,6316,5550,937
09/21/2022,100.95,,,153.72,10,1537.20,74.90,4,299.60,114.45,3,343.35,99.28,5,496.40,59.40,12,712.80,251.08,,,99.79,8,798.32,121.36,4,485.44,62.96,,,51.22,14,717.08,187.02,6,1122.12,168.89,4,675.56,44.92,,,0.87328,7188,0.88842,,6277,85.56,6191,5550,813
09/22/2022,98.86,,,152.74,10,1527.40,75.36,4,301.44,113.81,3,341.43,100.14,5,500.70,59.26,12,711.12,247.94,,,98.55,8,788.40,122.42,4,489.68,62.01,,,51.37,14,719.18,185.79,6,1114.74,166.87,4,667.48,44.46,,,0.8734,7162,0.88777,,6255,85.56,6169,5550,790
09/23/2022,98.80,,,150.43,10,1504.30,75.53,4,302.12,111.10,3,333.30,98.74,5,493.70,58.60,12,703.20,245.95,,,97.02,8,776.16,121.53,4,486.12,61.27,,,49.33,14,690.62,183.96,6,1103.76,165.74,4,662.96,43.35,,,0.88276,7056,0.9208103,,6229,85.56,6143,5550,765
09/26/2022,98.08,,,150.77,10,1507.70,75.00,4,300.00,109.35,3,328.05,98.17,5,490.85,57.87,12,694.44,243.76,,,96.06,8,768.48,118.88,4,475.52,60.31,,,49.30,14,690.20,180.59,6,1083.54,165.22,4,660.88,43.77,,,0.89321,7000,0.92826,,6252,85.56,6167,5550,788
09/27/2022,97.96,,,151.76,10,1517.60,72.58,4,290.32,108.69,3,326.07,97.50,5,487.50,56.38,12,676.56,236.70,,,96.29,8,770.32,119.10,4,476.40,60.57,,,48.72,14,682.08,177.87,6,1067.22,163.22,4,652.88,43.65,,,0.89448,6947,0.93218,,6214,87.62,6126,5550,752
09/28/2022,97.42,,,149.84,10,1498.40,72.91,4,291.64,111.78,3,335.34,100.05,5,500.25,56.98,12,683.76,236.94,,,98.70,8,789.60,119.05,4,476.20,62.31,,,49.77,14,696.78,179.18,6,1075.08,164.67,4,658.68,44.37,,,0.89585,7006,0.92285,,6276,87.62,6188,5550,814
09/29/2022,98.76,,,142.48,10,1424.80,71.77,4,287.08,109.99,3,329.97,97.42,5,487.10,56.57,12,678.84,234.40,,,95.33,8,762.64,118.39,4,473.56,61.34,,,50.30,14,704.20,180.06,6,1080.36,161.91,4,647.64,44.08,,,0.88002,6876,0.8953,,6051,87.62,5964,5550,589
09/30/2022,99.92,,,138.20,10,1382.00,70.25,4,281.00,107.99,3,323.97,95.65,5,478.25,56.02,12,672.24,230.74,,,83.12,8,664.96,116.21,4,464.84,62.12,,,49.32,14,690.48,177.65,6,1065.90,160.21,4,640.84,43.23,,,0.85199,6664,0.8967001,,5678,87.62,5590,5550,216
10/03/2022,99.98,,,142.45,10,1424.50,71.11,4,284.44,112.82,3,338.46,98.64,5,493.20,56.65,12,679.80,235.34,,,85.40,8,683.20,120.50,4,482.00,62.90,,,49.64,14,694.96,181.65,6,1089.90,165.09,4,660.36,44.18,,,0.8674,6831,0.88229,,5925,88.69,5836,5650,364
10/04/2022,102.75,,,146.10,10,1461.00,71.84,4,287.36,115.69,3,347.07,101.64,5,508.20,56.78,12,681.36,238.50,,,88.64,8,709.12,123.94,4,495.76,65.42,,,50.93,14,713.02,185.65,6,1113.90,168.18,4,672.72,44.75,,,0.87183,6990,0.87326,,6094,88.69,6005,5650,532
10/05/2022,104.65,,,146.40,10,1464.00,71.11,4,284.44,113.74,3,341.22,101.43,5,507.15,56.24,12,674.88,239.09,,,91.10,8,728.80,122.34,4,489.36,65.80,,,50.20,14,702.80,187.67,6,1126.02,166.63,4,666.52,44.31,,,0.87252,6985,0.88064,,6095,94.39,6000,5650,539
10/06/2022,103.05,,,145.43,10,1454.30,69.56,4,278.24,112.24,3,336.72,101.42,5,507.10,55.03,12,660.36,234.75,,,90.17,8,721.36,121.92,4,487.68,65.09,,,49.20,14,688.80,185.59,6,1113.54,159.40,4,637.60,43.89,,,0.87692,6886,0.89589,,6038,94.39,5944,5650,483
10/07/2022,101.30,,,140.09,10,1400.90,68.99,4,275.96,109.78,3,329.34,98.68,5,493.40,54.51,12,654.12,233.19,,,87.16,8,697.28,121.96,4,487.84,64.59,,,48.77,14,682.78,183.83,6,1102.98,155.24,4,620.96,42.85,,,0.8781,6746,0.9011201,,5923,94.39,5829,5650,368
10/10/2022,101.30,,,140.42,10,1404.20,68.48,4,273.92,108.84,3,326.52,97.86,5,489.30,54.39,12,652.68,234.95,,,86.69,8,693.52,123.73,4,494.92,64.33,,,48.65,14,681.10,182.18,6,1093.08,155.50,4,622.00,43.11,,,0.87658,6731,0.90282,,5900,94.39,5806,5650,345
10/11/2022,101.45,,,138.98,10,1389.80,69.05,4,276.20,107.93,3,323.79,97.18,5,485.90,54.48,12,653.76,237.05,,,87.99,8,703.92,123.45,4,493.80,64.36,,,48.74,14,682.36,179.14,6,1074.84,156.27,4,625.08,44.22,,,0.88436,6709,0.91176,,5934,94.39,5839,5650,378
10/12/2022,100.60,,,138.34,10,1383.40,69.11,4,276.44,106.95,3,320.85,97.56,5,487.80,55.14,12,661.68,237.06,,,88.51,8,708.08,121.40,4,485.60,63.88,,,48.96,14,685.44,178.24,6,1069.44,154.35,4,617.40,43.72,,,0.8741,6696,0.90045,,5853,94.39,5759,5650,297
10/13/2022,97.18,,,142.99,10,1429.90,71.01,4,284.04,109.82,3,329.46,99.06,5,495.30,55.87,12,670.44,246.75,,,89.56,8,716.48,122.42,4,489.68,65.18,,,49.14,14,687.96,184.66,6,1107.96,157.38,4,629.52,44.09,,,0.86427,6841,0.88465,,5912,94.39,5818,5650,357
10/14/2022,98.90,,,138.38,10,1383.80,71.33,4,285.32,107.03,3,321.09,96.56,5,482.80,54.98,12,659.76,243.16,,,87.55,8,700.40,115.89,4,463.56,63.55,,,48.66,14,681.24,182.62,6,1095.72,154.73,4,618.92,43.48,,,0.85364,6693,0.8950148,,5713,94.39,5619,5650,157
10/17/2022,100.00,,,142.41,10,1424.10,72.14,4,288.56,111.15,3,333.45,99.97,5,499.85,55.69,12,668.28,246.48,,,89.97,8,719.76,119.59,4,478.36,65.89,,,49.48,14,692.72,185.25,6,1111.50,157.82,4,631.28,43.79,,,0.867,6848,0.88075,,5937,94.39,5843,5650,381
10/18/2022,101.25,,,143.75,10,1437.50,72.92,4,291.68,113.50,3,340.50,100.77,5,503.85,56.44,12,677.28,249.19,,,89.68,8,717.44,120.26,4,481.04,66.83,,,49.71,14,695.94,187.17,6,1123.02,161.12,4,644.48,44.71,,,0.86941,6913,0.8815,,6010,94.39,5916,5650,454
10/19/2022,101.30,,,143.86,10,1438.60,71.75,4,287.00,112.91,3,338.73,99.63,5,498.15,55.96,12,671.52,250.75,,,88.57,8,708.56,121.20,4,484.80,66.10,,,49.28,14,689.92,186.41,6,1118.46,161.50,4,646.00,44.59,,,0.87109,6882,0.89198,,5995,94.39,5900,5650,439
10/20/2022,100.50,,,143.39,10,1433.90,70.25,4,281.00,109.68,3,329.04,99.97,5,499.85,55.08,12,660.96,249.77,,,86.83,8,694.64,118.86,4,475.44,65.36,,,48.96,14,685.44,187.22,6,1123.32,159.28,4,637.12,44.70,,,0.87114,6821,0.89115,,5942,94.39,5847,5650,386
10/21/2022,100.85,,,147.27,10,1472.70,71.47,4,285.88,112.82,3,338.46,101.13,5,505.65,55.96,12,671.52,254.55,,,88.50,8,708.00,122.45,4,489.80,67.61,,,50.13,14,701.82,190.37,6,1142.22,159.83,4,639.32,45.60,,,0.8719,6955,0.8844861,,6064,94.39,5970,5650,509
10/24/2022,103.20,,,149.45,10,1494.50,72.02,4,288.08,113.43,3,340.29,102.52,5,512.60,57.57,12,690.84,255.32,,,88.01,8,704.08,123.26,4,493.04,69.18,,,50.01,14,700.14,190.37,6,1142.22,162.69,4,650.76,46.47,,,0.87409,7017,0.88435,,6133,94.39,6039,5650,577
10/25/2022,107.45,,,152.34,10,1523.40,72.76,4,291.04,115.50,3,346.50,104.48,5,522.40,58.95,12,707.40,255.73,,,91.72,8,733.76,122.11,4,488.44,70.46,,,50.77,14,710.78,194.38,6,1166.28,165.05,4,660.20,46.69,,,0.8692,7150,0.87243,,6215,94.39,6121,5650,659
10/26/2022,106.95,,,149.35,10,1493.50,73.43,4,293.72,119.37,3,358.11,94.93,5,474.65,59.39,12,712.68,256.61,,,92.39,8,739.12,122.93,4,491.72,70.91,,,50.60,14,708.40,203.33,6,1219.98,159.97,4,639.88,47.05,,,0.86708,7132,0.85924,,6184,94.39,6089,5650,628
10/27/2022,106.45,,,144.80,10,1448.00,73.23,4,292.92,117.99,3,353.97,92.22,5,461.10,59.53,12,714.36,265.11,,,90.54,8,724.32,124.38,4,497.52,71.91,,,50.29,14,704.06,204.29,6,1225.74,158.30,4,633.20,46.91,,,0.86177,7055,0.8646,,6080,94.39,5986,5650,524
10/28/2022,107.65,,,155.74,10,1557.40,74.64,4,298.56,119.09,3,357.27,96.29,5,481.45,60.76,12,729.12,274.52,,,93.83,8,750.64,129.70,4,518.80,72.50,,,51.46,14,720.44,209.34,6,1256.04,157.91,4,631.64,47.50,,,0.85681,7301,0.8609557,,6256,94.39,6161,5650,700
10/31/2022,107.55,,,153.34,10,1533.40,73.84,4,295.36,118.44,3,355.32,94.51,5,472.55,59.85,12,718.20,272.66,,,92.68,8,741.44,128.40,4,513.60,72.10,,,51.20,14,716.80,207.16,6,1242.96,158.37,4,633.48,47.44,,,0.8621,7223,0.87198,,6227,94.39,6133,5650,671
11/01/2022,101.90,,,150.65,10,1506.50,73.74,4,294.96,117.94,3,353.82,90.47,5,452.35,59.64,12,715.68,272.95,,,93.77,8,750.16,129.02,4,516.08,71.76,,,51.19,14,716.66,206.93,6,1241.58,156.52,4,626.08,47.23,,,0.85967,7174,0.87036,,6167,94.39,6073,5750,512
11/02/2022,102.15,,,145.03,10,1450.30,72.77,4,291.08,116.06,3,348.18,86.97,5,434.85,58.81,12,705.72,270.37,,,90.30,8,722.40,127.73,4,510.92,70.29,,,50.54,14,707.56,200.95,6,1205.70,155.22,4,620.88,46.92,,,0.86176,6998,0.8784,,6030,94.39,5936,5750,375
11/03/2022,99.90,,,138.88,10,1388.80,72.39,4,289.56,115.74,3,347.22,83.43,5,417.15,58.78,12,705.36,272.95,,,90.40,8,723.20,127.32,4,509.28,71.20,,,50.20,14,702.80,194.75,6,1168.50,157.13,4,628.52,46.91,,,0.87268,6880,0.89516,,6004,93.52,5911,5750,348
11/04/2022,99.54,,,138.38,10,1383.80,73.19,4,292.76,119.24,3,357.72,86.58,5,432.90,59.26,12,711.12,274.62,,,95.79,8,766.32,126.62,4,506.48,71.19,,,52.07,14,728.98,196.98,6,1181.88,155.77,4,623.08,46.99,,,0.84176,6985,0.8793,,5880,93.52,5786,5750,223
11/07/2022,97.44,,,138.92,10,1389.20,73.50,4,294.00,120.15,3,360.45,88.49,5,442.45,59.49,12,713.88,276.41,,,93.44,8,747.52,127.30,4,509.20,72.12,,,52.09,14,729.26,200.10,6,1200.60,157.35,4,629.40,47.48,,,0.86979,7016,0.86821,,6102,93.52,6009,5750,446
11/08/2022,100.50,,,139.50,10,1395.00,73.81,4,295.24,121.51,3,364.53,88.90,5,444.50,59.60,12,715.20,278.40,,,93.75,8,750.00,129.10,4,516.40,71.49,,,52.46,14,734.44,201.78,6,1210.68,159.64,4,638.56,47.60,,,0.87253,7065,0.8656,,6164,93.52,6071,5750,508
11/09/2022,101.10,,,134.87,10,1348.70,73.46,4,293.84,119.19,3,357.57,87.32,5,436.60,58.77,12,705.24,277.79,,,92.10,8,736.80,127.70,4,510.80,70.08,,,51.93,14,727.02,193.93,6,1163.58,158.20,4,632.80,46.49,,,0.8813,6913,0.87965,,6092,93.52,5999,5750,436
11/10/2022,103.55,,,146.87,10,1468.70,74.97,4,299.88,123.35,3,370.05,93.94,5,469.70,60.88,12,730.56,275.88,,,99.49,8,795.92,129.74,4,518.96,74.00,,,53.48,14,748.72,205.57,6,1233.42,161.22,4,644.88,47.45,,,0.87131,7281,0.85502,,6344,93.52,6250,5750,687
11/11/2022,99.00,,,149.70,10,1497.00,74.57,4,298.28,122.19,3,366.57,96.41,5,482.05,61.32,12,735.84,271.39,,,106.09,8,848.72,126.23,4,504.92,73.90,,,53.06,14,742.84,205.00,6,1230.00,158.16,4,632.64,47.53,,,0.8782,7339,0.84548,,6445,95.16,6350,5750,790
11/14/2022,99.98,,,148.28,10,1482.80,74.57,4,298.28,121.31,3,363.93,95.70,5,478.50,60.73,12,728.76,272.27,,,104.39,8,835.12,122.98,4,491.92,73.06,,,53.38,14,747.32,206.86,6,1241.16,157.59,4,630.36,46.13,,,0.87802,7298,0.8508828,,6408,95.16,6313,5750,753
11/15/2022,100.40,,,150.04,10,1500.40,75.32,4,301.28,121.39,3,364.17,98.44,5,492.20,60.63,12,727.56,267.84,,,106.71,8,853.68,123.06,4,492.24,75.12,,,53.91,14,754.74,209.99,6,1259.94,157.09,4,628.36,49.15,,,0.8718,7375,0.84172,,6429,95.16,6334,5750,774
11/16/2022,101.55,,,148.79,10,1487.90,76.01,4,304.04,122.77,3,368.31,98.85,5,494.25,60.52,12,726.24,272.51,,,105.23,8,841.84,125.91,4,503.64,79.02,,,54.53,14,763.42,210.14,6,1260.84,158.08,4,632.32,49.50,,,0.87221,7383,0.83926,,6439,95.16,6344,5750,785
11/17/2022,101.35,,,150.72,10,1507.20,75.29,4,301.16,123.61,3,370.83,98.36,5,491.80,60.71,12,728.52,273.36,,,105.36,8,842.88,128.02,4,512.08,77.99,,,54.15,14,758.10,210.99,6,1265.94,159.09,4,636.36,49.33,,,0.87333,7415,0.84316,,6476,96.50,6379,5750,822
11/18/2022,102.25,,,151.29,10,1512.90,76.46,4,305.84,124.42,3,373.26,97.43,5,487.15,61.14,12,733.68,273.37,,,105.42,8,843.36,128.36,4,513.44,78.16,,,54.24,14,759.36,210.80,6,1264.80,161.18,4,644.72,50.08,,,0.8698,7439,0.8409014,,6470,96.50,6374,5750,817
11/21/2022,104.00,,,148.01,10,1480.10,76.92,4,307.68,124.18,3,372.54,95.60,5,478.00,62.08,12,744.96,274.52,,,103.83,8,830.64,129.81,4,519.24,79.00,,,54.78,14,766.92,206.32,6,1237.92,162.80,4,651.20,50.38,,,0.86617,7389,0.84548,,6400,96.50,6304,5750,747
11/22/2022,104.15,,,150.18,10,1501.80,76.37,4,305.48,125.36,3,376.08,97.05,5,485.25,62.35,12,748.20,274.76,,,105.97,8,847.76,130.09,4,520.36,80.11,,,55.24,14,773.36,210.33,6,1261.98,163.24,4,652.96,50.56,,,0.86681,7473,0.84072,,6478,96.50,6381,5750,824
11/23/2022,104.70,,,151.07,10,1510.70,76.93,4,307.72,126.37,3,379.11,98.46,5,492.30,62.63,12,751.56,273.27,,,106.65,8,853.20,131.09,4,524.36,80.54,,,55.72,14,780.08,211.73,6,1270.38,164.01,4,656.04,50.81,,,0.86262,7525,0.82826,,6492,96.50,6395,5750,838
11/25/2022,105.30,,,148.11,10,1481.10,76.77,4,307.08,127.67,3,383.01,97.46,5,487.30,62.69,12,752.28,275.00,,,105.96,8,847.68,131.57,4,526.28,81.03,,,55.87,14,782.18,213.79,6,1282.74,164.46,4,657.84,51.02,,,0.8624,7507,0.8268563,,6474,96.50,6378,5750,821
11/28/2022,105.65,,,144.22,10,1442.20,76.38,4,305.52,126.02,3,378.06,96.05,5,480.25,62.70,12,752.40,272.88,,,104.96,8,839.68,130.02,4,520.08,80.03,,,55.79,14,781.06,211.26,6,1267.56,164.59,4,658.36,51.17,,,0.86479,7425,0.8361,,6421,96.50,6325,5750,768
11/29/2022,104.30,,,141.17,10,1411.70,75.97,4,303.88,125.22,3,375.66,95.19,5,475.95,62.48,12,749.76,271.41,,,106.25,8,850.00,131.12,4,524.48,80.16,,,55.64,14,778.96,209.06,6,1254.36,165.08,4,660.32,50.99,,,0.86411,7385,0.83704,,6382,96.50,6285,5750,728
11/30/2022,105.20,,,148.03,10,1480.30,77.48,4,309.92,128.43,3,385.29,100.99,5,504.95,63.61,12,763.32,272.79,,,109.69,8,877.52,132.15,4,528.60,80.05,,,56.68,14,793.52,217.00,6,1302.00,167.72,4,670.88,50.81,,,0.86302,7616,0.8279859,,6573,96.50,6477,5750,920
12/01/2022,105.10,,,148.31,10,1483.10,77.75,4,311.00,128.46,3,385.38,100.99,5,504.95,63.79,12,765.48,273.40,,,111.11,8,888.88,131.26,4,525.04,79.74,,,57.54,14,805.56,217.00,6,1302.00,167.82,4,671.28,51.12,,,0.85875,7643,0.81571,,6563,96.50,6467,5750,910
12/02/2022,105.20,,,147.81,10,1478.10,78.17,4,312.68,127.83,3,383.49,100.44,5,502.20,64.35,12,772.20,273.40,,,112.20,8,897.60,132.51,4,530.04,80.19,,,57.94,14,811.16,217.66,6,1305.96,169.81,4,679.24,51.07,,,0.858,7673,0.8131742,,6583,98.36,6485,5850,832
12/05/2022,104.25,,,146.63,10,1466.30,77.12,4,308.48,126.70,3,380.10,99.48,5,497.40,63.47,12,761.64,271.59,,,109.62,8,876.96,131.26,4,525.04,79.46,,,57.36,14,803.04,213.68,6,1282.08,167.79,4,671.16,50.55,,,0.86087,7572,0.82018,,6519,98.36,6420,5850,767
12/06/2022,104.15,,,142.91,10,1429.10,77.21,4,308.84,125.50,3,376.50,96.98,5,484.90,63.44,12,761.28,271.77,,,107.93,8,863.44,130.97,4,523.88,79.36,,,57.57,14,805.98,209.08,6,1254.48,165.56,4,662.24,49.96,,,0.8626,7471,0.8241985,,6444,98.36,6346,5850,693
12/07/2022,104.75,,,140.94,10,1409.40,77.55,4,310.20,124.79,3,374.37,94.94,5,474.70,63.54,12,762.48,270.34,,,108.33,8,866.64,130.48,4,521.92,79.40,,,57.17,14,800.38,207.81,6,1246.86,165.21,4,660.84,49.70,,,0.86072,7428,0.81884,,6393,98.36,6295,5850,642
12/08/2022,103.90,,,142.65,10,1426.50,78.14,4,312.56,125.98,3,377.94,93.71,5,468.55,63.81,12,765.72,273.39,,,111.36,8,890.88,131.18,4,524.72,78.68,,,56.70,14,793.80,209.10,6,1254.60,166.01,4,664.04,49.59,,,0.86277,7479,0.81726,,6453,98.36,6355,5850,701
12/09/2022,104.85,,,142.16,10,1421.60,77.78,4,311.12,124.56,3,373.68,92.83,5,464.15,63.14,12,757.68,272.04,,,109.42,8,875.36,129.38,4,517.52,78.06,,,56.64,14,792.96,208.70,6,1252.20,166.83,4,667.32,48.44,,,0.859,7434,0.8156607,,6385,98.36,6287,5850,634
12/12/2022,104.65,,,144.49,10,1444.90,78.61,4,314.44,127.04,3,381.12,93.31,5,466.55,63.97,12,767.64,276.62,,,112.07,8,896.56,129.94,4,519.76,78.76,,,57.02,14,798.28,214.59,6,1287.54,166.79,4,667.16,49.34,,,0.85899,7544,0.81494,,6480,98.36,6382,5850,729
12/13/2022,104.10,,,145.47,10,1454.70,78.75,4,315.00,127.21,3,381.63,95.63,5,478.15,63.99,12,767.88,274.28,,,112.85,8,902.80,128.28,4,513.12,79.16,,,56.99,14,797.86,213.04,6,1278.24,166.75,4,667.00,49.16,,,0.86,7556,0.80928,,6498,103.10,6395,5850,752
12/14/2022,104.60,,,143.21,10,1432.10,79.34,4,317.36,125.83,3,377.49,95.07,5,475.35,63.99,12,767.88,274.53,,,111.45,8,891.60,126.58,4,506.32,79.29,,,57.78,14,808.92,213.32,6,1279.92,166.54,4,666.16,48.89,,,0.85954,7523,0.80519,,6466,103.10,6363,5850,720
12/15/2022,102.80,,,136.50,10,1365.00,77.88,4,311.52,123.17,3,369.51,90.86,5,454.30,63.11,12,757.32,271.73,,,108.51,8,868.08,127.66,4,510.64,78.66,,,56.86,14,796.04,207.91,6,1247.46,163.37,4,653.48,48.45,,,0.8725,7333,0.8204,,6398,103.10,6295,5850,651
12/16/2022,101.30,,,134.51,10,1345.10,77.76,4,311.04,121.60,3,364.80,90.26,5,451.30,62.75,12,753.00,266.12,,,105.95,8,847.60,126.45,4,505.80,77.65,,,56.55,14,791.70,206.89,6,1241.34,161.79,4,647.16,47.58,,,0.8731,7259,0.8233841,,6338,106.79,6231,5850,594
12/19/2022,100.75,,,132.37,10,1323.70,77.98,4,311.92,119.85,3,359.55,88.44,5,442.20,62.84,12,754.08,265.83,,,103.05,8,824.40,127.07,4,508.28,78.09,,,56.78,14,794.92,204.82,6,1228.92,157.59,4,630.36,47.60,,,0.87287,7178,0.82282,,6266,106.79,6159,5850,523
12/20/2022,99.64,,,132.30,10,1323.00,77.69,4,310.76,119.59,3,358.77,89.02,5,445.10,62.79,12,753.48,267.25,,,103.21,8,825.68,127.19,4,508.76,77.59,,,56.98,14,797.72,205.36,6,1232.16,157.79,4,631.16,48.02,,,0.87145,7187,0.8204,,6263,108.60,6154,5850,521
12/21/2022,100.70,,,135.45,10,1354.50,78.99,4,315.96,121.34,3,364.02,89.58,5,447.90,63.80,12,765.60,268.16,,,115.78,8,926.24,129.12,4,516.48,78.84,,,57.50,14,805.00,206.81,6,1240.86,159.27,4,637.08,48.39,,,0.87829,7374,0.8279928,,6476,108.60,6368,5850,735
12/22/2022,100.30,,,132.23,10,1322.30,79.28,4,317.12,119.63,3,358.89,87.76,5,438.80,63.34,12,760.08,265.77,,,116.71,8,933.68,128.60,4,514.40,78.42,,,57.22,14,801.08,205.06,6,1230.36,157.73,4,630.92,47.83,,,0.8803,7308,0.83057,,6433,108.60,6324,5850,692
12/23/2022,99.56,,,131.86,10,1318.60,79.45,4,317.80,120.44,3,361.32,89.23,5,446.15,63.82,12,765.84,267.57,,,116.25,8,930.00,129.44,4,517.76,79.50,,,57.45,14,804.30,205.83,6,1234.98,159.21,4,636.84,47.92,,,0.8849,7334,0.8296001,,6489,108.60,6381,5850,748
12/27/2022,100.00,,,130.03,10,1300.30,79.94,4,319.76,121.54,3,364.62,87.39,5,436.95,64.21,12,770.52,266.84,,,117.56,8,940.48,130.17,4,520.68,79.03,,,57.50,14,805.00,206.29,6,1237.74,159.50,4,638.00,47.94,,,0.88436,7334,0.83144,,6486,108.60,6377,5850,745
12/28/2022,99.76,,,126.04,10,1260.40,78.82,4,315.28,119.29,3,357.87,86.02,5,430.10,63.57,12,762.84,265.11,,,114.98,8,919.84,129.72,4,518.88,78.69,,,56.76,14,794.64,204.99,6,1229.94,157.37,4,629.48,47.10,,,0.88361,7219,0.83136,,6379,108.60,6270,5850,638
12/29/2022,99.64,,,129.61,10,1296.10,79.37,4,317.48,120.43,3,361.29,88.45,5,442.25,63.95,12,767.40,265.93,,,117.35,8,938.80,130.56,4,522.24,79.34,,,56.93,14,797.02,208.06,6,1248.36,158.87,4,635.48,47.38,,,0.88407,7326,0.82944,,6477,108.60,6368,5850,736
12/30/2022,97.76,,,129.93,10,1299.30,78.79,4,315.16,118.88,3,356.64,88.23,5,441.15,63.61,12,763.32,263.53,,,117.01,8,936.08,129.71,4,518.84,79.60,,,56.64,14,792.96,207.76,6,1246.56,156.88,4,627.52,47.26,,,0.87399,7298,0.8265146,,6378,111.52,6266,5850,639
01/03/2023,98.42,,,125.07,10,1250.70,79.13,4,316.52,119.17,3,357.51,89.12,5,445.60,62.95,12,755.40,264.33,,,118.75,8,950.00,130.14,4,520.56,79.01,,,56.78,14,794.92,207.39,6,1244.34,157.03,4,628.12,47.87,,,0.88089,7264,0.83544,,6398,111.52,6287,5850,660
01/04/2023,99.26,,,126.36,10,1263.60,79.64,4,318.56,120.98,3,362.94,88.08,5,440.40,62.92,12,755.04,264.39,,,121.21,8,969.68,131.24,4,524.96,79.86,,,57.16,14,800.24,212.61,6,1275.66,156.91,4,627.64,47.92,,,0.87947,7339,0.82939,,6454,111.52,6343,5950,616
01/05/2023,97.56,,,125.02,10,1250.20,78.54,4,314.16,118.15,3,354.45,86.20,5,431.00,62.20,12,746.40,262.16,,,120.62,8,964.96,131.53,4,526.12,80.65,,,56.34,14,788.76,211.11,6,1266.66,153.88,4,615.52,47.76,,,0.88324,7258,0.83947,,6411,111.52,6299,5950,572
01/06/2023,98.62,,,129.62,10,1296.20,79.98,4,319.92,122.32,3,366.96,87.34,5,436.70,63.40,12,760.80,269.47,,,124.53,8,996.24,134.61,4,538.44,82.72,,,57.15,14,800.10,217.75,6,1306.50,159.49,4,637.96,48.93,,,0.8802,7460,0.8268563,,6566,111.52,6455,5950,728
01/09/2023,97.70,,,130.15,10,1301.50,78.73,4,314.92,123.08,3,369.24,88.02,5,440.10,62.61,12,751.32,267.25,,,124.85,8,998.80,132.01,4,528.04,81.51,,,57.32,14,802.48,218.60,6,1311.60,158.24,4,632.96,48.32,,,0.88065,7451,0.82069,,6562,111.52,6450,5950,723
01/10/2023,98.08,,,130.73,10,1307.30,78.31,4,313.24,121.53,3,364.59,88.42,5,442.10,62.13,12,745.56,268.91,,,125.84,8,1006.72,133.02,4,532.08,82.44,,,57.39,14,803.46,221.09,6,1326.54,154.91,4,619.64,48.29,,,0.88348,7461,0.82274,,6592,111.52,6480,5950,753
01/11/2023,98.28,,,133.49,10,1334.90,77.13,4,308.52,122.46,3,367.38,91.52,5,457.60,62.01,12,744.12,268.81,,,127.94,8,1023.52,132.25,4,529.00,82.27,,,57.34,14,802.76,222.10,6,1332.60,156.99,4,627.96,48.71,,,0.88529,7528,0.8224,,6665,111.52,6553,5950,826
01/12/2023,98.02,,,133.41,10,1334.10,76.84,4,307.36,123.13,3,369.39,91.13,5,455.65,61.21,12,734.52,266.69,,,127.89,8,1023.12,132.94,4,531.76,81.92,,,57.62,14,806.68,223.62,6,1341.72,152.68,4,610.72,48.27,,,0.88883,7515,0.81848,,6680,111.52,6568,5950,841
01/13/2023,99.02,,,134.76,10,1347.60,77.85,4,311.40,123.69,3,371.07,92.12,5,460.60,61.43,12,737.16,268.89,,,128.85,8,1030.80,133.65,4,534.60,81.53,,,57.87,14,810.18,223.06,6,1338.36,154.19,4,616.76,48.43,,,0.8873,7559,0.8175278,,6707,111.52,6595,5950,868
01/17/2023,100.20,,,135.94,10,1359.40,78.23,4,312.92,124.46,3,373.38,91.29,5,456.45,61.68,12,740.16,274.11,,,128.14,8,1025.12,130.69,4,522.76,81.55,,,57.48,14,804.72,223.00,6,1338.00,154.37,4,617.48,48.14,,,0.8782,7550,0.81402,,6631,111.80,6519,5950,793
01/18/2023,100.65,,,135.21,10,1352.10,76.32,4,305.28,122.86,3,368.58,91.12,5,455.60,59.81,12,717.72,266.04,,,126.43,8,1011.44,128.23,4,512.92,79.81,,,56.70,14,793.80,219.46,6,1316.76,150.90,4,603.60,46.95,,,0.87443,7438,0.80987,,6504,111.80,6392,5950,666
01/19/2023,100.60,,,135.27,10,1352.70,75.20,4,300.80,121.62,3,364.86,93.05,5,465.25,59.72,12,716.64,263.58,,,124.53,8,996.24,125.92,4,503.68,79.41,,,56.66,14,793.24,220.41,6,1322.46,150.49,4,601.96,46.28,,,0.87412,7418,0.80689,,6484,111.80,6372,5950,646
01/20/2023,100.20,,,137.87,10,1378.70,75.44,4,301.76,123.31,3,369.93,98.02,5,490.10,60.08,12,720.96,268.58,,,126.62,8,1012.96,127.63,4,510.52,79.54,,,57.39,14,803.46,224.31,6,1345.86,152.06,4,608.24,46.85,,,0.8783,7542,0.8071025,,6625,111.80,6513,5950,786
01/23/2023,99.70,,,141.11,10,1411.10,75.50,4,302.00,123.64,3,370.92,99.79,5,498.95,60.23,12,722.76,269.29,,,128.29,8,1026.32,127.12,4,508.48,79.17,,,57.26,14,801.64,224.18,6,1345.08,152.67,4,610.68,47.55,,,0.87813,7598,0.80777,,6672,111.80,6560,5950,834
01/24/2023,100.10,,,142.53,10,1425.30,75.94,4,303.76,124.02,3,372.06,97.70,5,488.50,60.55,12,726.60,269.56,,,126.83,8,1014.64,129.19,4,516.76,81.30,,,56.95,14,797.30,223.89,6,1343.34,152.27,4,609.08,47.67,,,0.88286,7597,0.81108,,6707,111.80,6596,5950,869
01/25/2023,97.98,,,141.86,10,1418.60,75.77,4,303.08,118.18,3,354.54,95.22,5,476.10,60.93,12,731.16,273.00,,,126.82,8,1014.56,135.47,4,541.88,82.65,,,56.80,14,795.20,224.90,6,1349.40,153.11,4,612.44,47.45,,,0.87986,7597,0.80564,,6684,111.80,6572,5950,846
01/26/2023,98.58,,,143.96,10,1439.60,75.53,4,302.12,118.52,3,355.56,97.52,5,487.60,60.81,12,729.72,274.72,,,127.53,8,1020.24,134.91,4,539.64,82.46,,,56.39,14,789.46,224.71,6,1348.26,152.50,4,610.00,47.40,,,0.87739,7622,0.80546,,6688,111.80,6576,5950,849
01/27/2023,98.92,,,145.93,10,1459.30,71.59,4,286.36,118.29,3,354.87,99.37,5,496.85,60.49,12,725.88,272.46,,,127.53,8,1020.24,135.07,4,540.28,81.89,,,56.05,14,784.70,231.44,6,1388.64,152.61,4,610.44,47.77,,,0.878,7668,0.8075374,,6732,111.80,6620,5950,894
01/30/2023,99.88,,,143.00,10,1430.00,72.88,4,291.52,117.40,3,352.20,96.94,5,484.70,60.64,12,727.68,270.89,,,126.37,8,1010.96,135.40,4,541.60,81.51,,,56.51,14,791.14,229.10,6,1374.60,153.10,4,612.40,47.38,,,0.87851,7617,0.80948,,6691,111.80,6580,5950,853
01/31/2023,100.15,,,144.29,10,1442.90,74.53,4,298.12,119.09,3,357.27,98.84,5,494.20,61.32,12,735.84,267.40,,,127.33,8,1018.64,136.35,4,545.40,81.86,,,57.49,14,804.86,230.21,6,1381.26,154.73,4,618.92,47.96,,,0.88232,7697,0.81242,,6792,111.80,6680,5950,953
02/01/2023,100.90,,,145.43,10,1454.30,74.99,4,299.96,119.42,3,358.26,100.43,5,502.15,61.33,12,735.96,266.27,,,129.50,8,1036.00,137.98,4,551.92,82.42,,,57.58,14,806.12,230.90,6,1385.40,154.41,4,617.64,48.22,,,0.889,7748,0.8071,,6888,111.80,6776,5950,1050
02/02/2023,102.25,,,150.82,10,1508.20,73.73,4,294.92,119.69,3,359.07,107.74,5,538.70,60.28,12,723.36,263.21,,,129.06,8,1032.48,134.97,4,539.88,80.39,,,56.55,14,791.70,229.56,6,1377.36,150.34,4,601.36,47.87,,,0.89206,7767,0.8181298,,6929,111.80,6817,6050,990
02/03/2023,102.75,,,154.50,10,1545.00,74.29,4,297.16,119.86,3,359.58,104.78,5,523.90,59.83,12,717.96,264.23,,,127.61,8,1020.88,136.31,4,545.24,80.52,,,56.84,14,795.76,230.13,6,1380.78,151.06,4,604.24,47.24,,,0.8985,7791,0.8299444,,7000,111.80,6888,6050,1062
02/06/2023,101.90,,,151.73,10,1517.30,73.85,4,295.40,118.36,3,355.08,102.90,5,514.50,60.17,12,722.04,267.92,,,125.73,8,1005.84,137.67,4,550.68,80.15,,,56.55,14,791.70,229.44,6,1376.64,151.82,4,607.28,46.89,,,0.89202,7736,0.83148,,6901,111.80,6789,6050,963
02/07/2023,100.55,,,154.65,10,1546.50,73.45,4,293.80,118.12,3,354.36,107.64,5,538.20,60.07,12,720.84,267.34,,,125.33,8,1002.64,138.70,4,554.80,79.86,,,55.77,14,780.78,231.32,6,1387.92,151.33,4,605.32,46.99,,,0.89003,7785,0.82956,,6929,111.80,6817,6050,991
02/08/2023,100.40,,,151.92,10,1519.20,73.36,4,293.44,117.40,3,352.20,99.37,5,496.85,59.72,12,716.64,262.82,,,122.91,8,983.28,138.37,4,553.48,80.31,,,55.86,14,782.04,230.20,6,1381.20,150.86,4,603.44,46.74,,,0.88756,7682,0.8284,,6818,111.80,6706,6050,880
02/09/2023,100.05,,,150.87,10,1508.70,72.83,4,291.32,116.71,3,350.13,95.01,5,475.05,59.62,12,715.44,260.66,,,122.18,8,977.44,137.18,4,548.72,80.76,,,56.08,14,785.12,229.35,6,1376.10,152.28,4,609.12,47.17,,,0.8866,7637,0.8253,,6771,111.80,6659,6050,833
02/10/2023,100.55,,,151.01,10,1510.10,73.55,4,294.20,119.85,3,359.55,94.57,5,472.85,59.62,12,715.44,262.42,,,122.23,8,977.84,138.73,4,554.92,80.25,,,56.18,14,786.52,227.20,6,1363.20,154.07,4,616.28,47.91,,,0.8869,7651,0.8288438,,6786,111.80,6674,6050,847
02/13/2023,102.30,,,153.85,10,1538.50,73.77,4,295.08,120.78,3,362.34,94.61,5,473.05,60.60,12,727.20,266.20,,,125.15,8,1001.20,139.71,4,558.84,80.56,,,58.38,14,817.32,228.88,6,1373.28,152.78,4,611.12,48.64,,,0.88294,7758,0.8229,,6850,111.80,6738,6050,912
02/14/2023,102.35,,,153.20,10,1532.00,73.18,4,292.72,119.56,3,358.68,94.68,5,473.40,59.59,12,715.08,266.61,,,126.20,8,1009.60,139.27,4,557.08,80.72,,,58.31,14,816.34,229.39,6,1376.34,151.34,4,605.36,48.50,,,0.88177,7737,0.8214,,6822,111.80,6710,6050,884
02/15/2023,104.05,,,155.33,10,1553.30,72.70,4,290.80,118.56,3,355.68,96.94,5,484.70,59.59,12,715.08,266.56,,,127.48,8,1019.84,141.96,4,567.84,80.65,,,58.03,14,812.42,228.92,6,1373.52,152.14,4,608.56,48.86,,,0.88812,7782,0.83058,,6911,111.80,6799,6050,973
02/16/2023,104.60,,,153.71,10,1537.10,72.77,4,291.08,117.44,3,352.32,95.51,5,477.55,59.22,12,710.64,265.83,,,124.38,8,995.04,142.54,4,570.16,79.62,,,57.20,14,800.80,225.83,6,1354.98,152.27,4,609.08,48.09,,,0.89059,7699,0.83505,,6856,113.13,6743,6050,920
02/17/2023,103.50,,,152.55,10,1525.50,74.52,4,298.08,116.75,3,350.25,94.35,5,471.75,60.12,12,721.44,269.99,,,124.84,8,998.72,141.52,4,566.08,79.83,,,57.60,14,806.40,223.56,6,1341.36,154.92,4,619.68,48.81,,,0.89,7699,0.83022,,6852,114.75,6738,6050,917
02/21/2023,104.40,,,148.48,10,1484.80,74.26,4,297.04,116.25,3,348.75,91.79,5,458.95,59.80,12,717.60,268.55,,,121.10,8,968.80,142.58,4,570.32,78.82,,,57.90,14,810.60,220.62,6,1323.72,152.54,4,610.16,49.11,,,0.8796,7591,0.82581,,6677,114.75,6562,6050,742
02/22/2023,110.05,,,148.91,10,1489.10,74.41,4,297.64,115.32,3,345.96,91.65,5,458.25,59.98,12,719.76,268.64,,,119.90,8,959.20,142.49,4,569.96,77.46,,,57.69,14,807.66,220.02,6,1320.12,152.15,4,608.60,48.08,,,0.88027,7576,0.82988,,6669,114.75,6554,6050,734
02/23/2023,109.30,,,149.40,10,1494.00,73.66,4,294.64,116.08,3,348.24,90.89,5,454.45,60.09,12,721.08,266.78,,,119.96,8,959.68,142.36,4,569.44,77.75,,,57.04,14,798.56,221.13,6,1326.78,150.98,4,603.92,47.36,,,0.8818,7571,0.8321,,6676,114.75,6561,6050,741
02/24/2023,110.65,,,146.71,10,1467.10,73.13,4,292.52,115.24,3,345.72,89.13,5,445.65,59.84,12,718.08,263.68,,,118.04,8,944.32,141.81,4,567.24,77.19,,,56.57,14,791.98,219.55,6,1317.30,151.31,4,605.24,47.49,,,0.886,7495,0.8371003,,6641,114.75,6526,6050,705
02/27/2023,110.40,,,147.92,10,1479.20,73.60,4,294.40,115.93,3,347.79,89.87,5,449.35,59.82,12,717.84,264.78,,,118.53,8,948.24,141.69,4,566.76,76.90,,,56.81,14,795.34,220.35,6,1322.10,151.07,4,604.28,47.15,,,0.87954,7525,0.82908,,6619,114.75,6504,6050,684
02/28/2023,109.45,,,147.41,10,1474.10,73.30,4,293.20,113.89,3,341.67,90.06,5,450.30,59.51,12,714.12,263.91,,,118.79,8,950.32,143.52,4,574.08,76.60,,,56.17,14,786.38,219.94,6,1319.64,149.76,4,599.04,47.38,,,0.87883,7503,0.83101,,6594,114.75,6479,6050,658
03/01/2023,110.60,,,145.31,10,1453.10,72.55,4,290.20,115.63,3,346.89,90.36,5,451.80,58.86,12,706.32,262.72,,,118.58,8,948.64,142.23,4,568.92,76.86,,,56.13,14,785.82,218.36,6,1310.16,148.83,4,595.32,46.72,,,0.88699,7457,0.83126,,6614,114.75,6500,6150,579
03/02/2023,111.70,,,145.91,10,1459.10,73.77,4,295.08,117.92,3,353.76,92.00,5,460.00,59.72,12,716.64,267.57,,,119.58,8,956.64,142.25,4,569.00,76.71,,,56.70,14,793.80,219.06,6,1314.36,150.00,4,600.00,46.83,,,0.88685,7518,0.83671,,6668,114.75,6553,6150,632
03/03/2023,110.75,,,151.03,10,1510.30,73.95,4,295.80,119.31,3,357.93,93.65,5,468.25,59.44,12,713.28,269.07,,,120.94,8,967.52,145.60,4,582.40,77.91,,,56.07,14,784.98,223.77,6,1342.62,150.08,4,600.32,46.89,,,0.8857,7623,0.8308028,,6752,116.66,6635,6150,719
03/06/2023,110.35,,,153.83,10,1538.30,73.29,4,293.16,118.03,3,354.09,95.13,5,475.65,60.36,12,724.32,270.64,,,120.17,8,961.36,145.64,4,582.56,78.25,,,55.69,14,779.66,226.75,6,1360.50,150.77,4,603.08,46.88,,,0.88829,7673,0.8315,,6816,116.66,6699,6150,782
03/07/2023,110.75,,,151.60,10,1516.00,71.50,4,286.00,116.30,3,348.90,93.86,5,469.30,60.01,12,720.12,267.13,,,119.59,8,956.72,144.83,4,579.32,76.98,,,54.77,14,766.78,223.17,6,1339.02,149.40,4,597.60,46.42,,,0.89172,7580,0.84547,,6759,116.66,6642,6150,726
03/08/2023,111.25,,,152.87,10,1528.70,71.96,4,287.84,117.57,3,352.71,94.25,5,471.25,60.04,12,720.48,265.33,,,119.86,8,958.88,143.76,4,575.04,77.18,,,54.96,14,769.44,222.19,6,1333.14,149.90,4,599.60,46.03,,,0.89018,7597,0.84387,,6763,116.66,6646,6150,729
03/09/2023,112.05,,,150.59,10,1505.90,71.34,4,285.36,116.10,3,348.30,92.32,5,461.60,59.46,12,713.52,261.63,,,117.87,8,942.96,142.06,4,568.24,74.97,,,54.82,14,767.48,220.01,6,1320.06,150.62,4,602.48,45.72,,,0.88773,7516,0.83875,,6672,116.66,6555,6150,639
03/10/2023,111.85,,,148.50,10,1485.00,71.31,4,285.24,115.46,3,346.38,90.63,5,453.15,59.21,12,710.52,262.03,,,117.49,8,939.92,140.65,4,562.60,74.30,,,54.83,14,767.62,216.14,6,1296.84,149.33,4,597.32,45.66,,,0.8889,7445,0.8309098,,6617,116.66,6501,6150,584
03/13/2023,111.25,,,150.47,10,1504.70,71.50,4,286.00,116.20,3,348.60,91.11,5,455.55,59.81,12,717.72,263.08,,,116.86,8,934.88,139.53,4,558.12,73.54,,,55.28,14,773.92,214.47,6,1286.82,151.24,4,604.96,45.79,,,0.88113,7471,0.8216,,6583,116.66,6467,6150,550
03/14/2023,112.90,,,152.59,10,1525.90,72.24,4,288.96,116.17,3,348.51,93.97,5,469.85,60.03,12,720.36,265.90,,,119.00,8,952.00,141.84,4,567.36,74.76,,,55.88,14,782.32,218.66,6,1311.96,154.36,4,617.44,46.03,,,0.88275,7585,0.8229,,6695,116.66,6579,6150,662
03/15/2023,112.20,,,152.99,10,1529.90,72.93,4,291.72,115.19,3,345.57,96.11,5,480.55,60.43,12,725.16,266.34,,,118.17,8,945.36,135.06,4,540.24,74.16,,,55.16,14,772.24,216.37,6,1298.22,155.06,4,620.24,46.55,,,0.87661,7549,0.82855,,6618,116.66,6501,6150,584
03/16/2023,114.10,,,155.85,10,1558.50,72.95,4,291.80,118.49,3,355.47,100.32,5,501.60,60.30,12,723.60,270.57,,,120.65,8,965.20,142.87,4,571.48,74.60,,,55.94,14,783.16,217.45,6,1304.70,155.61,4,622.44,46.09,,,0.87628,7678,0.82573,,6728,116.66,6611,6150,695
03/17/2023,113.00,,,155.00,10,1550.00,72.20,4,288.80,115.24,3,345.72,101.62,5,508.10,60.02,12,720.24,267.20,,,120.39,8,963.12,136.32,4,545.28,74.48,,,55.29,14,774.06,217.39,6,1304.34,153.15,4,612.60,46.47,,,0.8854,7612,0.8208159,,6740,116.66,6623,6150,707
03/20/2023,113.80,,,157.40,10,1574.00,73.08,4,292.32,115.33,3,345.99,101.22,5,506.10,60.60,12,727.20,270.74,,,121.20,8,969.60,139.07,4,556.28,75.40,,,56.24,14,787.36,218.15,6,1308.90,154.87,4,619.48,46.97,,,0.87322,7687,0.81458,,6713,116.66,6596,6150,679
03/21/2023,114.70,,,159.28,10,1592.80,72.38,4,289.52,114.84,3,344.52,104.92,5,524.60,60.32,12,723.84,270.21,,,125.61,8,1004.88,140.23,4,560.92,76.36,,,56.88,14,796.32,221.95,6,1331.70,154.51,4,618.04,46.81,,,0.88101,7787,0.81799,,6861,116.66,6744,6150,827
03/22/2023,115.20,,,157.83,10,1578.30,72.13,4,288.52,113.87,3,341.61,103.37,5,516.85,60.05,12,720.60,267.87,,,119.50,8,956.00,136.69,4,546.76,75.13,,,57.33,14,802.62,220.04,6,1320.24,152.09,4,608.36,46.51,,,0.88507,7680,0.81435,,6797,116.66,6681,6150,764
03/23/2023,113.90,,,158.93,10,1589.30,71.83,4,287.32,112.64,3,337.92,105.60,5,528.00,59.92,12,719.04,269.62,,,120.97,8,967.76,137.83,4,551.32,74.63,,,57.35,14,802.90,222.59,6,1335.54,150.70,4,602.80,46.88,,,0.88192,7722,0.81423,,6810,121.81,6688,6150,782
03/24/2023,113.20,,,160.25,10,1602.50,73.42,4,293.68,113.68,3,341.04,105.44,5,527.20,60.90,12,730.80,271.33,,,120.71,8,965.68,140.43,4,561.72,74.87,,,57.81,14,809.34,221.04,6,1326.24,154.46,4,617.84,47.27,,,0.8795,7776,0.8177952,,6839,121.81,6717,6150,811
03/27/2023,113.95,,,158.28,10,1582.80,74.15,4,296.60,114.60,3,343.80,102.46,5,512.30,61.35,12,736.20,273.84,,,117.81,8,942.48,141.12,4,564.48,75.38,,,58.17,14,814.38,221.81,6,1330.86,153.58,4,614.32,48.06,,,0.87818,7738,0.81317,,6796,121.81,6674,6150,767
03/28/2023,113.45,,,157.65,10,1576.50,74.50,4,298.00,114.94,3,344.82,101.03,5,505.15,61.42,12,737.04,275.85,,,117.87,8,942.96,142.85,4,571.40,76.21,,,58.37,14,817.18,220.33,6,1321.98,154.82,4,619.28,47.87,,,0.87938,7734,0.811,,6801,123.74,6678,6150,775
03/29/2023,115.30,,,160.77,10,1607.70,74.47,4,297.88,115.32,3,345.96,101.39,5,506.95,61.86,12,742.32,277.44,,,120.49,8,963.92,144.48,4,577.92,76.55,,,58.11,14,813.54,223.30,6,1339.80,157.04,4,628.16,48.08,,,0.88064,7824,0.81211,,6890,123.74,6767,6150,864
03/30/2023,115.90,,,162.36,10,1623.60,75.25,4,301.00,116.30,3,348.90,100.89,5,504.45,61.85,12,742.20,277.79,,,120.10,8,960.80,143.79,4,575.16,76.91,,,58.48,14,818.72,222.36,6,1334.16,161.53,4,646.12,48.56,,,0.88024,7855,0.80728,,6914,123.74,6791,6150,888
03/31/2023,116.35,,,164.90,10,1649.00,75.15,4,300.60,117.97,3,353.91,103.73,5,518.65,62.03,12,744.36,279.61,,,122.64,8,981.12,143.06,4,572.24,78.36,,,58.42,14,817.88,225.46,6,1352.76,163.17,4,652.68,49.15,,,0.8805,7943,0.8100446,,6994,123.74,6870,6150,968
04/03/2023,116.50,,,166.17,10,1661.70,75.36,4,301.44,119.21,3,357.63,104.36,5,521.80,62.40,12,748.80,282.14,,,121.67,8,973.36,145.10,4,580.40,78.86,,,59.29,14,830.06,229.00,6,1374.00,163.87,4,655.48,49.56,,,0.87805,8005,0.80495,,7029,124.81,6904,6150,1003
04/04/2023,117.50,,,165.63,10,1656.30,74.73,4,298.92,120.29,3,360.87,104.72,5,523.60,62.21,12,746.52,282.28,,,123.69,8,989.52,144.28,4,577.12,78.64,,,59.56,14,833.84,227.66,6,1365.96,163.53,4,654.12,49.08,,,0.87661,8007,0.8001,,7019,124.81,6894,6250,894
04/05/2023,119.25,,,163.76,10,1637.60,75.36,4,301.44,117.07,3,351.21,104.47,5,522.35,62.80,12,753.60,282.02,,,120.90,8,967.20,146.43,4,585.72,78.04,,,59.99,14,839.86,228.17,6,1369.02,162.82,4,651.28,49.89,,,0.87483,7979,0.80237,,6981,130.40,6850,6250,861
04/06/2023,119.60,,,164.66,10,1646.60,75.68,4,302.72,118.52,3,355.56,108.42,5,542.10,62.84,12,754.08,282.89,,,120.22,8,961.76,147.29,4,589.16,78.05,,,60.28,14,843.92,225.99,6,1355.94,163.66,4,654.64,50.27,,,0.87787,8006,0.8039231,,7029,130.40,6898,6250,909
04/10/2023,119.60,,,162.03,10,1620.30,75.14,4,300.56,117.85,3,353.55,106.44,5,532.20,62.69,12,752.28,283.78,,,121.91,8,975.28,149.00,4,596.00,78.38,,,60.28,14,843.92,226.43,6,1358.58,162.28,4,649.12,50.17,,,0.87703,7982,0.80696,,7000,130.40,6870,6250,881
04/11/2023,119.65,,,160.80,10,1608.00,76.02,4,304.08,118.88,3,356.64,105.35,5,526.75,62.58,12,750.96,284.48,,,123.30,8,986.40,148.62,4,594.48,78.34,,,59.99,14,839.86,228.45,6,1370.70,163.14,4,652.56,50.02,,,0.87813,7990,0.80444,,7017,130.40,6886,6250,897
04/12/2023,120.70,,,160.10,10,1601.00,76.05,4,304.20,120.76,3,362.28,104.64,5,523.20,62.69,12,752.28,285.30,,,123.66,8,989.28,148.15,4,592.60,76.70,,,60.11,14,841.54,227.81,6,1366.86,165.50,4,662.00,49.78,,,0.88025,7995,0.80047,,7038,130.40,6907,6250,918
04/13/2023,121.20,,,165.56,10,1655.60,76.52,4,306.08,121.43,3,364.29,107.43,5,537.15,63.15,12,757.80,289.07,,,126.43,8,1011.44,138.21,4,552.84,77.20,,,60.87,14,852.18,232.69,6,1396.14,166.85,4,667.40,49.83,,,0.88223,8101,0.7983841,,7147,130.40,7016,6250,1027
04/14/2023,119.10,,,165.21,10,1652.10,75.59,4,302.36,122.38,3,367.14,108.87,5,544.35,63.05,12,756.60,288.98,,,125.95,8,1007.60,135.85,4,543.40,77.19,,,60.28,14,843.92,234.02,6,1404.12,165.30,4,661.20,49.49,,,0.895,8083,0.8048,,7234,130.40,7104,6250,1114
04/17/2023,118.60,,,165.23,10,1652.30,75.70,4,302.80,122.41,3,367.23,105.97,5,529.85,63.46,12,761.52,289.31,,,126.19,8,1009.52,138.41,4,553.64,77.61,,,60.50,14,847.00,233.48,6,1400.88,165.40,4,661.60,49.84,,,0.88274,8086,0.80805,,7138,130.40,7008,6250,1019
04/18/2023,118.95,,,166.47,10,1664.70,75.54,4,302.16,122.65,3,367.95,104.50,5,522.50,63.56,12,762.72,290.91,,,126.21,8,1009.68,138.60,4,554.40,77.76,,,60.50,14,847.00,233.60,6,1401.60,165.38,4,661.52,49.95,,,0.88317,8094,0.8048,,7149,130.67,7018,6250,1029
04/19/2023,119.45,,,167.63,10,1676.30,75.59,4,302.36,122.46,3,367.38,104.18,5,520.90,63.68,12,764.16,291.27,,,125.67,8,1005.36,138.91,4,555.64,78.01,,,60.59,14,848.26,232.57,6,1395.42,165.10,4,660.40,50.00,,,0.88113,8096,0.80458,,7134,130.67,7003,6250,1014
04/20/2023,121.75,,,166.65,10,1666.50,76.36,4,305.44,122.65,3,367.95,105.29,5,526.45,63.96,12,767.52,291.00,,,124.45,8,995.60,138.39,4,553.56,79.07,,,61.07,14,854.98,234.60,6,1407.60,165.70,4,662.80,50.32,,,0.88144,8108,0.8038,,7147,130.67,7016,6250,1028
04/21/2023,122.80,,,165.02,10,1650.20,76.80,4,307.20,123.03,3,369.09,105.41,5,527.05,64.05,12,768.60,292.06,,,125.53,8,1004.24,137.02,4,548.08,78.43,,,61.32,14,858.48,234.05,6,1404.30,165.15,4,660.60,50.58,,,0.8924,8098,0.8041,,7227,130.67,7096,6250,1107
04/24/2023,122.40,,,165.33,10,1653.30,77.88,4,311.52,124.40,3,373.20,105.97,5,529.85,63.95,12,767.40,293.20,,,127.09,8,1016.72,135.40,4,541.60,78.53,,,61.37,14,859.18,232.76,6,1396.56,165.67,4,662.68,50.92,,,0.8846,8112,0.8,,7176,130.67,7045,6250,1057
04/25/2023,122.00,,,163.77,10,1637.70,77.70,4,310.80,118.53,3,355.59,103.85,5,519.25,63.85,12,766.20,291.51,,,124.66,8,997.28,134.87,4,539.48,76.84,,,61.54,14,861.56,229.59,6,1377.54,165.57,4,662.28,50.52,,,0.88415,8028,0.80549,,7098,130.67,6967,6250,978
04/26/2023,119.55,,,163.76,10,1637.60,76.68,4,306.72,116.67,3,350.01,103.71,5,518.55,63.55,12,762.60,289.76,,,123.84,8,990.72,133.84,4,535.36,77.46,,,61.19,14,856.66,228.15,6,1368.90,163.61,4,654.44,50.30,,,0.88563,7982,0.80183,,7069,130.67,6938,6250,949
04/27/2023,119.45,,,168.41,10,1684.10,77.93,4,311.72,118.33,3,354.99,107.59,5,537.95,63.68,12,764.16,294.72,,,125.70,8,1005.60,134.71,4,538.84,78.94,,,62.43,14,874.02,229.01,6,1374.06,161.63,4,646.52,50.46,,,0.88268,8092,0.80016,,7143,130.67,7012,6250,1023
04/28/2023,120.15,,,169.68,10,1696.80,79.80,4,319.20,119.27,3,357.81,107.34,5,536.70,64.15,12,769.80,295.75,,,126.72,8,1013.76,136.40,4,545.60,78.82,,,62.47,14,874.58,232.73,6,1396.38,166.05,4,664.20,50.32,,,0.8884,8175,0.7956082,,7263,130.67,7132,6250,1143
05/01/2023,120.15,,,169.59,10,1695.90,80.69,4,322.76,119.83,3,359.49,107.20,5,536.00,64.30,12,771.60,297.58,,,127.92,8,1023.36,135.89,4,543.56,78.32,,,62.26,14,871.64,232.51,6,1395.06,166.79,4,667.16,50.53,,,0.87852,8187,0.8009,,7192,130.67,7061,6250,1073
05/02/2023,114.35,,,168.54,10,1685.40,80.85,4,323.40,118.37,3,355.11,105.32,5,526.60,64.01,12,768.12,298.07,,,127.26,8,1018.08,128.31,4,513.24,78.24,,,62.36,14,873.04,226.98,6,1361.88,166.71,4,666.84,50.39,,,0.88247,8092,0.8015,,7141,130.67,7010,6250,1021
05/03/2023,115.15,,,167.45,10,1674.50,81.26,4,325.04,117.98,3,353.94,105.41,5,527.05,63.65,12,763.80,295.22,,,126.74,8,1013.92,125.05,4,500.20,77.84,,,62.43,14,874.02,225.98,6,1355.88,167.32,4,669.28,50.21,,,0.8806,8058,0.79561,,7096,130.67,6965,6350,876
05/04/2023,111.25,,,165.79,10,1657.90,80.79,4,323.16,118.65,3,355.95,104.69,5,523.45,63.72,12,764.64,295.16,,,123.67,8,989.36,126.10,4,504.40,77.07,,,62.34,14,872.76,225.60,6,1353.60,167.81,4,671.24,50.16,,,0.8761,8016,0.7947,,7023,130.67,6893,6350,804
05/05/2023,108.75,,,173.57,10,1735.70,80.59,4,322.36,121.82,3,365.46,105.57,5,527.85,64.02,12,768.24,296.60,,,126.59,8,1012.72,129.52,4,518.08,78.50,,,62.51,14,875.14,231.78,6,1390.68,168.43,4,673.72,50.59,,,0.887,8190,0.7911392,,7264,130.67,7134,6350,1045
05/08/2023,108.20,,,173.50,10,1735.00,80.75,4,323.00,120.89,3,362.67,107.77,5,538.85,63.92,12,767.04,296.69,,,126.88,8,1015.04,134.09,4,536.36,78.36,,,62.24,14,871.36,232.23,6,1393.38,169.03,4,676.12,50.91,,,0.87177,8219,0.79285,,7165,130.67,7034,6350,946
05/09/2023,111.30,,,171.77,10,1717.70,80.64,4,322.56,120.30,3,360.90,107.35,5,536.75,63.39,12,760.68,296.66,,,125.10,8,1000.80,135.70,4,542.80,78.59,,,61.67,14,863.38,233.26,6,1399.56,169.46,4,677.84,50.99,,,0.86844,8183,0.7921,,7106,130.67,6976,6350,887
05/10/2023,111.30,,,173.56,10,1735.60,81.10,4,324.40,121.36,3,364.08,111.75,5,558.75,63.50,12,762.00,296.57,,,123.51,8,988.08,134.38,4,537.52,77.98,,,60.90,14,852.60,231.27,6,1387.62,170.55,4,682.20,50.85,,,0.8698,8193,0.7919537,,7126,130.67,6995,6350,907
05/11/2023,110.85,,,173.75,10,1737.50,81.63,4,326.52,119.98,3,359.94,116.57,5,582.85,63.86,12,766.32,294.79,,,122.22,8,977.76,133.94,4,535.76,78.06,,,61.07,14,854.98,231.01,6,1386.06,170.19,4,680.76,51.04,,,0.87211,8208,0.79948,,7159,130.67,7028,6350,939
05/12/2023,110.30,,,172.57,10,1725.70,81.98,4,327.92,120.57,3,361.71,117.51,5,587.55,64.11,12,769.32,296.14,,,120.21,8,961.68,133.43,4,533.72,78.99,,,60.99,14,853.86,231.38,6,1388.28,169.24,4,676.96,51.02,,,0.8787,8187,0.8030194,,7194,130.67,7063,6350,974
05/15/2023,109.80,,,172.07,10,1720.70,81.08,4,324.32,121.44,3,364.32,116.51,5,582.55,63.94,12,767.28,295.90,,,119.83,8,958.64,132.00,4,528.00,79.25,,,61.05,14,854.70,232.81,6,1396.86,168.58,4,674.32,50.63,,,0.868,8172,0.79839,,7093,130.67,6962,6350,874
05/16/2023,108.80,,,172.07,10,1720.70,80.77,4,323.08,119.90,3,359.70,119.51,5,597.55,63.22,12,758.64,294.15,,,116.48,8,931.84,129.76,4,519.04,78.22,,,60.68,14,849.52,230.47,6,1382.82,167.73,4,670.92,49.93,,,0.87024,8114,0.801,,7061,130.67,6930,6350,842
05/17/2023,108.25,,,172.69,10,1726.90,80.51,4,322.04,119.16,3,357.48,120.84,5,604.20,63.15,12,757.80,293.46,,,116.98,8,935.84,136.60,4,546.40,78.95,,,60.62,14,848.68,232.65,6,1395.90,166.72,4,666.88,49.84,,,0.86821,8162,0.8011023,,7086,131.97,6954,6350,868
05/18/2023,109.10,,,175.05,10,1750.50,79.69,4,318.76,119.26,3,357.78,122.83,5,614.15,62.80,12,753.60,294.05,,,118.87,8,950.96,136.11,4,544.44,79.27,,,59.43,14,832.02,233.60,6,1401.60,165.00,4,660.00,50.49,,,0.86807,8184,0.80565,,7104,131.97,6972,6350,886
05/19/2023,108.75,,,175.16,10,1751.60,79.93,4,319.72,119.50,3,358.50,122.76,5,613.80,62.83,12,753.96,295.55,,,114.76,8,918.08,135.06,4,540.24,79.35,,,59.92,14,838.88,233.31,6,1399.86,165.36,4,661.44,49.97,,,0.8691,8156,0.8032129,,7088,133.61,6955,6350,872
05/22/2023,108.35,,,174.20,10,1742.00,78.41,4,313.64,117.76,3,353.28,125.05,5,625.25,61.51,12,738.12,289.35,,,110.18,8,881.44,135.63,4,542.52,78.43,,,58.88,14,824.32,231.28,6,1387.68,164.30,4,657.20,49.53,,,0.86935,8065,0.80422,,7012,133.61,6878,6350,795
05/23/2023,107.95,,,171.56,10,1715.60,77.04,4,308.16,115.52,3,346.56,122.56,5,612.80,61.40,12,736.80,286.37,,,108.78,8,870.24,133.35,4,533.40,77.49,,,58.64,14,820.96,224.58,6,1347.48,162.78,4,651.12,49.44,,,0.86727,7943,0.80533,,6889,133.61,6755,6350,672
05/24/2023,107.80,,,171.84,10,1718.40,76.48,4,305.92,113.21,3,339.63,120.90,5,604.50,60.88,12,730.56,285.92,,,108.29,8,866.32,131.50,4,526.00,76.82,,,58.06,14,812.84,222.25,6,1333.50,162.62,4,650.48,49.21,,,0.86943,7888,0.80834,,6858,133.61,6725,6350,642
05/25/2023,105.80,,,172.99,10,1729.90,76.25,4,305.00,113.71,3,341.13,123.48,5,617.40,60.41,12,724.92,285.52,,,107.48,8,859.84,128.93,4,515.72,75.94,,,57.74,14,808.36,223.38,6,1340.28,161.88,4,647.52,48.72,,,0.87051,7890,0.8118,,6868,133.61,6735,6350,652
05/26/2023,107.50,,,175.43,10,1754.30,76.21,4,304.84,113.97,3,341.91,124.61,5,623.05,60.26,12,723.12,286.04,,,107.51,8,860.08,128.49,4,513.96,77.00,,,57.77,14,808.78,225.01,6,1350.06,161.28,4,645.12,48.81,,,0.8689,7925,0.8098477,,6886,133.61,6753,6350,670
05/30/2023,106.85,,,177.30,10,1773.00,74.95,4,299.80,114.32,3,342.96,123.67,5,618.35,59.78,12,717.36,284.92,,,106.52,8,852.16,128.07,4,512.28,76.76,,,56.22,14,787.08,221.64,6,1329.84,162.16,4,648.64,48.69,,,0.86458,7881,0.80568,,6814,133.61,6681,6350,598
05/31/2023,106.80,,,177.25,10,1772.50,74.38,4,297.52,112.73,3,338.19,122.87,5,614.35,59.66,12,715.92,285.11,,,105.26,8,842.08,127.91,4,511.64,76.79,,,56.18,14,786.52,221.03,6,1326.18,161.92,4,647.68,48.96,,,0.8589,7853,0.80341,,6745,133.61,6611,6350,528
06/01/2023,111.00,,,180.09,10,1800.90,74.90,4,299.60,115.06,3,345.18,123.72,5,618.60,60.00,12,720.00,287.87,,,103.63,8,829.04,128.33,4,513.32,76.65,,,56.39,14,789.46,226.50,6,1359.00,162.80,4,651.20,49.14,,,0.85902,7926,0.79834,,6809,133.61,6675,6350,592
06/02/2023,112.10,,,180.95,10,1809.50,76.05,4,304.20,117.69,3,353.07,124.67,5,623.35,61.16,12,733.92,289.91,,,107.78,8,862.24,129.50,4,518.00,78.11,,,56.96,14,797.44,228.79,6,1372.74,164.96,4,659.84,49.61,,,0.8612,8034,0.8030194,,6919,135.44,6784,6450,605
06/05/2023,112.55,,,179.58,10,1795.80,76.25,4,305.00,116.86,3,350.58,126.01,5,630.05,60.75,12,729.00,288.43,,,105.20,8,841.60,129.03,4,516.12,78.86,,,56.69,14,793.66,226.77,6,1360.62,164.74,4,658.96,49.93,,,0.86149,7981,0.8043,,6876,135.44,6740,6450,561
06/06/2023,112.30,,,179.21,10,1792.10,75.57,4,302.28,115.05,3,345.15,127.31,5,636.55,60.31,12,723.72,284.54,,,106.19,8,849.52,129.80,4,519.20,78.67,,,56.58,14,792.12,228.22,6,1369.32,162.68,4,650.72,49.93,,,0.86071,7981,0.8046,,6869,135.44,6734,6450,554
06/07/2023,112.00,,,177.82,10,1778.20,75.20,4,300.80,116.75,3,350.25,122.50,5,612.50,60.22,12,722.64,281.90,,,107.09,8,856.72,130.84,4,523.36,78.11,,,56.17,14,786.38,225.27,6,1351.62,161.55,4,646.20,50.00,,,0.86036,7929,0.80348,,6822,135.44,6686,6450,507
06/08/2023,113.45,,,180.57,10,1805.70,75.73,4,302.92,115.12,3,345.36,122.14,5,610.70,60.37,12,724.44,285.78,,,106.20,8,849.60,131.08,4,524.32,77.76,,,56.44,14,790.16,223.05,6,1338.30,162.58,4,650.32,50.72,,,0.85838,7942,0.79621,,6817,135.44,6682,6450,503
06/09/2023,113.35,,,180.96,10,1809.60,75.84,4,303.36,114.19,3,342.57,122.23,5,611.15,60.47,12,725.64,286.79,,,105.86,8,846.88,130.90,4,523.60,79.36,,,56.07,14,784.98,223.56,6,1341.36,162.68,4,650.72,51.03,,,0.8565,7940,0.7950758,,6800,135.44,6665,6450,486
06/12/2023,114.35,,,183.79,10,1837.90,75.72,4,302.88,113.93,3,341.79,123.64,5,618.20,60.21,12,722.52,288.57,,,106.83,8,854.64,130.69,4,522.76,80.03,,,56.12,14,785.68,226.17,6,1357.02,162.91,4,651.64,51.37,,,0.85966,7995,0.79902,,6873,135.44,6738,6450,558
06/13/2023,114.75,,,183.31,10,1833.10,75.24,4,300.96,115.10,3,345.30,123.83,5,619.15,60.45,12,725.40,288.55,,,106.78,8,854.24,131.68,4,526.72,81.03,,,56.26,14,787.64,223.40,6,1340.40,162.10,4,648.40,51.77,,,0.85557,7981,0.79322,,6829,135.44,6693,6450,514
06/14/2023,113.95,,,183.95,10,1839.50,75.42,4,301.68,116.61,3,349.83,123.67,5,618.35,60.86,12,730.32,288.44,,,112.86,8,902.88,126.93,4,507.72,79.90,,,56.50,14,791.00,223.44,6,1340.64,162.42,4,649.68,52.29,,,0.85541,8032,0.78921,,6870,135.44,6735,6450,556
06/15/2023,115.05,,,186.01,10,1860.10,76.80,4,307.20,117.96,3,353.88,125.09,5,625.45,61.23,12,734.76,292.61,,,112.41,8,899.28,128.36,4,513.44,81.48,,,57.80,14,809.20,226.17,6,1357.02,164.20,4,656.80,52.58,,,0.85605,8117,0.78212,,6949,135.44,6813,6450,634
06/16/2023,116.15,,,184.92,10,1849.20,77.78,4,311.12,118.95,3,356.85,123.53,5,617.65,61.67,12,740.04,293.70,,,113.59,8,908.72,129.99,4,519.96,81.26,,,58.42,14,817.88,228.91,6,1373.46,165.03,4,660.12,51.84,,,0.8547,8155,0.7797271,,6970,140.51,6830,6450,661
06/20/2023,116.30,,,185.01,10,1850.10,77.62,4,310.48,117.40,3,352.20,123.10,5,615.50,61.26,12,735.12,293.04,,,109.54,8,876.32,129.48,4,517.92,80.39,,,57.96,14,811.44,226.47,6,1358.82,164.86,4,659.44,51.39,,,0.85531,8087,0.78337,,6917,142.37,6775,6450,610
06/21/2023,115.60,,,183.96,10,1839.60,77.62,4,310.48,118.75,3,356.25,120.55,5,602.75,61.43,12,737.16,294.52,,,109.98,8,879.84,130.60,4,522.40,80.87,,,58.31,14,816.34,227.25,6,1363.50,165.48,4,661.92,51.49,,,0.8607,8090,0.78296,,6963,142.37,6821,6450,656
06/22/2023,116.70,,,187.00,10,1870.00,78.00,4,312.00,119.95,3,359.85,123.15,5,615.75,61.85,12,742.20,293.30,,,110.46,8,883.68,131.76,4,527.04,81.48,,,58.14,14,813.96,228.39,6,1370.34,166.91,4,667.64,51.92,,,0.8594,8162,0.78449,,7015,142.37,6872,6450,707
06/23/2023,117.30,,,186.68,10,1866.80,77.11,4,308.44,117.76,3,353.28,122.34,5,611.70,61.20,12,734.40,289.91,,,109.52,8,876.16,132.77,4,531.08,82.06,,,58.23,14,815.22,229.55,6,1377.30,165.59,4,662.36,51.82,,,0.8597,8137,0.7864727,,6995,142.37,6853,6450,688
06/26/2023,115.75,,,185.27,10,1852.70,76.64,4,306.56,118.79,3,356.37,118.34,5,591.70,61.22,12,734.64,289.09,,,111.74,8,893.92,131.95,4,527.80,81.72,,,58.11,14,813.54,226.30,6,1357.80,166.74,4,666.96,51.68,,,0.85797,8102,0.78666,,6951,142.37,6809,6450,644
06/27/2023,115.60,,,188.06,10,1880.60,75.73,4,302.92,119.55,3,358.65,118.33,5,591.65,61.09,12,733.08,291.30,,,113.61,8,908.88,132.65,4,530.60,82.80,,,58.39,14,817.46,227.34,6,1364.04,168.78,4,675.12,51.50,,,0.85966,8163,0.78464,,7017,142.37,6875,6450,710
06/28/2023,116.20,,,189.25,10,1892.50,75.91,4,303.64,119.07,3,357.21,120.18,5,600.90,60.52,12,726.24,291.74,,,113.03,8,904.24,131.69,4,526.76,82.66,,,58.06,14,812.84,227.96,6,1367.76,167.47,4,669.88,51.78,,,0.86325,8162,0.79098,,7046,142.37,6903,6450,738
06/29/2023,115.20,,,189.59,10,1895.90,76.56,4,306.24,119.79,3,359.37,119.10,5,595.50,60.02,12,720.24,294.47,,,113.37,8,906.96,132.07,4,528.28,83.74,,,57.96,14,811.44,234.32,6,1405.92,169.61,4,678.44,51.43,,,0.86148,8208,0.79273,,7071,142.37,6929,6450,764
06/30/2023,116.30,,,193.97,10,1939.70,77.04,4,308.16,121.07,3,363.21,119.70,5,598.50,60.22,12,722.64,298.41,,,110.37,8,882.96,132.37,4,529.48,84.79,,,58.65,14,821.10,237.48,6,1424.88,173.42,4,693.68,52.39,,,0.85575,8284,0.7885636,,7089,142.37,6947,6450,782
07/03/2023,114.30,,,192.46,10,1924.60,77.14,4,308.56,121.56,3,364.68,119.90,5,599.50,60.58,12,726.96,294.84,,,109.11,8,872.88,132.59,4,530.36,84.24,,,58.82,14,823.48,237.97,6,1427.82,171.40,4,685.60,52.73,,,0.85973,8264,0.78784,,7105,143.43,6962,6550,699
07/05/2023,115.45,,,191.33,10,1913.30,76.87,4,307.48,119.82,3,359.46,121.75,5,608.75,61.03,12,732.36,296.90,,,107.10,8,856.80,131.43,4,525.72,84.70,,,58.16,14,814.24,239.45,6,1436.70,171.05,4,684.20,52.70,,,0.8544,8239,0.78712,,7039,147.11,6892,6550,637
07/06/2023,114.30,,,191.81,10,1918.10,76.91,4,307.64,117.20,3,351.60,120.11,5,600.55,60.56,12,726.72,294.92,,,105.10,8,840.80,131.67,4,526.68,83.44,,,57.72,14,808.08,238.88,6,1433.28,171.36,4,685.44,52.37,,,0.8546,8199,0.78476,,7007,147.11,6860,6550,604
07/07/2023,109.60,,,190.68,10,1906.80,75.59,4,302.36,115.58,3,346.74,119.48,5,597.40,59.76,12,717.12,292.10,,,104.46,8,835.68,131.26,4,525.04,82.70,,,57.44,14,804.16,236.45,6,1418.70,170.01,4,680.04,51.16,,,0.8548,8134,0.778698,,6953,148.92,6804,6550,552
07/10/2023,109.60,,,188.61,10,1886.10,75.89,4,303.56,115.87,3,347.61,116.45,5,582.25,59.31,12,711.72,294.49,,,105.78,8,846.24,131.08,4,524.32,83.57,,,57.54,14,805.56,238.16,6,1428.96,171.13,4,684.52,51.63,,,0.8555,8121,0.77732,,6947,148.92,6798,6550,546
07/11/2023,108.95,,,188.08,10,1880.80,75.39,4,301.56,115.61,3,346.83,117.14,5,585.70,59.52,12,714.24,294.74,,,107.39,8,859.12,132.17,4,528.68,84.74,,,57.45,14,804.30,240.55,6,1443.30,170.22,4,680.88,51.55,,,0.8512,8145,0.77311,,6933,148.92,6784,6550,532
07/12/2023,110.30,,,189.77,10,1897.70,75.16,4,300.64,117.02,3,351.06,118.93,5,594.65,59.84,12,718.08,295.61,,,107.76,8,862.08,132.11,4,528.44,85.25,,,58.14,14,813.96,242.21,6,1453.26,169.18,4,676.72,51.68,,,0.8572,8197,0.76945,,7026,148.92,6877,6550,625
07/13/2023,112.05,,,190.54,10,1905.40,75.86,4,303.44,118.61,3,355.83,124.54,5,622.70,60.35,12,724.20,295.22,,,107.84,8,862.72,114.78,4,459.12,84.94,,,58.66,14,821.24,243.31,6,1459.86,168.34,4,673.36,51.38,,,0.85483,8188,0.7617,,6999,148.92,6850,6550,598
07/14/2023,113.40,,,190.69,10,1906.90,76.44,4,305.76,118.33,3,354.99,125.42,5,627.10,60.90,12,730.80,294.94,,,107.95,8,863.60,116.79,4,467.16,84.92,,,58.92,14,824.88,243.16,6,1458.96,168.56,4,674.24,51.55,,,0.859,8214,0.7637669,,7056,148.92,6907,6550,655
07/17/2023,113.25,,,193.99,10,1939.90,75.58,4,302.32,117.56,3,352.68,124.65,5,623.25,60.81,12,729.72,294.68,,,108.71,8,869.68,121.95,4,487.80,85.10,,,58.98,14,825.72,243.99,6,1463.94,167.76,4,671.04,51.62,,,0.85964,8266,0.76501,,7106,148.92,6957,6550,705
07/18/2023,112.80,,,193.73,10,1937.30,75.84,4,303.36,117.46,3,352.38,123.76,5,618.80,60.57,12,726.84,293.82,,,109.72,8,877.76,119.81,4,479.24,85.16,,,58.84,14,823.76,240.77,6,1444.62,166.61,4,666.44,51.52,,,0.86138,8231,0.76716,,7090,149.18,6940,6550,689
07/19/2023,112.90,,,195.10,10,1951.00,76.42,4,305.68,118.00,3,354.00,122.03,5,610.15,61.64,12,739.68,294.13,,,109.88,8,879.04,118.22,4,472.88,85.59,,,59.42,14,831.88,241.42,6,1448.52,166.70,4,666.80,51.54,,,0.86604,8260,0.77281,,7153,149.18,7004,6550,752
07/20/2023,112.80,,,193.13,10,1931.30,77.00,4,308.00,117.66,3,352.98,119.20,5,596.00,62.39,12,748.68,297.13,,,107.53,8,860.24,123.96,4,495.84,85.43,,,58.71,14,821.94,239.62,6,1437.72,171.90,4,687.60,52.49,,,0.86494,8240,0.77686,,7127,149.18,6978,6550,727
07/21/2023,113.30,,,191.94,10,1919.40,77.19,4,308.76,118.55,3,355.65,120.02,5,600.10,62.44,12,749.28,295.61,,,109.06,8,872.48,124.39,4,497.56,85.58,,,58.93,14,825.02,239.25,6,1435.50,172.41,4,689.64,52.79,,,0.8659,8253,0.7779074,,7147,149.18,6997,6550,746
07/24/2023,112.75,,,192.75,10,1927.50,77.48,4,309.92,118.95,3,356.85,121.53,5,607.65,62.46,12,749.52,295.31,,,108.77,8,870.16,125.24,4,500.96,86.59,,,57.93,14,811.02,240.74,6,1444.44,171.80,4,687.20,53.10,,,0.8634,8265,0.78048,,7136,149.18,6987,6550,735
07/25/2023,112.45,,,193.62,10,1936.20,77.84,4,311.36,118.67,3,356.01,122.21,5,611.05,62.25,12,747.00,292.36,,,108.30,8,866.40,123.55,4,494.20,87.28,,,60.64,14,848.96,238.69,6,1432.14,171.75,4,687.00,53.06,,,0.85699,8290,0.77556,,7105,149.18,6956,6550,704
07/26/2023,112.35,,,194.50,10,1945.00,77.96,4,311.84,118.67,3,356.01,129.27,5,646.35,63.05,12,756.60,291.75,,,109.30,8,874.40,126.23,4,504.92,87.42,,,60.78,14,850.92,237.10,6,1422.60,164.94,4,659.76,53.25,,,0.85694,8328,0.77356,,7137,149.18,6988,6550,736
07/27/2023,114.50,,,193.22,10,1932.20,77.11,4,308.44,118.34,3,355.02,129.40,5,647.00,62.44,12,749.28,295.19,,,107.67,8,861.36,125.31,4,501.24,86.45,,,60.13,14,841.82,234.44,6,1406.64,163.97,4,655.88,53.05,,,0.85808,8259,0.78163,,7087,149.18,6938,6550,686
07/28/2023,114.65,,,195.83,10,1958.30,75.62,4,302.48,120.80,3,362.40,132.58,5,662.90,62.48,12,749.76,294.03,,,108.62,8,868.96,125.03,4,500.12,86.85,,,60.96,14,853.44,235.75,6,1414.50,162.94,4,651.76,53.30,,,0.8589,8325,0.7787,,7150,149.18,7001,6550,749
07/31/2023,114.20,,,196.45,10,1964.50,76.26,4,305.04,121.23,3,363.69,132.72,5,663.60,61.93,12,743.16,293.20,,,110.39,8,883.12,125.98,4,503.92,86.53,,,60.45,14,846.30,237.73,6,1426.38,163.79,4,655.16,53.29,,,0.85687,8355,0.77918,,7159,149.18,7010,6550,758
08/01/2023,113.40,,,195.61,10,1956.10,76.64,4,306.56,119.49,3,358.47,131.55,5,657.75,61.77,12,741.24,291.07,,,109.40,8,875.20,127.42,4,509.68,86.37,,,60.23,14,843.22,239.78,6,1438.68,162.51,4,650.04,53.04,,,0.86024,8337,0.78151,,7172,149.18,7023,6550,771
08/02/2023,112.50,,,192.58,10,1925.80,77.54,4,310.16,116.80,3,350.40,128.38,5,641.90,61.96,12,743.52,289.62,,,107.51,8,860.08,125.36,4,501.44,85.61,,,59.59,14,834.26,237.56,6,1425.36,163.42,4,653.68,53.07,,,0.86032,8247,0.78614,,7095,149.18,6946,6650,594
08/03/2023,111.55,,,191.17,10,1911.70,76.58,4,306.32,117.23,3,351.69,128.45,5,642.25,61.64,12,739.68,291.02,,,108.64,8,869.12,128.85,4,515.40,86.02,,,58.78,14,822.92,238.76,6,1432.56,160.94,4,643.76,53.09,,,0.8611,8235,0.78639,,7092,149.18,6942,6650,591
08/04/2023,112.25,,,181.99,10,1819.90,76.26,4,305.04,116.88,3,350.64,128.11,5,640.55,60.71,12,728.52,287.02,,,108.81,8,870.48,126.54,4,506.16,85.45,,,58.38,14,817.32,238.99,6,1433.94,160.43,4,641.72,52.78,,,0.8649,8114,0.784,,7018,149.18,6869,6650,517
08/07/2023,113.00,,,178.85,10,1788.50,76.90,4,307.60,118.27,3,354.81,131.53,5,657.65,61.19,12,734.28,291.40,,,110.48,8,883.84,127.66,4,510.64,86.29,,,58.74,14,822.36,241.51,6,1449.06,161.25,4,645.00,53.50,,,0.86078,8154,0.78235,,7019,149.18,6869,6650,518
08/08/2023,113.30,,,179.80,10,1798.00,76.33,4,305.32,117.06,3,351.18,131.40,5,657.00,60.92,12,731.04,289.58,,,109.69,8,877.52,126.50,4,506.00,86.58,,,58.59,14,820.26,239.29,6,1435.74,159.80,4,639.20,53.55,,,0.86004,8121,0.78483,,6985,149.18,6835,6650,484
08/09/2023,113.15,,,178.19,10,1781.90,76.49,4,305.96,117.86,3,353.58,129.66,5,648.30,61.06,12,732.72,288.23,,,109.69,8,877.52,126.50,4,506.00,86.22,,,58.64,14,820.96,239.76,6,1438.56,161.50,4,646.00,53.64,,,0.86295,8112,0.78616,,7000,149.18,6851,6650,499
08/10/2023,113.30,,,177.97,10,1779.70,76.28,4,305.12,116.44,3,349.32,129.69,5,648.45,60.92,12,731.04,287.60,,,109.03,8,872.24,126.14,4,504.56,86.20,,,58.79,14,823.06,240.16,6,1440.96,159.83,4,639.32,53.42,,,0.86669,8094,0.78926,,7015,149.18,6866,6650,514
08/11/2023,112.35,,,177.79,10,1777.90,76.90,4,307.60,116.93,3,350.79,129.56,5,647.80,61.17,12,734.04,288.62,,,108.09,8,864.72,127.84,4,511.36,85.89,,,58.42,14,817.88,240.04,6,1440.24,160.94,4,643.76,53.73,,,0.8634,8096,0.7877117,,6990,149.18,6841,6650,489
08/14/2023,112.60,,,179.46,10,1794.60,75.72,4,302.88,116.16,3,348.48,131.33,5,656.65,60.88,12,730.56,288.81,,,107.64,8,861.12,125.92,4,503.68,86.21,,,58.31,14,816.34,242.90,6,1457.40,160.73,4,642.92,53.33,,,0.8597,8115,0.78832,,6976,149.18,6827,6650,475
08/15/2023,111.95,,,177.45,10,1774.50,74.64,4,298.56,113.93,3,341.79,129.78,5,648.90,60.47,12,725.64,288.30,,,106.55,8,852.40,125.05,4,500.20,85.77,,,57.76,14,808.64,239.83,6,1438.98,158.97,4,635.88,53.06,,,0.8583,8025,0.78732,,6888,149.18,6739,6650,387
08/16/2023,111.20,,,176.57,10,1765.70,74.42,4,297.68,113.61,3,340.83,128.70,5,643.50,60.48,12,725.76,285.40,,,106.53,8,852.24,136.14,4,544.56,89.31,,,57.56,14,805.84,239.29,6,1435.74,160.02,4,640.08,53.09,,,0.85435,8052,0.78566,,6879,149.18,6730,6650,378
08/17/2023,109.40,,,174.00,10,1740.00,74.00,4,296.00,113.22,3,339.66,129.92,5,649.60,60.61,12,727.32,281.86,,,105.05,8,840.40,135.21,4,540.84,88.29,,,57.32,14,802.48,237.37,6,1424.22,158.49,4,633.96,51.90,,,0.8529,7994,0.7843,,6818,150.46,6668,6650,319
08/18/2023,109.10,,,174.49,10,1744.90,74.55,4,298.20,113.61,3,340.83,127.46,5,637.30,60.95,12,731.40,281.74,,,104.81,8,838.48,133.93,4,535.72,89.52,,,56.95,14,797.30,238.17,6,1429.02,158.87,4,635.48,52.64,,,0.855,7989,0.7852375,,6830,152.06,6678,6650,332
08/21/2023,109.05,,,175.84,10,1758.40,73.80,4,295.20,112.59,3,337.77,128.37,5,641.85,60.43,12,725.16,280.04,,,102.86,8,822.88,132.18,4,528.72,89.62,,,56.85,14,795.90,239.46,6,1436.76,158.87,4,635.48,52.50,,,0.854,7978,0.78365,,6813,152.06,6661,6650,315
08/22/2023,107.35,,,177.23,10,1772.30,73.51,4,294.04,112.04,3,336.12,129.08,5,645.40,60.06,12,720.72,280.31,,,101.46,8,811.68,130.53,4,522.12,89.10,,,56.91,14,796.74,240.57,6,1443.42,158.13,4,632.52,52.34,,,0.8518,7975,0.78545,,6793,152.06,6641,6650,295
08/23/2023,109.00,,,181.12,10,1811.20,73.51,4,294.04,113.00,3,339.00,132.37,5,661.85,60.27,12,723.24,281.87,,,98.75,8,790.00,130.39,4,521.56,90.01,,,57.20,14,800.80,242.30,6,1453.80,158.38,4,633.52,52.70,,,0.85413,8029,0.78613,,6858,152.06,6706,6650,360
08/24/2023,109.55,,,176.38,10,1763.80,73.32,4,293.28,111.69,3,335.07,129.78,5,648.90,60.11,12,721.32,282.35,,,97.63,8,781.04,131.90,4,527.60,88.31,,,56.88,14,796.32,239.47,6,1436.82,157.28,4,629.12,52.30,,,0.85749,7933,0.7941,,6803,152.06,6651,6650,305
08/25/2023,109.50,,,178.61,10,1786.10,73.83,4,295.32,112.48,3,337.44,129.88,5,649.40,60.39,12,724.68,284.58,,,98.84,8,790.72,132.58,4,530.32,88.82,,,57.27,14,801.78,242.57,6,1455.42,158.33,4,633.32,52.61,,,0.8582,8005,0.7947862,,6869,152.06,6717,6650,372
08/28/2023,110.55,,,180.19,10,1801.90,73.64,4,294.56,112.23,3,336.69,131.01,5,655.05,60.56,12,726.72,283.68,,,99.63,8,797.04,131.58,4,526.32,90.28,,,57.49,14,804.86,243.83,6,1462.98,157.94,4,631.76,52.91,,,0.85836,8038,0.79295,,6899,152.06,6747,6650,401
08/29/2023,110.40,,,184.12,10,1841.20,73.47,4,293.88,112.94,3,338.82,134.57,5,672.85,60.50,12,726.00,283.59,,,101.77,8,814.16,132.25,4,529.00,90.97,,,57.72,14,808.08,245.34,6,1472.04,158.13,4,632.52,53.35,,,0.86008,8129,0.79134,,6991,152.06,6839,6650,493
08/30/2023,111.85,,,187.65,10,1876.50,73.85,4,295.40,114.02,3,342.06,135.88,5,679.40,60.47,12,725.64,284.24,,,102.10,8,816.80,134.03,4,536.12,92.14,,,57.97,14,811.58,246.23,6,1477.38,158.62,4,634.48,53.73,,,0.85975,8195,0.7866707,,7046,152.06,6894,6650,548
08/31/2023,111.20,,,187.87,10,1878.70,73.47,4,293.88,112.61,3,337.83,136.17,5,680.85,59.83,12,717.96,281.15,,,101.71,8,813.68,133.47,4,533.88,92.48,,,57.40,14,803.60,245.68,6,1474.08,156.78,4,627.12,54.20,,,0.85564,8162,0.78909,,6983,152.06,6831,6650,485
09/01/2023,112.05,,,189.46,10,1894.60,73.27,4,293.08,113.17,3,339.51,135.66,5,678.30,59.31,12,711.72,280.94,,,102.36,8,818.88,135.48,4,541.92,92.64,,,57.04,14,798.56,248.11,6,1488.66,157.01,4,628.04,53.86,,,0.8575,8193,0.7942812,,7026,157.26,6868,6750,433
09/05/2023,112.00,,,189.70,10,1897.00,72.78,4,291.12,111.34,3,334.02,135.77,5,678.85,58.82,12,705.84,279.16,,,100.32,8,802.56,133.52,4,534.08,91.62,,,56.25,14,787.50,245.34,6,1472.04,157.03,4,628.12,53.42,,,0.85312,8131,0.79551,,6937,159.07,6778,6750,346
09/06/2023,112.40,,,182.91,10,1829.10,72.32,4,289.28,109.43,3,328.29,134.46,5,672.30,58.78,12,705.36,275.44,,,100.18,8,801.44,134.84,4,539.36,90.76,,,55.99,14,783.86,246.16,6,1476.96,155.97,4,623.88,53.82,,,0.85797,8050,0.80008,,6907,159.07,6747,6750,316
09/07/2023,113.70,,,177.56,10,1775.60,73.56,4,294.24,107.66,3,322.98,135.26,5,676.30,58.33,12,699.96,278.33,,,97.93,8,783.44,137.41,4,549.64,91.45,,,56.44,14,790.16,247.14,6,1482.84,156.90,4,627.60,54.49,,,0.85745,8003,0.8016,,6862,159.07,6703,6750,271
09/08/2023,114.15,,,178.18,10,1781.80,73.20,4,292.80,107.84,3,323.52,136.38,5,681.90,58.33,12,699.96,279.22,,,97.67,8,781.36,135.76,4,543.04,91.45,,,56.76,14,794.64,247.29,6,1483.74,156.45,4,625.80,54.59,,,0.8593,8009,0.8021819,,6882,159.07,6723,6750,291
09/11/2023,113.50,,,179.36,10,1793.60,73.95,4,295.80,109.20,3,327.60,136.92,5,684.60,58.88,12,706.56,279.76,,,96.79,8,774.32,137.26,4,549.04,91.58,,,57.06,14,798.84,247.22,6,1483.32,157.48,4,629.92,54.78,,,0.85919,8044,0.79944,,6911,159.07,6752,6750,320
09/12/2023,113.20,,,176.30,10,1763.00,72.52,6,435.12,109.33,3,327.99,135.34,5,676.70,58.30,12,699.60,280.71,,,96.30,12,1155.60,138.65,4,554.60,92.18,5,460.90,56.64,14,792.96,247.30,6,1483.80,158.58,4,634.32,54.84,,,0.8607,8985,0.80053,,7733,153.91,7579,6750,1137
09/13/2023,114.10,,,174.21,10,1742.10,72.83,6,436.98,111.24,3,333.72,136.71,5,683.55,58.44,12,701.28,281.77,,,96.13,12,1153.56,139.17,4,556.68,92.92,5,464.60,56.76,14,794.64,247.83,6,1486.98,160.40,4,641.60,54.85,,,0.85928,8996,0.80067,,7730,153.91,7576,6750,1134
09/14/2023,116.15,,,175.74,10,1757.40,73.46,6,440.76,115.46,3,346.38,138.10,5,690.50,58.46,12,701.52,284.76,,,97.19,12,1166.28,139.57,4,558.28,93.59,5,467.95,56.99,14,797.86,241.50,6,1449.00,160.35,4,641.40,55.08,,,0.85755,9017,0.80633,,7733,153.91,7579,6750,1137
09/15/2023,118.15,,,175.01,10,1750.10,73.17,6,439.02,116.40,3,349.20,137.40,5,687.00,57.94,12,695.28,278.23,,,96.26,12,1155.12,138.74,4,554.96,92.44,5,462.20,57.08,14,799.12,241.07,6,1446.42,160.48,4,641.92,54.88,,,0.8612,8980,0.8071025,,7734,153.91,7580,6750,1138
09/18/2023,117.35,,,177.97,10,1779.70,73.85,6,443.10,115.72,3,347.16,138.21,5,691.05,58.30,12,699.60,277.72,,,95.51,12,1146.12,140.56,4,562.24,91.94,5,459.70,57.14,14,799.96,244.66,6,1467.96,159.83,4,639.32,54.47,,,0.86338,9036,0.80751,,7801,153.91,7648,6750,1205
09/19/2023,116.00,,,179.07,10,1790.70,73.22,6,439.32,113.58,3,340.74,138.04,5,690.20,58.18,12,698.16,278.13,,,94.62,12,1135.44,142.47,4,569.88,91.00,5,455.00,56.80,14,795.20,243.56,6,1461.36,159.67,4,638.68,54.46,,,0.86183,9015,0.80687,,7769,153.91,7615,6750,1173
09/20/2023,116.60,,,175.49,10,1754.90,73.76,6,442.56,113.26,3,339.78,133.74,5,668.70,58.44,12,701.28,277.20,,,94.04,12,1128.48,142.69,4,570.76,90.66,5,453.30,57.00,14,798.00,241.86,6,1451.16,160.05,4,640.20,54.64,,,0.86391,8949,0.8111,,7731,153.91,7577,6750,1135
09/21/2023,115.55,,,173.93,10,1739.30,73.22,6,439.32,110.16,3,330.48,130.44,5,652.20,57.54,12,690.48,271.22,,,91.59,12,1099.08,142.40,4,569.60,89.17,5,445.85,56.91,14,796.74,236.61,6,1419.66,157.49,4,629.96,53.97,,,0.86712,8813,0.81339,,7642,153.91,7488,6750,1046
09/22/2023,114.10,,,174.79,10,1747.90,72.45,6,434.70,110.13,3,330.39,130.25,5,651.25,57.60,12,691.20,272.22,,,90.85,12,1090.20,143.26,4,573.04,89.16,5,445.80,56.69,14,793.66,235.08,6,1410.48,156.47,4,625.88,54.12,,,0.8715,8795,0.81686,,7664,153.91,7510,6750,1068
09/25/2023,113.75,,,176.08,10,1760.80,72.22,6,433.32,111.51,3,334.53,131.11,5,655.55,57.00,12,684.00,269.78,,,90.60,12,1087.20,142.42,4,569.68,88.26,5,441.30,55.97,14,783.58,233.36,6,1400.16,157.16,4,628.64,54.36,,,0.86711,8779,0.81879,,7612,153.91,7458,6750,1016
09/26/2023,113.65,,,171.96,10,1719.60,72.00,6,432.00,110.56,3,331.68,128.57,5,642.85,56.53,12,678.36,267.72,,,90.17,12,1082.04,140.75,4,563.00,87.87,5,439.35,55.47,14,776.58,229.65,6,1377.90,155.68,4,622.72,54.17,,,0.87003,8666,0.82326,,7540,155.85,7384,6750,946
09/27/2023,113.30,,,170.43,10,1704.30,71.05,6,426.30,108.61,3,325.83,130.54,5,652.70,55.95,12,671.40,263.64,,,89.42,12,1073.04,140.62,4,562.48,88.11,5,440.55,54.90,14,768.60,229.50,6,1377.00,154.42,4,617.68,53.91,,,0.86562,8620,0.82404,,7462,155.85,7306,6750,867
09/28/2023,113.85,,,170.69,10,1706.90,71.31,6,427.86,109.65,3,328.95,132.31,5,661.55,55.81,12,669.72,265.59,,,89.63,12,1075.56,140.41,4,561.64,89.58,5,447.90,55.35,14,774.90,231.66,6,1389.96,154.44,4,617.76,54.18,,,0.86539,8663,0.81935,,7497,155.85,7341,6750,902
09/29/2023,114.65,,,171.21,10,1712.10,71.11,6,426.66,108.33,3,324.99,130.86,5,654.30,55.98,12,671.76,263.44,,,95.62,12,1147.44,139.30,4,557.20,88.88,5,444.40,55.58,14,778.12,230.01,6,1380.06,152.44,4,609.76,53.31,,,0.8667,8707,0.8194706,,7546,155.85,7390,6750,952
10/02/2023,114.85,,,173.75,10,1737.50,70.76,6,424.56,106.40,3,319.20,134.17,5,670.85,55.48,12,665.76,257.75,,,94.56,12,1134.72,138.97,4,555.88,88.68,5,443.40,54.83,14,767.62,231.27,6,1387.62,151.21,4,604.84,53.37,,,0.86674,8712,0.82705,,7551,155.85,7395,6750,957
10/03/2023,114.75,,,172.40,10,1724.00,70.47,6,422.82,106.08,3,318.24,132.43,5,662.15,54.88,12,658.56,254.49,,,95.09,12,1141.08,139.40,4,557.60,87.85,5,439.25,54.89,14,768.46,228.81,6,1372.86,152.56,4,610.24,53.03,,,0.86672,8675,0.82792,,7519,156.93,7362,6850,826
10/04/2023,116.95,,,173.66,10,1736.60,70.56,6,423.36,106.45,3,319.35,135.24,5,676.20,55.04,12,660.48,255.81,,,95.89,12,1150.68,142.16,4,568.64,88.04,5,440.20,55.05,14,770.70,231.22,6,1387.32,153.96,4,615.84,53.67,,,0.86561,8749,0.8239,,7574,162.71,7411,6850,886
10/05/2023,118.05,,,174.91,10,1749.10,69.27,6,415.62,106.62,3,319.86,135.07,5,675.35,52.38,12,628.56,252.23,,,95.79,12,1149.48,142.50,4,570.00,87.83,5,439.15,55.06,14,770.84,233.48,6,1400.88,154.72,4,618.88,53.03,,,0.86529,8738,0.8205,,7561,162.71,7398,6850,873
10/06/2023,118.30,,,177.49,10,1774.90,69.43,6,416.58,107.12,3,321.36,137.58,5,687.90,53.14,12,637.68,248.22,,,97.11,12,1165.32,142.86,4,571.44,88.56,5,442.80,54.25,14,759.50,235.04,6,1410.24,155.44,4,621.76,52.14,,,0.8659,8809,0.8169267,,7628,162.71,7465,6850,941
10/09/2023,118.40,,,178.99,10,1789.90,69.31,6,415.86,108.46,3,325.38,138.42,5,692.10,52.88,12,634.56,249.92,,,96.88,12,1162.56,143.26,4,573.04,88.71,5,443.55,54.02,14,756.28,234.44,6,1406.64,157.48,4,629.92,51.95,,,0.86353,8830,0.8163,,7625,162.71,7462,6850,937
10/10/2023,120.70,,,178.39,10,1783.90,69.49,6,416.94,108.76,3,326.28,138.06,5,690.30,54.03,12,648.36,251.52,,,97.62,12,1171.44,142.25,4,569.00,88.65,5,443.25,54.56,14,763.84,236.60,6,1419.60,156.85,4,627.40,52.53,,,0.8628,8860,0.81358,,7645,162.71,7482,6850,957
10/11/2023,121.30,,,179.80,10,1798.00,68.87,6,413.22,109.16,3,327.48,140.55,5,702.75,53.71,12,644.52,250.92,,,98.65,12,1183.80,143.86,4,575.44,89.25,5,446.25,54.38,14,761.32,235.68,6,1414.08,156.68,4,626.72,52.74,,,0.86249,8894,0.81193,,7671,162.71,7508,6850,983
10/12/2023,122.00,,,180.71,10,1807.10,69.70,6,418.20,107.77,3,323.31,138.97,5,694.85,52.81,12,633.72,246.19,,,99.25,12,1191.00,143.30,4,573.20,88.92,5,444.60,53.74,14,752.36,236.78,6,1420.68,155.05,4,620.20,52.98,,,0.86477,8879,0.8208,,7678,162.71,7516,6850,991
10/13/2023,121.35,,,178.85,10,1788.50,70.95,6,425.70,107.74,3,323.22,137.36,5,686.80,52.89,12,634.68,248.31,,,99.91,12,1198.92,154.95,4,619.80,88.60,5,443.00,53.78,14,752.92,237.67,6,1426.02,158.81,4,635.24,53.28,,,0.8651,8935,0.8246743,,7729,162.71,7567,6850,1042
10/16/2023,120.45,,,178.72,10,1787.20,72.15,6,432.90,109.38,3,328.14,139.10,5,695.50,53.43,12,641.16,249.94,,,102.04,12,1224.48,157.05,4,628.20,89.68,5,448.40,54.01,14,756.14,240.07,6,1440.42,159.84,4,639.36,53.74,,,0.86412,9022,0.8189,,7796,162.71,7633,6850,1109
10/17/2023,120.95,,,177.15,10,1771.50,72.08,6,432.48,108.94,3,326.82,139.72,5,698.60,54.07,12,648.84,251.14,,,103.01,12,1236.12,158.94,4,635.76,90.61,5,453.05,54.43,14,762.02,241.20,6,1447.20,160.06,4,640.24,53.81,,,0.8681,9053,0.8211,,7859,162.99,7696,6850,1172
10/18/2023,121.60,,,175.84,10,1758.40,73.07,6,438.42,105.38,3,316.14,137.96,5,689.80,54.05,12,648.60,256.03,,,103.77,12,1245.24,159.18,4,636.72,90.45,5,452.25,54.41,14,761.74,237.47,6,1424.82,159.05,4,636.20,53.85,,,0.86782,9008,0.82349,,7818,162.99,7655,6850,1131
10/19/2023,121.40,,,175.46,10,1754.60,73.19,6,439.14,105.08,3,315.24,137.75,5,688.75,54.35,12,652.20,258.38,,,103.05,12,1236.60,157.80,4,631.20,89.83,5,449.15,54.44,14,762.16,233.81,6,1402.86,157.07,4,628.28,53.59,,,0.87209,8960,0.82391,,7814,162.99,7651,6850,1127
10/20/2023,119.00,,,172.88,10,1728.80,73.27,6,439.62,106.45,3,319.35,135.60,5,678.00,54.57,12,654.84,258.11,,,102.67,12,1232.04,154.84,4,619.36,89.10,5,445.50,54.23,14,759.22,233.38,6,1400.28,156.58,4,626.32,52.92,,,0.8724,8903,0.8229098,,7767,162.99,7604,6850,1080
10/23/2023,119.85,,,173.00,10,1730.00,71.96,6,431.76,105.68,3,317.04,136.50,5,682.50,54.08,12,648.96,254.75,,,102.81,12,1233.72,153.48,4,613.92,88.33,5,441.65,54.63,14,764.82,231.53,6,1389.18,155.96,4,623.84,53.67,,,0.8709,8877,0.81631,,7731,162.99,7568,6850,1044
10/24/2023,119.50,,,173.44,10,1734.40,72.84,6,437.04,105.67,3,317.01,138.81,5,694.05,55.64,12,667.68,257.27,,,105.18,12,1262.16,156.24,4,624.96,89.46,5,447.30,54.61,14,764.54,234.65,6,1407.90,154.63,4,618.52,54.42,,,0.87113,8976,0.82224,,7819,162.99,7656,6850,1132
10/25/2023,120.50,,,171.10,10,1711.00,73.41,6,440.46,106.24,3,318.72,125.61,5,628.05,56.12,12,673.44,258.03,,,103.54,12,1242.48,156.43,4,625.72,88.95,5,444.75,54.60,14,764.40,236.85,6,1421.10,164.07,4,656.28,54.25,,,0.87301,8926,0.82621,,7793,162.99,7630,6850,1106
10/26/2023,119.20,,,166.89,10,1668.90,73.08,6,438.48,104.59,3,313.77,122.28,5,611.40,55.78,12,669.36,255.83,,,100.02,12,1200.24,153.86,4,615.44,87.93,5,439.65,53.17,14,744.38,231.28,6,1387.68,162.82,4,651.28,53.92,,,0.87041,8741,0.82392,,7608,162.99,7445,6850,921
10/27/2023,118.25,,,168.22,10,1682.20,71.79,6,430.74,104.53,3,313.59,122.17,5,610.85,55.24,12,662.88,255.76,,,97.98,12,1175.76,153.06,4,612.24,87.19,5,435.95,52.04,14,728.56,229.27,6,1375.62,161.38,4,645.52,53.72,,,0.8713,8674,0.8248103,,7558,162.99,7395,6850,871
10/30/2023,119.95,,,170.29,10,1702.90,73.88,6,443.28,105.98,3,317.94,124.46,5,622.30,56.15,12,673.80,260.15,,,101.80,12,1221.60,155.19,4,620.76,88.27,5,441.35,52.83,14,739.62,233.08,6,1398.48,162.75,4,651.00,54.34,,,0.8724,8833,0.82198,,7706,162.99,7543,6850,1019
10/31/2023,121.10,,,170.77,10,1707.70,75.12,6,450.72,105.78,3,317.34,124.08,5,620.40,56.49,12,677.88,262.17,,,102.77,12,1233.24,158.09,4,632.36,88.07,5,440.35,53.27,14,745.78,235.10,6,1410.60,164.33,4,657.32,54.47,,,0.8707,8894,0.8229,,7744,162.99,7581,6850,1057
11/01/2023,117.70,,,173.97,10,1739.70,74.93,6,449.58,106.70,3,320.10,126.45,5,632.25,56.44,12,677.28,261.97,,,100.88,12,1210.56,159.61,4,638.44,88.06,5,440.30,53.11,14,743.54,238.58,6,1431.48,164.04,4,656.16,54.96,,,0.86897,8939,0.82087,,7768,162.99,7605,6850,1081
11/02/2023,119.75,,,177.57,10,1775.70,74.80,6,448.80,108.91,3,326.73,127.49,5,637.45,57.09,12,685.08,266.85,,,105.08,12,1260.96,158.77,4,635.08,89.92,5,449.60,53.63,14,750.82,243.25,6,1459.50,166.85,4,667.40,55.17,,,0.87077,9097,0.82022,,7921,162.99,7759,6950,1134
11/03/2023,115.90,,,176.65,10,1766.50,74.82,6,448.92,110.98,3,332.94,129.10,5,645.50,56.74,12,680.88,267.87,,,107.06,12,1284.72,156.21,4,624.84,91.00,5,455.00,53.60,14,750.40,243.60,6,1461.60,168.12,4,672.48,54.89,,,0.8683,9124,0.808,,7922,162.99,7759,6950,1135
11/06/2023,116.20,,,179.23,10,1792.30,75.21,6,451.26,110.58,3,331.74,130.25,5,651.25,56.97,12,683.64,268.91,,,107.25,12,1287.00,158.23,4,632.92,90.85,5,454.25,53.70,14,751.80,243.49,6,1460.94,169.22,4,676.88,54.96,,,0.8681,9174,0.81001,,7964,162.99,7801,6950,1177
11/07/2023,117.35,,,181.82,10,1818.20,75.23,6,451.38,109.99,3,329.97,130.97,5,654.85,57.18,12,686.16,268.67,,,109.36,12,1312.32,158.61,4,634.44,90.77,5,453.85,53.78,14,752.92,244.77,6,1468.62,169.36,4,677.44,55.22,,,0.87008,9240,0.81355,,8040,162.99,7877,6950,1253
11/08/2023,120.80,,,182.89,10,1828.90,75.24,6,451.44,110.24,3,330.72,131.84,5,659.20,57.09,12,685.08,267.49,,,109.39,12,1312.68,158.61,4,634.44,90.42,5,452.10,53.79,14,753.06,243.91,6,1463.46,170.27,4,681.08,54.77,,,0.87174,9252,0.814,,8065,162.99,7902,6950,1278
11/09/2023,123.55,,,182.41,10,1824.10,75.14,6,450.84,110.35,3,331.05,130.24,5,651.20,56.66,12,679.92,266.91,,,107.00,12,1284.00,160.35,4,641.40,91.06,5,455.30,54.61,14,764.54,241.64,6,1449.84,170.06,4,680.24,54.64,,,0.87304,9212,0.81853,,8043,162.99,7880,6950,1256
11/10/2023,123.75,,,186.40,10,1864.00,75.43,6,452.58,111.70,3,335.10,132.59,5,662.95,56.72,12,680.64,267.79,,,106.11,12,1273.32,160.39,4,641.56,91.20,5,456.00,54.50,14,763.00,245.25,6,1471.50,171.77,4,687.08,55.40,,,0.8764,9288,0.8180628,,8140,162.99,7977,6950,1353
11/13/2023,122.90,,,184.80,10,1848.00,75.95,6,455.70,112.54,3,337.62,132.09,5,660.45,56.93,12,683.16,269.20,,,104.20,12,1250.40,161.92,4,647.68,91.14,5,455.70,54.34,14,760.76,244.67,6,1468.02,171.69,4,686.76,55.89,,,0.87133,9254,0.81429,,8064,162.99,7901,6950,1276
11/14/2023,122.30,,,187.44,10,1874.40,76.66,6,459.96,114.64,3,343.92,133.62,5,668.10,57.10,12,685.20,271.49,,,105.75,12,1269.00,159.53,4,638.12,92.50,5,462.50,54.90,14,768.60,246.94,6,1481.64,172.14,4,688.56,55.88,,,0.8706,9340,0.80035,,8131,162.99,7968,6950,1344
11/15/2023,122.55,,,188.01,10,1880.10,75.47,6,452.82,114.20,3,342.60,134.62,5,673.10,57.21,12,686.52,270.39,,,107.82,12,1293.84,157.67,4,630.68,89.43,5,447.15,54.39,14,761.46,248.11,6,1488.66,171.17,4,684.68,56.59,,,0.87375,9342,0.805,,8162,162.99,7999,6950,1375
11/16/2023,123.10,,,189.71,10,1897.10,75.98,6,455.88,114.09,3,342.27,136.93,5,684.65,57.15,12,685.80,276.12,,,107.61,12,1291.32,159.94,4,639.76,88.37,5,441.85,53.67,14,751.38,248.57,6,1491.42,171.44,4,685.76,52.01,,,0.87418,9367,0.80548,,8189,162.99,8026,6950,1402
11/17/2023,122.50,,,189.69,10,1896.90,75.58,6,453.48,115.32,3,345.96,135.31,5,676.55,57.26,12,687.12,275.75,,,105.96,12,1271.52,157.57,4,630.28,88.84,5,444.20,53.26,14,745.64,249.56,6,1497.36,170.55,4,682.20,51.78,,,0.8763,9331,0.8025038,,8177,164.96,8012,6950,1392
11/20/2023,123.35,,,191.45,10,1914.50,75.47,6,452.82,114.65,3,343.95,136.25,5,681.25,57.40,12,688.80,279.03,,,106.32,12,1275.84,159.35,4,637.40,89.54,5,447.70,52.85,14,739.90,249.97,6,1499.82,171.18,4,684.72,51.77,,,0.87498,9367,0.79942,,8196,166.59,8029,6950,1412
11/21/2023,123.35,,,190.64,10,1906.40,76.57,6,459.42,114.46,3,343.38,136.97,5,684.85,58.03,12,696.36,280.47,,,106.55,12,1278.60,161.81,4,647.24,89.07,5,445.35,53.62,14,750.68,252.23,6,1513.38,171.69,4,686.76,51.95,,,0.8702,9412,0.79718,,8191,166.59,8024,6950,1407
11/22/2023,124.15,,,191.31,10,1913.10,77.28,6,463.68,113.81,3,341.43,138.49,5,692.45,58.42,12,701.04,281.93,,,107.92,12,1295.04,162.61,4,650.44,89.95,5,449.75,53.75,14,752.50,253.72,6,1522.32,171.77,4,687.08,51.56,,,0.87174,9469,0.80064,,8254,166.59,8088,6950,1471
11/24/2023,126.10,,,189.97,10,1899.70,77.31,6,463.86,115.32,3,345.96,136.69,5,683.45,58.57,12,702.84,282.54,,,107.64,12,1291.68,163.72,4,654.88,89.97,5,449.85,53.92,14,754.88,254.30,6,1525.80,172.01,4,688.04,52.02,,,0.8689,9461,0.7935248,,8221,166.59,8054,6950,1437
11/27/2023,126.20,,,189.79,10,1897.90,77.11,6,462.66,111.96,3,335.88,136.41,5,682.05,58.46,12,701.52,281.84,,,107.96,12,1295.52,164.41,4,657.64,89.10,5,445.50,53.81,14,753.34,254.14,6,1524.84,171.48,4,685.92,52.26,,,0.86731,9443,0.79149,,8190,166.59,8023,6950,1406
11/28/2023,126.60,,,190.40,10,1904.00,77.87,6,467.22,112.90,3,338.70,137.20,5,686.00,58.58,12,702.96,282.09,,,108.75,12,1305.00,163.26,4,653.04,89.14,5,445.70,53.89,14,754.46,252.94,6,1517.64,169.68,4,678.72,52.88,,,0.86558,9453,0.78664,,8183,166.59,8016,6950,1399
11/29/2023,125.95,,,189.37,10,1893.70,77.88,6,467.28,114.41,3,343.23,134.99,5,674.95,58.23,12,698.76,280.38,,,110.37,12,1324.44,163.00,4,652.00,88.10,5,440.50,53.47,14,748.58,254.23,6,1525.38,169.74,4,678.96,52.03,,,0.86429,9448,0.7876248,,8166,166.59,7999,6950,1382
11/30/2023,126.30,,,189.95,10,1899.50,78.77,6,472.62,115.95,3,347.85,132.53,5,662.65,58.44,12,701.28,281.84,,,110.27,12,1323.24,164.03,4,656.12,88.11,5,440.55,53.66,14,751.24,256.68,6,1540.08,170.99,4,683.96,51.90,,,0.8622,9479,0.79166,,8173,166.59,8006,6950,1389
12/01/2023,127.55,,,191.24,10,1912.40,78.70,6,472.20,118.72,3,356.16,131.86,5,659.30,58.64,12,703.68,285.96,,,113.48,12,1361.76,162.46,4,649.84,89.04,5,445.20,53.90,14,754.60,256.45,6,1538.70,173.80,4,695.20,51.45,,,0.8575,9549,0.7874016,,8188,167.70,8021,7050,1306
12/04/2023,130.10,,,189.43,10,1894.30,78.98,6,473.88,118.68,3,356.04,129.27,5,646.35,58.57,12,702.84,286.13,,,115.15,12,1381.80,163.41,4,653.64,88.57,5,442.85,54.11,14,757.54,254.44,6,1526.64,174.39,4,697.56,51.43,,,0.85778,9533,0.79151,,8178,167.70,8010,7050,1295
12/05/2023,129.90,,,193.42,10,1934.20,77.68,6,466.08,117.21,3,351.63,130.99,5,654.95,58.66,12,703.92,286.54,,,115.41,12,1384.92,163.53,4,654.12,88.00,5,440.00,53.71,14,751.94,254.61,6,1527.66,173.07,4,692.28,51.91,,,0.85695,9562,0.794,,8194,169.79,8024,7050,1314
12/06/2023,129.60,,,192.32,10,1923.20,77.47,6,464.82,117.81,3,353.43,130.02,5,650.10,58.60,12,703.20,286.86,,,116.11,12,1393.32,161.49,4,645.96,88.56,5,442.80,53.74,14,752.36,254.29,6,1525.74,173.95,4,695.80,51.35,,,0.85717,9551,0.79626,,8187,169.79,8017,7050,1306
12/07/2023,129.50,,,194.27,10,1942.70,77.62,6,465.72,118.38,3,355.14,136.93,5,684.65,58.74,12,704.88,286.79,,,114.81,12,1377.72,161.71,4,646.84,88.89,5,444.45,53.93,14,755.02,255.82,6,1534.92,172.84,4,691.36,50.82,,,0.857,9603,0.79431,,8230,169.79,8060,7050,1350
12/08/2023,129.80,,,195.71,10,1957.10,77.17,6,463.02,117.78,3,353.34,134.99,5,674.95,58.61,12,703.32,285.53,,,115.91,12,1390.92,161.17,4,644.68,89.13,5,445.65,53.38,14,747.32,255.74,6,1534.44,172.50,4,690.00,50.29,,,0.8584,9605,0.7966223,,8245,169.79,8075,7050,1364
12/11/2023,130.15,,,193.18,10,1931.80,77.64,6,465.84,118.99,3,356.97,133.29,5,666.45,59.04,12,708.48,289.15,,,118.61,12,1423.32,163.42,4,653.68,90.77,5,453.85,53.28,14,745.92,256.52,6,1539.12,173.38,4,693.52,50.41,,,0.8575,9639,0.79652,,8265,169.79,8096,7050,1385
12/12/2023,131.95,,,194.71,10,1947.10,78.59,6,471.54,119.07,3,357.21,132.52,5,662.60,59.42,12,713.04,291.42,,,119.64,12,1435.68,165.13,4,660.52,91.17,5,455.85,53.48,14,748.72,259.56,6,1557.36,176.59,4,706.36,50.45,,,0.85898,9716,0.7955,,8346,174.78,8171,7050,1471
12/13/2023,133.60,,,197.96,10,1979.60,79.39,6,476.34,119.96,3,359.88,132.57,5,662.85,59.93,12,719.16,295.93,,,121.17,12,1454.04,160.55,4,642.20,91.89,5,459.45,54.12,14,757.68,262.38,6,1574.28,179.06,4,716.24,51.35,,,0.86212,9802,0.79221,,8450,174.78,8275,7050,1575
12/14/2023,130.30,,,198.11,10,1981.10,76.27,6,457.62,120.88,3,362.64,131.94,5,659.70,59.04,12,708.48,290.02,,,121.02,12,1452.24,153.55,4,614.20,89.95,5,449.75,53.78,14,752.92,258.73,6,1552.38,176.67,4,706.68,50.72,,,0.86086,9698,0.783,,8348,174.78,8174,7050,1473
12/15/2023,129.70,,,197.57,10,1975.70,76.98,6,461.88,120.39,3,361.17,132.60,5,663.00,58.60,12,703.20,287.27,,,121.55,12,1458.60,153.41,4,613.64,89.29,5,446.45,53.29,14,746.06,258.03,6,1548.18,174.55,4,698.20,50.91,,,0.8595,9676,0.7880221,,8317,174.78,8142,7050,1441
12/18/2023,130.60,,,195.89,10,1958.90,78.06,6,468.36,120.90,3,362.70,135.80,5,679.00,59.02,12,708.24,290.23,,,121.14,12,1453.68,156.00,4,624.00,89.82,5,449.10,53.63,14,750.82,258.37,6,1550.22,177.63,4,710.52,51.66,,,0.86335,9716,0.7904,,8388,178.47,8209,7050,1516
12/19/2023,129.90,,,196.94,10,1969.40,78.13,6,468.78,122.96,3,368.88,136.65,5,683.25,58.83,12,705.96,290.73,,,122.64,12,1471.68,157.68,4,630.72,91.28,5,456.40,53.92,14,754.88,259.99,6,1559.94,176.78,4,707.12,51.84,,,0.86241,9777,0.78538,,8432,180.35,8251,7050,1562
12/20/2023,129.80,,,194.83,10,1948.30,77.35,6,464.10,122.20,3,366.60,138.34,5,691.70,57.61,12,691.32,288.99,,,121.43,12,1457.16,155.56,4,622.24,90.06,5,450.30,53.54,14,749.56,257.11,6,1542.66,175.76,4,703.04,51.24,,,0.86569,9687,0.79106,,8386,180.35,8206,7050,1516
12/21/2023,129.50,,,194.68,10,1946.80,77.91,6,467.46,123.61,3,370.83,140.42,5,702.10,57.99,12,695.88,291.39,,,122.53,12,1470.36,156.48,4,625.92,91.38,5,456.90,53.82,14,753.48,259.54,6,1557.24,176.81,4,707.24,51.60,,,0.86765,9754,0.7883327,,8463,180.35,8283,7050,1594
12/22/2023,129.20,,,193.60,10,1936.00,78.50,6,471.00,124.96,3,374.88,141.49,5,707.45,58.32,12,699.84,291.70,,,108.04,12,1296.48,157.76,4,631.04,91.85,5,459.25,54.11,14,757.54,258.43,6,1550.58,176.95,4,707.80,52.22,,,0.8684,9592,0.7874016,,8330,180.35,8149,7050,1460
12/26/2023,129.20,,,193.05,10,1930.50,79.04,6,474.24,125.55,3,376.65,141.52,5,707.60,58.56,12,702.72,292.86,,,108.02,12,1296.24,157.38,4,629.52,92.79,5,463.95,54.15,14,758.10,259.16,6,1554.96,177.52,4,710.08,52.14,,,0.86762,9605,0.78572,,8333,180.35,8153,7050,1463
12/27/2023,128.15,,,193.15,10,1931.50,79.10,6,474.60,125.83,3,377.49,140.37,5,701.85,58.71,12,704.52,294.55,,,107.13,12,1285.56,157.66,4,630.64,92.77,5,463.85,54.44,14,762.16,258.93,6,1553.58,177.75,4,711.00,52.63,,,0.86747,9597,0.7812,,8325,180.35,8145,7050,1455
12/28/2023,128.05,,,193.58,10,1935.80,79.24,6,475.44,125.10,3,375.30,140.23,5,701.15,58.75,12,705.00,295.84,,,108.82,12,1305.84,158.34,4,633.36,93.24,5,466.20,54.54,14,763.56,260.40,6,1562.40,178.14,4,712.56,52.52,,,0.86914,9637,0.7853,,8376,180.35,8195,7050,1506
12/29/2023,128.70,,,192.53,10,1925.30,79.71,6,478.26,125.63,3,376.89,139.69,5,698.45,58.93,12,707.16,296.51,,,108.57,12,1302.84,159.28,4,637.12,93.81,5,469.05,54.54,14,763.56,260.35,6,1562.10,179.10,4,716.40,52.55,,,0.8676,9637,0.7848677,,8361,181.40,8180,7050,1493
01/02/2024,127.50,,,185.64,10,1856.40,80.72,6,484.32,125.44,3,376.32,138.17,5,690.85,59.82,12,717.84,297.04,,,106.55,12,1278.60,161.63,4,646.52,93.28,5,466.40,54.55,14,763.70,258.87,6,1553.22,179.61,4,718.44,53.10,,,0.86677,9553,0.7922,,8280,181.40,8099,7050,1411
01/03/2024,127.55,6,765.30,184.25,10,1842.50,79.89,6,479.34,125.06,3,375.18,138.92,5,694.60,59.96,12,719.52,294.39,,,104.04,12,1248.48,163.17,4,652.68,91.70,5,458.50,54.72,14,766.08,257.98,6,1547.88,178.53,4,714.12,53.10,,,0.86201,9499,0.789,765,8792,177.14,8615,7150,1819
01/04/2024,128.30,6,769.80,181.91,10,1819.10,80.34,6,482.04,125.81,3,377.43,136.39,5,681.95,59.76,12,717.12,291.74,,,102.30,12,1227.60,163.00,4,652.00,92.78,5,463.90,54.97,14,769.58,259.61,6,1557.66,178.79,4,715.16,52.59,,,0.86303,9464,0.78839,770,8774,180.11,8594,7150,1804
01/05/2024,127.90,6,767.40,181.18,10,1811.80,79.98,6,479.88,125.88,3,377.64,135.73,5,678.65,59.67,12,716.04,288.99,,,102.08,12,1224.96,162.71,4,650.84,91.71,5,458.55,54.86,14,768.04,259.69,6,1558.14,177.77,4,711.08,52.24,,,0.8609,9436,0.7857929,767,8726,180.11,8546,7150,1756
01/08/2024,129.05,6,774.30,185.56,10,1855.60,80.40,6,482.40,125.25,3,375.75,138.84,5,694.20,60.11,12,721.32,291.90,,,103.62,12,1243.44,165.37,4,661.48,92.82,5,464.10,55.40,14,775.60,262.54,6,1575.24,178.24,4,712.96,52.75,,,0.85921,9562,0.78461,774,8823,180.11,8643,7150,1853
01/09/2024,129.15,6,774.90,185.14,10,1851.40,80.82,6,484.92,123.69,3,371.07,140.95,5,704.75,60.00,12,720.00,290.87,,,102.74,12,1232.88,166.67,4,666.68,93.08,5,465.40,55.35,14,774.90,263.33,6,1579.98,178.23,4,712.92,53.10,,,0.85996,9565,0.7866,775,8835,180.11,8655,7150,1865
01/10/2024,130.50,6,783.00,186.19,10,1861.90,80.55,6,483.30,124.35,3,373.05,142.28,5,711.40,60.20,12,722.40,294.09,,,103.77,12,1245.24,165.51,4,662.04,94.14,5,470.70,54.99,14,769.86,264.56,6,1587.36,179.18,4,716.72,53.76,,,0.86101,9604,0.78461,783,8883,180.11,8703,7150,1914
01/11/2024,131.60,6,789.60,185.59,10,1855.90,80.56,6,483.36,124.51,3,373.53,142.08,5,710.40,59.81,12,717.72,294.15,,,105.90,12,1270.80,168.02,4,672.08,95.25,5,476.25,54.89,14,768.46,264.03,6,1584.18,179.22,4,716.88,53.70,,,0.85939,9630,0.78261,790,8893,180.11,8713,7150,1924
01/12/2024,134.00,6,804.00,185.92,10,1859.20,80.91,6,485.46,126.21,3,378.63,142.65,5,713.25,60.39,12,724.68,293.47,,,105.06,12,1260.72,168.90,4,675.60,95.03,5,475.15,55.28,14,773.92,264.17,6,1585.02,181.40,4,725.60,53.77,,,0.86,9657,0.7843137,804,8936,180.11,8756,7150,1966
01/16/2024,135.95,6,815.70,183.63,10,1836.30,80.43,6,482.58,125.09,3,375.27,142.49,5,712.45,59.99,12,719.88,291.09,,,101.72,12,1220.64,168.57,4,674.28,95.87,5,479.35,54.21,14,758.94,265.24,6,1591.44,180.77,4,723.08,53.94,,,0.86072,9574,0.79123,816,8886,180.11,8706,7150,1916
01/17/2024,136.10,6,816.60,182.68,10,1826.80,80.96,6,485.76,122.76,3,368.28,141.47,5,707.35,59.99,12,719.88,291.16,,,100.82,12,1209.84,169.89,4,679.56,94.39,5,471.95,53.69,14,751.66,266.63,6,1599.78,181.47,4,725.88,53.69,,,0.85862,9547,0.78884,817,8841,180.11,8661,7150,1871
01/18/2024,136.10,6,816.60,188.63,10,1886.30,80.83,6,484.98,124.73,3,374.19,143.48,5,717.40,60.16,12,721.92,294.36,,,100.94,12,1211.28,169.91,4,679.64,94.75,5,473.75,53.08,14,743.12,268.14,6,1608.84,183.51,4,734.04,54.41,,,0.8559,9635,0.78679,817,8889,180.11,8709,7150,1920
01/19/2024,137.35,6,824.10,191.56,10,1915.60,80.38,6,482.28,126.15,3,378.45,146.38,5,731.90,59.83,12,717.96,300.53,,,101.78,12,1221.36,170.14,4,680.56,95.50,5,477.50,53.07,14,742.98,270.90,6,1625.40,184.45,4,737.80,54.13,,,0.8589,9712,0.7870917,824,8990,180.11,8810,7150,2020
01/22/2024,138.20,6,829.20,193.89,10,1938.90,80.42,6,482.52,124.74,3,374.22,145.99,5,729.95,59.57,12,714.84,298.41,,,100.56,12,1206.72,170.28,4,681.12,95.13,5,475.65,52.86,14,740.04,271.20,6,1627.20,184.91,4,739.64,54.13,,,0.85601,9711,0.78697,829,8965,180.11,8785,7150,1995
01/23/2024,137.20,6,823.20,195.18,10,1951.80,81.41,6,488.46,125.79,3,377.37,147.04,5,735.20,59.85,12,718.20,300.05,,,101.90,12,1222.80,170.32,4,681.28,95.06,5,475.30,53.40,14,747.60,271.26,6,1627.56,185.54,4,742.16,54.27,,,0.85531,9768,0.7879,823,9003,180.11,8823,7150,2033
01/24/2024,139.20,6,835.20,194.50,10,1945.00,80.08,6,480.48,123.01,3,369.03,148.70,5,743.50,58.91,12,706.92,300.44,,,100.76,12,1209.12,178.36,4,713.44,94.95,5,474.75,53.00,14,742.00,271.65,6,1629.90,183.80,4,735.20,53.50,,,0.85552,9749,0.78624,835,8997,180.11,8817,7150,2028
01/25/2024,139.10,6,834.60,194.17,10,1941.70,81.22,6,487.32,123.66,3,370.98,151.87,5,759.35,59.16,12,709.92,297.21,,,100.77,12,1209.24,178.01,4,712.04,95.51,5,477.55,53.57,14,749.98,272.61,6,1635.66,185.10,4,740.40,54.28,,,0.8535,9794,0.78689,835,9016,180.11,8836,7150,2046
01/26/2024,137.95,6,827.70,192.42,10,1924.20,82.83,6,496.98,123.94,3,371.82,152.19,5,760.95,59.37,12,712.44,292.26,,,102.75,12,1233.00,179.42,4,717.68,96.38,5,481.90,54.42,14,761.88,267.94,6,1607.64,185.81,4,743.24,54.76,,,0.8546,9812,0.7867821,828,9036,180.11,8856,7150,2066
01/29/2024,138.35,6,830.10,191.73,10,1917.30,83.96,6,503.76,124.12,3,372.36,153.51,5,767.55,59.73,12,716.76,292.31,,,103.88,12,1246.56,177.76,4,711.04,96.41,5,482.05,54.86,14,768.04,273.66,6,1641.96,185.35,4,741.40,55.01,,,0.8521,9869,0.78658,830,9062,180.11,8882,7150,2092
01/30/2024,138.90,6,833.40,188.04,10,1880.40,84.23,6,505.38,125.02,3,375.06,151.46,5,757.30,59.90,12,718.80,294.65,,,104.18,12,1250.16,179.71,4,718.84,96.82,5,484.10,55.17,14,772.38,277.15,6,1662.90,187.11,4,748.44,55.20,,,0.85403,9874,0.78768,833,9089,182.38,8907,7150,2121
01/31/2024,136.50,6,819.00,184.40,10,1844.00,84.20,6,505.20,124.04,3,372.12,140.10,5,700.50,59.49,12,713.88,292.72,,,101.53,12,1218.36,178.25,4,713.00,94.91,5,474.55,54.78,14,766.92,273.26,6,1639.56,185.63,4,742.52,55.08,,,0.8521,9691,0.78874,819,8903,182.38,8721,7150,1936
02/01/2024,138.00,6,828.00,186.86,10,1868.60,86.12,6,516.72,126.92,3,380.76,141.16,5,705.80,60.98,12,731.76,298.08,,,101.76,12,1221.12,178.71,4,714.84,97.06,5,485.30,55.70,14,779.80,277.05,6,1662.30,188.42,4,753.68,56.10,,,0.85307,9821,0.78448,828,9027,182.38,8845,7150,2060
02/02/2024,138.50,6,831.00,185.85,10,1858.50,84.62,6,507.72,126.70,3,380.10,142.38,5,711.90,60.54,12,726.48,297.05,,,100.71,12,1208.52,180.69,4,722.76,97.51,5,487.55,55.23,14,773.22,277.18,6,1663.08,188.21,4,752.84,56.52,,,0.8553,9793,0.7915776,831,9033,182.38,8851,7250,1966
02/05/2024,139.00,6,834.00,187.68,10,1876.80,84.09,6,504.54,126.35,3,379.05,143.68,5,718.40,60.04,12,720.48,285.97,,,99.68,12,1196.16,182.18,4,728.72,96.65,5,483.25,55.41,14,775.74,275.58,6,1653.48,188.20,4,752.80,56.22,,,0.85694,9789,0.7978,834,9054,182.38,8872,7250,1987
02/06/2024,139.15,6,834.90,189.30,10,1893.00,83.74,6,502.44,128.27,3,384.81,144.10,5,720.50,59.94,12,719.28,284.65,,,102.61,12,1231.32,180.27,4,721.08,97.10,5,485.50,56.10,14,785.40,276.76,6,1660.56,189.21,4,756.84,56.60,,,0.85333,9861,0.79324,835,9077,182.38,8894,7250,2009
02/07/2024,138.95,6,833.70,189.41,10,1894.10,83.86,6,503.16,129.13,3,387.39,145.54,5,727.70,59.99,12,719.88,287.33,,,103.79,12,1245.48,182.17,4,728.68,97.83,5,489.15,55.01,14,770.14,279.39,6,1676.34,189.98,4,759.92,56.46,,,0.85302,9902,0.79193,834,9107,182.38,8924,7250,2039
02/08/2024,139.75,6,838.50,188.32,10,1883.20,84.26,6,505.56,128.19,3,384.57,145.91,5,729.55,59.83,12,717.96,291.93,,,103.77,12,1245.24,182.96,4,731.84,98.36,5,491.80,57.02,14,798.28,275.78,6,1654.68,189.49,4,757.96,56.46,,,0.85389,9901,0.79236,839,9118,182.38,8936,7250,2051
02/09/2024,142.50,6,855.00,188.85,10,1888.50,83.46,6,500.76,128.57,3,385.71,149.00,5,745.00,59.56,12,714.72,289.47,,,104.50,12,1254.00,182.72,4,730.88,98.75,5,493.75,56.94,14,797.16,276.43,6,1658.58,188.86,4,755.44,56.43,,,0.84905,9925,0.7922,855,9104,182.38,8921,7250,2036
02/12/2024,142.25,6,853.50,187.15,10,1871.50,83.56,6,501.36,128.38,3,385.14,147.53,5,737.65,59.70,12,716.40,289.44,,,107.18,12,1286.16,182.36,4,729.44,98.08,5,490.40,56.91,14,796.74,275.07,6,1650.42,188.26,4,753.04,56.77,,,0.85296,9918,0.79192,854,9136,182.38,8953,7250,2068
02/13/2024,140.30,6,841.80,185.04,10,1850.40,83.47,6,500.82,125.53,3,376.59,145.14,5,725.70,59.35,12,712.20,287.11,,,105.00,12,1260.00,182.08,4,728.32,97.96,5,489.80,56.36,14,789.04,275.81,6,1654.86,199.49,4,797.96,56.38,,,0.85041,9886,0.79424,842,9075,182.38,8893,7250,2008
02/14/2024,142.55,6,855.30,184.15,10,1841.50,83.71,6,502.26,128.86,3,386.58,145.94,5,729.70,59.29,12,711.48,288.17,,,106.33,12,1275.96,187.95,4,751.80,97.17,5,485.85,56.30,14,788.20,277.56,6,1665.36,199.16,4,796.64,56.20,,,0.85386,9935,0.79565,855,9164,182.38,8982,7250,2096
02/15/2024,141.70,6,850.20,183.86,10,1838.60,83.57,6,501.42,129.91,3,389.73,142.77,5,713.85,59.40,12,712.80,291.86,,,106.05,12,1272.60,189.24,4,756.96,97.94,5,489.70,56.35,14,788.90,280.98,6,1685.88,199.11,4,796.44,56.43,,,0.8551,9947,0.7937,850,9180,182.38,8998,7250,2113
02/16/2024,143.95,6,863.70,182.31,10,1823.10,83.48,6,500.88,129.85,3,389.55,140.52,5,702.60,59.39,12,712.68,292.02,,,103.51,12,1242.12,189.09,4,756.36,98.04,5,490.20,57.04,14,798.56,278.56,6,1671.36,201.54,4,806.16,56.79,,,0.84736,9894,0.7934619,864,9069,185.93,8883,7250,2005
02/20/2024,147.20,6,883.20,181.56,10,1815.60,84.61,6,507.66,128.01,3,384.03,141.12,5,705.60,60.70,12,728.40,292.65,,,103.30,12,1239.60,189.48,4,757.92,97.36,5,486.80,57.42,14,803.88,275.15,6,1650.90,201.79,4,807.16,58.62,,,0.85617,9888,0.79193,883,9165,185.93,8979,7250,2101
02/21/2024,145.65,6,873.90,182.32,10,1823.20,85.31,6,511.86,129.07,3,387.21,142.55,5,712.75,61.24,12,734.88,293.91,,,105.27,12,1263.24,190.25,4,761.00,98.17,5,490.85,57.62,14,806.68,276.76,6,1660.56,204.23,4,816.92,57.90,,,0.85613,9969,0.79126,874,9226,185.93,9040,7250,2162
02/22/2024,146.95,6,881.70,184.37,10,1843.70,86.00,6,516.00,131.43,3,394.29,144.09,5,720.45,61.15,12,733.80,295.92,,,105.08,12,1260.96,191.69,4,766.76,99.11,5,495.55,57.06,14,798.84,283.75,6,1702.50,207.24,4,828.96,58.47,,,0.85482,10062,0.78966,882,9297,185.93,9111,7250,2233
02/23/2024,148.20,6,889.20,182.52,10,1825.20,86.25,6,517.50,131.61,3,394.83,143.96,5,719.80,61.20,12,734.40,297.75,,,105.63,12,1267.56,191.30,4,765.20,99.38,5,496.90,56.99,14,797.86,283.60,6,1701.60,208.05,4,832.20,58.52,,,0.8544,10053,0.7886435,889,9291,185.93,9105,7250,2227
02/26/2024,147.30,6,883.80,181.16,10,1811.60,86.15,6,516.90,131.61,3,394.83,137.57,5,687.85,60.71,12,728.52,297.12,,,104.54,12,1254.48,193.58,4,774.32,99.23,5,496.15,56.78,14,794.92,284.15,6,1704.90,207.46,4,829.84,59.60,,,0.85534,9994,0.78836,884,9245,185.93,9059,7250,2181
02/27/2024,145.50,6,873.00,182.63,10,1826.30,86.41,6,518.46,131.34,3,394.02,138.88,5,694.40,60.34,12,724.08,293.76,,,105.15,12,1261.80,192.18,4,768.72,100.52,5,502.60,55.81,14,781.34,283.17,6,1699.02,207.78,4,831.12,59.59,,,0.85481,10002,0.78854,873,9238,185.93,9052,7250,2174
02/28/2024,146.00,6,876.00,181.42,10,1814.20,86.81,6,520.86,129.75,3,389.25,136.38,5,681.90,60.40,12,724.80,295.19,,,104.35,12,1252.20,192.03,4,768.12,101.10,5,505.50,55.20,14,772.80,285.63,6,1713.78,207.26,4,829.04,59.62,,,0.85602,9972,0.7897,876,9228,185.93,9042,7250,2164
02/29/2024,145.85,6,875.10,180.75,10,1807.50,86.52,6,519.12,129.69,3,389.07,138.46,5,692.30,60.02,12,720.24,292.28,,,103.93,12,1247.16,189.56,4,758.24,99.14,5,495.70,55.09,14,771.26,282.64,6,1695.84,205.65,4,822.60,58.61,,,0.85575,9919,0.79205,875,9181,185.93,8995,7250,2117
03/01/2024,145.25,6,871.50,179.66,10,1796.60,86.49,6,518.94,130.31,3,390.93,137.14,5,685.70,59.53,12,714.36,290.73,,,101.88,12,1222.56,187.83,4,751.32,98.51,5,492.55,55.29,14,774.06,283.16,6,1698.96,205.79,4,823.16,58.76,,,0.8573,9869,0.7900142,872,9149,185.93,8963,7350,1985
03/04/2024,145.70,6,874.20,175.10,10,1751.00,86.83,6,520.98,129.66,3,388.98,133.35,5,666.75,59.81,12,717.72,290.94,3,872.82,99.54,12,1194.48,189.24,4,756.96,97.94,5,489.70,55.28,-14,-773.92,280.53,6,1683.18,206.80,4,827.20,59.30,,,0.85529,9096,0.7879,874,8468,182.51,8286,7350,1301
03/05/2024,145.55,6,873.30,170.12,10,1701.20,86.73,6,520.38,129.59,3,388.77,132.67,5,663.35,59.52,12,714.24,292.54,3,877.62,98.31,12,1179.72,189.81,4,759.24,97.39,5,486.95,55.17,-14,-773.92,279.38,6,1676.28,206.87,4,827.48,60.04,,,0.85444,9021,0.7871,873,8396,184.59,8211,7350,1230
03/06/2024,144.30,6,865.80,169.12,10,1691.20,87.18,6,523.08,126.95,3,380.85,131.40,5,657.00,59.55,12,714.60,292.93,3,878.79,97.63,12,1171.56,196.01,4,784.04,96.40,5,482.00,55.15,-14,-773.92,280.43,6,1682.58,207.92,4,831.68,60.57,,,0.85578,9023,0.78521,866,8402,184.59,8217,7350,1237
03/07/2024,145.70,6,874.20,169.00,10,1690.00,88.14,6,528.84,129.05,3,387.15,134.38,5,671.90,59.44,12,713.28,291.11,3,873.33,98.19,12,1178.28,196.12,4,784.48,95.76,5,478.80,55.10,-14,-773.92,278.26,6,1669.56,207.26,4,829.04,60.36,,,0.85445,9031,0.7803,874,8398,184.59,8214,7350,1233
03/08/2024,146.20,6,877.20,170.73,10,1707.30,88.07,6,528.42,128.72,3,386.16,135.41,5,677.05,59.52,12,714.24,292.55,3,877.65,99.16,12,1189.92,198.41,4,793.64,95.91,5,479.55,55.33,-14,-773.92,280.04,6,1680.24,207.75,4,831.00,60.12,,,0.8511,9091,0.7778469,877,8420,185.68,8234,7350,1256
03/11/2024,143.80,6,862.80,172.75,10,1727.50,88.13,6,528.78,128.77,3,386.31,137.67,5,688.35,60.24,12,722.88,294.82,3,884.46,101.08,12,1212.96,196.74,4,786.96,96.47,5,482.35,55.53,-14,-773.92,280.56,6,1683.36,209.28,4,837.12,60.66,,,0.85261,9167,0.7800434,863,8489,185.68,8303,7350,1325
03/12/2024,144.75,6,868.50,173.23,10,1732.30,88.76,6,532.56,129.96,3,389.88,138.50,5,692.50,60.50,12,726.00,294.31,3,882.93,100.18,12,1202.16,198.94,4,795.76,97.22,5,486.10,55.86,-14,-773.92,283.92,6,1703.52,209.79,4,839.16,61.41,,,0.85392,9209,0.7815,869,8542,185.68,8357,7350,1378
03/13/2024,144.05,6,864.30,171.13,10,1711.30,89.20,6,535.20,130.36,3,391.08,139.79,5,698.95,61.12,12,733.44,282.86,3,848.58,101.36,12,1216.32,199.74,4,798.96,98.06,5,490.30,55.98,-14,-773.92,285.14,6,1710.84,211.00,4,844.00,61.28,,,0.85555,9205,0.78112,864,8551,185.68,8365,7350,1386
03/14/2024,144.35,6,866.10,173.00,10,1730.00,88.35,6,530.10,128.18,3,384.54,143.10,5,715.50,60.50,12,726.00,281.73,3,845.19,100.26,12,1203.12,201.87,4,807.48,98.63,5,493.15,55.44,-14,-773.92,286.41,6,1718.46,210.31,4,841.24,61.02,,,0.85385,9221,0.78457,866,8553,185.68,8367,7350,1388
03/15/2024,144.55,6,867.30,172.62,10,1726.20,88.45,6,530.70,128.62,3,385.86,141.18,5,705.90,59.88,12,718.56,279.14,3,837.42,99.64,12,1195.68,204.88,4,819.52,97.55,5,487.75,55.06,-14,-773.92,283.04,6,1698.24,210.53,4,842.12,60.68,,,0.856,9174,0.7852992,867,8534,185.68,8348,7350,1370
03/18/2024,145.20,6,871.20,173.72,10,1737.20,88.27,6,529.62,130.08,3,390.24,147.68,5,738.40,60.13,12,721.56,278.58,3,835.74,98.74,12,1184.88,206.41,4,825.64,96.22,5,481.10,54.59,-14,-773.92,285.05,6,1710.30,211.67,4,846.68,60.86,,,0.85422,9227,0.78572,871,8567,185.68,8381,7350,1402
03/19/2024,145.65,6,873.90,176.08,10,1760.80,88.77,6,532.62,129.05,3,387.15,147.03,5,735.15,60.23,12,722.76,282.87,3,848.61,99.96,12,1199.52,205.49,4,821.96,98.42,5,492.10,56.09,-14,-773.92,287.35,6,1724.10,212.08,4,848.32,60.87,,,0.85401,9299,0.7862,874,8629,185.68,8443,7350,1464
03/20/2024,146.65,6,879.90,178.67,10,1786.70,88.35,6,530.10,131.88,3,395.64,148.74,5,743.70,60.75,12,729.00,284.45,3,853.35,100.27,12,1203.24,205.72,4,822.88,98.88,5,494.40,55.62,-14,-773.92,289.28,6,1735.68,211.86,4,847.44,61.25,,,0.85441,9368,0.78135,880,8692,185.68,8506,7350,1527
03/21/2024,146.20,6,877.20,171.37,10,1713.70,88.77,6,532.62,132.83,3,398.49,147.60,5,738.00,60.47,12,725.64,283.53,3,850.59,100.82,12,1209.84,205.57,4,822.28,99.18,5,495.90,55.64,-14,-773.92,290.37,6,1742.22,212.43,4,849.72,61.45,,,0.8578,9305,0.78977,877,8675,185.68,8489,7350,1510
03/22/2024,146.65,6,879.90,172.28,10,1722.80,89.20,6,535.20,131.83,3,395.49,150.77,5,753.85,60.49,12,725.88,282.63,3,847.89,93.86,12,1126.32,205.70,4,822.80,99.48,5,497.40,56.24,-14,-773.92,283.26,6,1699.56,211.78,4,847.12,60.87,,,0.8622,9200,0.7935248,880,8631,185.68,8445,7350,1466
03/25/2024,144.85,6,869.10,170.85,10,1708.50,88.64,6,531.84,129.78,3,389.34,150.07,5,750.35,60.40,12,724.80,278.62,3,835.86,93.75,12,1125.00,206.02,4,824.08,98.18,5,490.90,55.85,-14,-773.92,281.21,6,1687.26,211.77,4,847.08,60.57,,,0.85757,9141,0.79127,869,8527,185.68,8341,7350,1362
03/26/2024,144.40,6,866.40,169.71,10,1697.10,88.90,6,533.40,130.17,3,390.51,150.67,5,753.35,60.54,12,726.48,278.62,3,835.86,92.58,12,1110.96,204.65,4,818.60,99.30,5,496.50,55.83,-14,-773.92,280.60,6,1683.60,211.77,4,847.08,60.51,,,0.8578,9120,0.79186,866,8509,190.68,8318,7350,1349
03/27/2024,145.35,6,872.10,173.31,10,1733.10,89.95,6,539.70,131.65,3,394.95,150.87,5,754.35,61.03,12,732.36,282.02,3,846.06,94.13,12,1129.56,206.15,4,824.60,101.08,5,505.40,56.41,-14,-773.92,279.02,6,1674.12,213.97,4,855.88,60.72,,,0.85698,9216,0.7926,872,8589,190.68,8399,7350,1430
03/28/2024,145.20,6,871.20,171.48,10,1714.80,90.05,6,540.30,131.71,3,395.13,150.93,5,754.65,61.18,12,734.16,281.95,3,845.85,93.98,12,1127.76,206.82,4,827.28,101.42,5,507.10,56.46,-14,-773.92,279.08,6,1674.48,213.15,4,852.60,60.17,,,0.85479,9200,0.792,871,8554,193.82,8360,7350,1398
04/01/2024,141.30,6,847.80,170.03,10,1700.30,89.06,6,534.36,131.52,3,394.56,155.49,5,777.45,60.68,12,728.16,280.22,3,840.66,92.56,12,1110.72,209.95,4,839.80,99.70,5,498.50,56.08,-14,-773.92,278.28,6,1669.68,212.91,4,851.64,60.00,,,0.85574,9172,0.7971,848,8525,193.82,8331,7350,1368
04/02/2024,141.30,6,847.80,168.84,10,1688.40,89.06,6,534.36,130.28,3,390.84,154.56,5,772.80,60.15,12,721.80,277.74,3,833.22,90.95,12,1091.40,210.03,4,840.12,99.47,5,497.35,55.52,-14,-773.92,278.44,6,1670.64,211.11,4,844.44,59.16,,,0.85618,9111,0.79511,848,8475,193.82,8281,7350,1319
04/03/2024,140.50,6,843.00,169.65,10,1696.50,88.10,6,528.60,130.57,3,391.71,154.92,5,774.60,59.83,12,717.96,275.54,3,826.62,90.33,12,1083.96,210.77,4,843.08,97.28,5,486.40,55.01,-14,-773.92,276.96,6,1661.76,210.42,4,841.68,59.43,,,0.85664,9079,0.7904,843,8444,200.74,8243,7350,1294
04/04/2024,139.25,6,835.50,168.82,10,1688.20,87.40,6,524.40,129.00,3,387.00,150.53,5,752.65,59.30,12,711.60,270.09,3,810.27,89.07,12,1068.84,209.24,4,836.96,95.75,5,478.75,54.81,-14,-773.92,274.00,6,1644.00,207.09,4,828.36,59.50,,,0.8572,8957,0.7911267,836,8339,200.74,8138,7350,1190
04/05/2024,141.10,6,846.60,169.58,10,1695.80,87.88,6,527.28,129.74,3,389.22,152.50,5,762.50,59.51,12,714.12,266.69,3,800.07,88.84,12,1066.08,211.00,4,844.00,96.81,5,484.05,54.50,-14,-773.92,277.14,6,1662.84,206.93,4,827.72,59.85,,,0.8584,9000,0.7911392,847,8395,200.74,8194,7350,1246
04/08/2024,140.30,6,841.80,168.45,10,1684.50,87.72,6,526.32,130.50,3,391.50,154.85,5,774.25,59.27,12,711.24,267.56,3,802.68,90.00,12,1080.00,210.39,4,841.56,96.23,5,481.15,54.20,-14,-773.92,277.76,6,1666.56,206.70,4,826.80,59.78,,,0.85806,9013,0.78997,842,8398,200.74,8198,7350,1249
04/09/2024,140.15,6,840.90,169.67,10,1696.70,87.65,6,525.90,130.99,3,392.97,156.60,5,783.00,59.72,12,716.64,269.44,3,808.32,91.00,12,1092.00,204.81,4,819.24,97.10,5,485.50,54.45,-14,-773.92,276.72,6,1660.32,206.48,4,825.92,59.79,,,0.85644,9033,0.78879,841,8399,200.74,8198,7350,1250
04/10/2024,139.65,6,837.90,167.78,10,1677.80,86.56,6,519.36,131.26,3,393.78,156.14,5,780.70,58.92,12,707.04,268.67,3,806.01,89.00,12,1068.00,206.15,4,824.60,96.28,5,481.40,53.71,-14,-773.92,274.48,6,1646.88,208.20,4,832.80,60.62,,,0.8568,8964,0.7976,838,8349,200.74,8148,7350,1200
04/11/2024,140.25,6,841.50,175.04,10,1750.40,86.00,6,516.00,129.43,3,388.29,159.41,5,797.05,59.05,12,708.60,268.62,3,805.86,92.00,12,1104.00,202.26,4,809.04,95.86,5,479.30,53.61,-14,-773.92,275.68,6,1654.08,205.94,4,823.76,60.09,,,0.85434,9062,0.79651,842,8413,200.74,8212,7350,1263
04/12/2024,141.05,6,846.30,176.55,10,1765.50,85.85,6,515.10,128.45,3,385.35,157.73,5,788.65,58.28,12,699.36,267.39,3,802.17,92.00,12,1104.00,203.90,4,815.60,94.42,5,472.10,52.61,-14,-773.92,275.96,6,1655.76,205.37,4,821.48,60.14,,,0.8566,9051,0.8026971,846,8433,200.74,8232,7350,1283
04/15/2024,142.20,6,853.20,172.69,10,1726.90,86.17,6,517.02,128.79,3,386.37,154.86,5,774.30,58.14,12,697.68,266.23,3,798.69,93.10,12,1117.20,206.59,4,826.36,92.98,5,464.90,52.55,-14,-773.92,271.28,6,1627.68,205.36,4,821.44,59.93,,,0.85362,8985,0.80338,853,8355,200.74,8154,7350,1206
04/16/2024,141.45,6,848.70,169.38,10,1693.80,86.17,6,517.02,127.28,3,381.84,154.40,5,772.00,58.06,12,696.72,265.43,3,796.29,93.39,12,1120.68,208.35,4,833.40,93.38,5,466.90,52.28,-14,-773.92,271.35,6,1628.10,204.98,4,819.92,59.84,,,0.8544,8953,0.80444,849,8332,201.01,8131,7350,1183
04/17/2024,141.15,6,846.90,168.00,10,1680.00,86.75,6,520.50,127.03,3,381.09,155.47,5,777.35,58.51,12,702.12,269.95,3,809.85,94.84,12,1138.08,209.12,4,836.48,93.13,5,465.65,52.53,-14,-773.92,272.69,6,1636.14,206.15,4,824.60,59.65,,,0.85669,8998,0.80297,847,8388,201.01,8187,7350,1239
04/18/2024,141.40,6,848.40,167.04,10,1670.40,86.71,6,520.26,127.16,3,381.48,156.01,5,780.05,58.91,12,706.92,270.98,3,812.94,95.74,12,1148.88,209.75,4,839.00,92.66,5,463.30,52.71,-14,-773.92,271.37,6,1628.22,205.07,4,820.28,59.26,,,0.85582,8998,0.80401,848,8383,201.01,8182,7350,1234
04/19/2024,140.55,6,843.30,165.00,10,1650.00,87.13,6,522.78,127.65,3,382.95,154.09,5,770.45,60.17,12,722.04,271.99,3,815.97,94.53,12,1134.36,214.69,4,858.76,93.36,5,466.80,53.22,-14,-773.92,269.78,6,1618.68,207.07,4,828.28,59.53,,,0.8623,8997,0.8084421,843,8440,201.01,8239,7350,1291
04/22/2024,141.35,6,848.10,165.84,10,1658.40,88.33,6,529.98,129.32,3,387.96,156.28,5,781.40,60.55,12,726.60,275.58,3,826.74,94.19,12,1130.28,213.00,4,852.00,94.08,5,470.40,54.07,-14,-773.92,272.33,6,1633.98,207.53,4,830.12,60.14,,,0.8626,9054,0.8097,848,8497,201.01,8296,7450,1248
04/23/2024,142.45,6,854.70,166.90,10,1669.00,88.58,6,531.48,129.40,3,388.20,158.26,5,791.30,60.64,12,727.68,276.88,3,830.64,94.02,12,1128.24,214.02,4,856.08,94.50,5,472.50,53.98,-14,-773.92,274.11,6,1644.66,208.78,4,835.12,59.09,,,0.85942,9101,0.803,855,8508,201.01,8307,7450,1259
04/24/2024,141.55,6,849.30,169.02,10,1690.20,88.87,6,533.22,122.86,3,368.58,159.13,5,795.65,61.55,12,738.60,276.75,3,830.25,94.64,12,1135.68,212.20,4,848.80,95.28,5,476.40,54.08,-14,-773.92,275.02,6,1650.12,210.43,4,841.72,59.87,,,0.85871,9135,0.8026,849,8526,201.01,8325,7450,1277
04/25/2024,139.80,6,838.80,169.89,10,1698.90,89.29,6,535.74,124.78,3,374.34,156.00,5,780.00,61.74,12,740.88,275.60,3,826.80,93.94,12,1127.28,210.07,4,840.28,96.42,5,482.10,57.29,-14,-773.92,275.16,6,1650.96,212.70,4,850.80,60.21,,,0.8576,9134,0.79942,839,8504,201.01,8303,7450,1255
04/26/2024,142.90,6,857.40,169.30,10,1693.00,91.01,6,546.06,125.23,3,375.69,171.95,5,859.75,61.74,12,740.88,273.09,3,819.27,94.12,12,1129.44,208.03,4,832.12,96.36,5,481.80,57.65,-14,-773.92,274.52,6,1647.12,210.10,4,840.40,60.16,,,0.8563,9192,0.8007046,857,8557,201.01,8356,7450,1308
04/29/2024,141.15,6,846.90,173.50,10,1735.00,90.49,6,542.94,124.05,3,372.15,166.15,5,830.75,62.04,12,744.48,273.55,3,820.65,94.06,12,1128.72,206.67,4,826.68,94.87,5,474.35,57.94,-14,-773.92,271.84,6,1631.04,212.15,4,848.60,60.24,,,0.85314,9181,0.79619,847,8507,201.01,8306,7450,1258
04/30/2024,140.75,6,844.50,170.33,10,1703.30,91.92,6,551.52,121.44,3,364.32,162.78,5,813.90,61.77,12,741.24,273.04,3,819.12,92.26,12,1107.12,208.25,4,833.00,94.09,5,470.45,58.33,-14,-773.92,268.61,6,1611.66,208.02,4,832.08,59.35,,,0.85397,9074,0.80063,845,8425,201.01,8224,7450,1176
05/01/2024,140.75,6,844.50,169.30,10,1693.00,91.90,6,551.40,121.01,3,363.03,163.86,5,819.30,61.93,12,743.16,274.43,3,823.29,90.34,12,1084.08,211.80,4,847.20,93.82,5,469.10,58.35,-14,-773.92,267.32,6,1603.92,206.76,4,827.04,58.85,,,0.85474,9051,0.79749,845,8409,201.01,8208,7450,1160
05/02/2024,140.75,6,844.50,173.03,10,1730.30,92.91,6,557.46,121.96,3,365.88,166.62,5,833.10,61.99,12,743.88,273.28,3,819.84,92.41,12,1108.92,209.03,4,836.12,94.91,5,474.55,58.52,-14,-773.92,267.61,6,1605.66,207.16,4,828.64,59.71,,,0.85551,9130,0.79741,845,8485,201.01,8284,7550,1136
05/03/2024,143.60,6,861.60,183.38,10,1833.80,92.88,6,557.28,123.54,3,370.62,167.24,5,836.20,62.17,12,746.04,270.32,3,810.96,92.15,12,1105.80,208.72,4,834.88,95.11,5,475.55,58.65,-14,-773.92,268.49,6,1610.94,207.88,4,831.52,59.82,,,0.8583,9240,0.7968762,862,8617,201.01,8416,7550,1268
05/06/2024,144.20,6,865.20,181.71,10,1817.10,93.18,6,559.08,126.19,3,378.57,168.10,5,840.50,62.35,12,748.20,269.30,3,807.90,93.36,12,1120.32,215.51,4,862.04,97.45,5,487.25,58.67,-14,-773.92,272.67,6,1636.02,210.56,4,842.24,59.87,,,0.85727,9325,0.79619,865,8683,201.01,8482,7550,1334
05/07/2024,146.00,6,876.00,182.40,10,1824.00,94.08,6,564.48,125.28,3,375.84,171.25,5,856.25,62.62,12,751.44,267.50,3,802.50,93.78,12,1125.36,215.46,4,861.84,97.92,5,489.60,59.24,-14,-773.92,276.46,6,1658.76,210.50,4,842.00,60.62,,,0.85992,9378,0.79991,876,8765,201.01,8564,7550,1416
05/08/2024,147.50,6,885.00,182.74,10,1827.40,93.47,6,560.82,125.85,3,377.55,169.38,5,846.90,62.85,12,754.20,268.49,3,805.47,93.59,12,1123.08,215.90,4,863.60,98.50,5,492.50,59.28,-14,-773.92,277.19,6,1663.14,210.00,4,840.00,60.30,,,0.86016,9381,0.80043,885,8777,201.01,8576,7550,1428
05/09/2024,148.20,6,889.20,184.57,10,1845.70,94.08,6,564.48,127.25,3,381.75,169.96,5,849.80,62.88,12,754.56,267.95,3,803.85,93.39,12,1120.68,213.72,4,854.88,98.91,5,494.55,60.10,-14,-773.92,278.54,6,1671.24,210.50,4,842.00,60.44,,,0.86078,9410,0.79836,889,8809,201.01,8608,7550,1460
05/10/2024,146.95,6,881.70,183.05,10,1830.50,95.10,6,570.60,127.42,3,382.26,168.65,5,843.25,63.26,12,759.12,275.00,3,825.00,90.94,12,1091.28,215.76,4,863.04,98.81,5,494.05,60.20,-14,-773.92,280.74,6,1684.44,211.49,4,845.96,60.48,,,0.8612,9416,0.7984032,882,8813,201.01,8612,7550,1464
05/13/2024,146.25,6,877.50,186.28,10,1862.80,94.46,6,566.76,126.61,3,379.83,169.14,5,845.70,63.58,12,762.96,271.32,3,813.96,92.72,12,1112.64,212.41,4,849.64,98.75,5,493.75,60.67,-14,-773.92,279.39,6,1676.34,210.82,4,843.28,60.41,,,0.8592,9434,0.79606,878,8804,201.01,8603,7550,1455
05/14/2024,145.35,6,872.10,187.43,10,1874.30,94.57,6,567.42,126.42,3,379.26,170.34,5,851.70,63.10,12,757.20,270.66,3,811.98,92.79,12,1113.48,213.67,4,854.68,99.04,5,495.20,60.80,-14,-773.92,277.74,6,1666.44,209.86,4,839.44,59.86,,,0.85928,9437,0.79458,872,8802,201.01,8601,7550,1453
05/15/2024,145.35,6,872.10,189.72,10,1897.20,94.53,6,567.18,125.39,3,376.17,172.51,5,862.55,63.13,12,757.56,273.87,3,821.61,91.67,12,1100.04,209.25,4,837.00,98.48,5,492.40,61.29,-14,-773.92,281.50,6,1689.00,209.00,4,836.00,59.83,,,0.85799,9463,0.78802,872,8806,201.01,8605,7550,1457
05/16/2024,146.45,6,878.70,189.84,10,1898.40,94.53,6,567.18,126.57,3,379.71,174.18,5,870.90,63.32,12,759.84,273.51,3,820.53,91.77,12,1101.24,207.01,4,828.04,98.92,5,494.60,60.83,-14,-773.92,279.84,6,1679.04,212.20,4,848.80,64.01,,,0.85761,9474,0.7891414,879,8819,201.01,8618,7550,1470
05/17/2024,146.60,6,879.60,189.87,10,1898.70,94.13,6,564.78,127.34,3,382.02,176.06,5,880.30,63.03,12,756.36,272.38,3,817.14,92.18,12,1106.16,209.22,4,836.88,100.29,5,501.45,61.59,-14,-773.92,280.10,6,1680.60,210.44,4,841.76,64.65,,,0.8572,9492,0.7872156,880,8829,204.68,8624,7550,1484
05/20/2024,147.10,6,882.60,191.04,10,1910.40,94.39,6,566.34,128.21,3,384.63,176.92,5,884.60,62.57,12,750.84,267.87,3,803.61,91.77,12,1101.24,206.98,4,827.92,97.79,5,488.95,60.90,-14,-773.92,278.54,6,1671.24,208.47,4,833.88,64.18,,,0.85444,9450,0.78673,883,8769,204.68,8564,7550,1423
05/21/2024,147.15,6,882.90,192.35,10,1923.50,95.17,6,571.02,126.69,3,380.07,177.85,5,889.25,62.91,12,754.92,265.87,3,797.61,92.82,12,1113.84,209.38,4,837.52,97.70,5,488.50,61.07,-14,-773.92,275.95,6,1655.70,208.33,4,833.32,65.15,,,0.85394,9471,0.7867,883,8783,204.68,8578,7550,1437
05/22/2024,148.05,6,888.30,190.90,10,1909.00,94.76,6,568.56,127.52,3,382.56,176.38,5,881.90,63.00,12,756.00,265.77,3,797.31,92.50,12,1110.00,206.34,4,825.36,101.12,5,505.60,60.99,-14,-773.92,275.58,6,1653.48,209.92,4,839.68,65.25,,,0.85096,9456,0.7861,888,8745,204.68,8540,7550,1399
05/23/2024,149.80,6,898.80,186.88,10,1868.80,93.73,6,562.38,126.35,3,379.05,173.55,5,867.75,62.09,12,745.08,257.93,3,773.79,91.40,12,1096.80,203.18,4,812.72,100.16,5,500.80,61.17,-14,-773.92,274.23,6,1645.38,209.49,4,837.96,64.84,,,0.85172,9317,0.78777,899,8643,204.68,8438,7550,1298
05/24/2024,151.25,6,907.50,189.98,10,1899.80,93.30,6,559.80,126.91,3,380.73,174.99,5,874.95,62.00,12,744.00,258.11,3,774.33,91.75,12,1101.00,203.91,4,815.64,102.14,5,510.70,61.38,-14,-773.92,274.49,6,1646.94,208.81,4,835.24,65.38,,,0.8518,9369,0.7848062,908,8693,204.68,8488,7550,1348
05/28/2024,149.60,6,897.60,189.99,10,1899.90,91.94,6,551.64,124.08,3,372.24,176.40,5,882.00,61.82,12,741.84,253.54,3,760.62,92.00,12,1104.00,205.18,4,820.72,101.42,5,507.10,60.90,-14,-773.92,270.98,6,1625.88,206.46,4,825.84,65.04,,,0.85054,9318,0.7838,898,8629,204.68,8424,7550,1283
05/29/2024,148.35,6,890.10,190.29,10,1902.90,91.29,6,547.74,123.17,3,369.51,175.90,5,879.50,61.70,12,740.40,249.37,3,748.11,91.67,12,1100.04,203.15,4,812.60,101.44,5,507.20,60.22,-14,-773.92,268.86,6,1613.16,204.16,4,816.64,64.92,,,0.85065,9264,0.7875256,890,8581,204.68,8377,7550,1236
05/30/2024,145.70,6,874.20,191.29,10,1912.90,90.93,6,545.58,124.07,3,372.21,172.11,5,860.55,61.97,12,743.64,252.07,3,756.21,93.45,12,1121.40,206.93,4,827.72,103.37,5,516.85,60.81,-14,-773.92,271.30,6,1627.80,206.25,4,825.00,64.89,,,0.85088,9336,0.78552,874,8630,204.68,8426,7550,1285
05/31/2024,146.05,6,876.30,192.25,10,1922.50,92.96,6,557.76,127.33,3,381.99,172.50,5,862.50,62.93,12,755.16,258.89,3,776.67,95.05,12,1140.60,211.18,4,844.72,103.10,5,515.50,61.59,-14,-773.92,272.46,6,1634.76,210.73,4,842.92,65.76,,,0.8522,9461,0.7851,876,8751,204.68,8546,7550,1405
06/03/2024,145.90,6,875.40,194.03,10,1940.30,92.47,6,554.82,125.91,3,377.73,173.17,5,865.85,62.93,12,755.16,259.75,3,779.25,94.40,12,1132.80,209.38,4,837.52,105.44,5,527.20,62.17,-14,-773.92,270.38,6,1622.28,201.30,4,805.20,65.82,,,0.8514,9424,0.78063,875,8707,204.68,8502,7550,1362
06/04/2024,146.95,6,881.70,194.35,10,1943.50,93.81,6,562.86,125.41,3,376.23,173.79,5,868.95,63.94,12,767.28,262.72,3,788.16,94.74,12,1136.88,211.97,4,847.88,105.87,5,529.35,62.75,-14,-773.92,272.42,6,1634.52,203.63,4,814.52,66.60,,,0.85195,9496,0.7829,882,8781,204.68,8576,7650,1335
06/05/2024,149.50,6,897.00,195.87,10,1958.70,93.66,6,561.96,126.05,3,378.15,175.41,5,877.05,63.92,12,767.04,259.99,3,779.97,94.32,12,1131.84,212.61,4,850.44,107.79,5,538.95,63.10,-14,-773.92,274.50,6,1647.00,203.90,4,815.60,67.09,,,0.84989,9533,0.78157,897,8803,206.75,8596,7650,1360
06/06/2024,150.35,6,902.10,194.48,10,1944.80,93.98,6,563.88,126.64,3,379.92,176.73,5,883.65,64.15,12,769.80,260.72,3,782.16,95.72,12,1148.64,213.19,4,852.76,106.93,5,534.65,63.05,-14,-773.92,277.04,6,1662.24,202.50,4,810.00,67.15,,,0.85139,9559,0.78166,902,8843,212.63,8631,7650,1406
06/07/2024,149.55,6,897.30,196.89,10,1968.90,93.89,6,563.34,124.12,3,372.36,174.46,5,872.30,63.91,12,766.92,256.21,3,768.63,96.55,12,1158.60,212.53,4,850.12,107.44,5,537.20,62.56,-14,-773.92,278.67,6,1672.02,200.55,4,802.20,65.88,,,0.8495,9559,0.785546,897,8825,212.63,8612,7650,1388
06/10/2024,148.50,6,891.00,193.12,10,1931.20,93.90,6,563.40,124.31,3,372.93,175.01,5,875.05,63.59,12,763.08,253.81,3,761.43,96.00,12,1152.00,210.28,4,841.12,107.32,5,536.60,62.54,-14,-773.92,275.04,6,1650.24,201.71,4,806.84,66.96,,,0.84574,9480,0.78577,891,8718,213.88,8504,7650,1282
06/11/2024,149.20,6,895.20,207.15,10,2071.50,93.96,6,563.76,123.17,3,369.51,176.62,5,883.10,63.55,12,762.60,254.28,3,762.84,95.87,12,1150.44,208.49,4,833.96,107.08,5,535.40,62.54,-14,-773.92,274.67,6,1648.02,202.13,4,808.52,66.73,,,0.8429,9616,0.7849,895,8808,213.88,8594,7650,1372
06/12/2024,151.40,6,908.40,213.07,10,2130.70,93.23,6,559.38,123.16,3,369.48,177.79,5,888.95,62.88,12,754.56,254.48,3,763.44,93.68,12,1124.16,202.44,4,809.76,107.09,5,535.45,63.07,-14,-773.92,270.32,6,1621.92,200.87,4,803.48,66.31,,,0.845,9587,0.78148,908,8811,213.88,8597,7650,1375
06/13/2024,152.30,6,913.80,214.24,10,2142.40,94.76,6,568.56,121.70,3,365.10,175.16,5,875.80,62.99,12,755.88,253.70,3,761.10,94.18,12,1130.16,203.60,4,814.40,108.26,5,541.30,63.33,-14,-773.92,271.19,6,1627.14,201.22,4,804.88,66.70,,,0.84182,9613,0.784,914,8809,213.88,8595,7650,1373
06/14/2024,152.70,6,916.20,212.49,10,2124.90,94.62,6,567.72,121.84,3,365.52,176.79,5,883.95,62.55,12,750.60,253.58,3,760.74,93.39,12,1120.68,203.92,4,815.68,108.50,5,542.50,63.25,-14,-773.92,270.66,6,1623.96,203.64,4,814.56,67.02,,,0.846,9597,0.7890791,916,8842,213.88,8628,7650,1406
06/17/2024,152.85,6,917.10,216.67,10,2166.70,95.95,6,575.70,120.73,3,362.19,177.24,5,886.20,62.62,12,751.44,253.51,3,760.53,95.00,12,1140.00,208.24,4,832.96,110.22,5,551.10,63.43,-14,-773.92,271.17,6,1627.02,206.38,4,825.52,67.42,,,0.8448,9705,0.7864108,917,8920,213.88,8706,7650,1484
06/18/2024,154.55,6,927.30,214.29,10,2142.90,97.01,6,582.06,118.45,3,355.35,175.09,5,875.45,62.63,12,751.56,250.79,3,752.37,94.78,12,1137.36,210.75,4,843.00,110.26,5,551.30,63.19,-14,-773.92,273.62,6,1641.72,207.89,4,831.56,67.60,,,0.845,9691,0.78694,927,8918,217.89,8700,7650,1486
06/20/2024,154.85,6,929.10,209.68,10,2096.80,96.95,6,581.70,118.00,3,354.00,176.30,5,881.50,62.18,12,746.16,253.80,3,761.40,95.57,12,1146.84,210.85,4,843.40,110.38,5,551.90,63.17,-14,-773.92,276.82,6,1660.92,208.77,4,835.08,68.01,,,0.84561,9686,0.78986,929,8924,217.89,8706,7650,1492
06/21/2024,153.00,6,918.00,207.49,10,2074.90,97.27,6,583.62,116.77,3,350.31,179.63,5,898.15,62.77,12,753.24,259.39,3,778.17,97.18,12,1166.16,209.19,4,836.76,111.01,5,555.05,63.12,-14,-773.92,275.22,6,1651.32,208.99,4,835.96,67.91,,,0.846,9710,0.7903889,918,8940,217.89,8722,7650,1508
06/24/2024,153.75,6,922.50,208.14,10,2081.40,98.99,6,593.94,118.31,3,354.93,179.22,5,896.10,63.97,12,767.64,260.38,3,781.14,97.17,12,1166.04,210.68,4,842.72,111.05,5,555.25,63.34,-14,-773.92,276.30,6,1657.80,212.44,4,849.76,68.90,,,0.84619,9773,0.78843,923,8997,219.90,8777,7650,1567
06/25/2024,153.75,6,922.50,209.07,10,2090.70,98.70,6,592.20,117.88,3,353.64,184.03,5,920.15,63.84,12,766.08,257.38,3,772.14,94.75,12,1137.00,208.28,4,833.12,110.67,5,553.35,63.15,-14,-773.92,273.53,6,1641.18,212.06,4,848.24,67.42,,,0.84619,9734,0.78843,923,8964,219.90,8744,7650,1534
06/26/2024,153.50,6,921.00,213.25,10,2132.50,98.23,6,589.38,118.24,3,354.72,183.88,5,919.40,64.05,12,768.60,257.83,3,773.49,94.06,12,1128.72,208.19,4,832.76,110.54,5,552.70,62.64,-14,-773.92,273.60,6,1641.60,212.67,4,850.68,68.29,,,0.84613,9771,0.79228,921,8997,219.90,8777,7650,1567
06/27/2024,155.35,6,932.10,214.10,10,2141.00,98.17,6,589.02,117.99,3,353.97,185.41,5,927.05,63.91,12,766.92,258.17,3,774.51,94.19,12,1130.28,211.35,4,845.40,110.55,5,552.75,62.27,-14,-773.92,266.59,6,1599.54,212.67,4,850.68,67.88,,,0.84678,9757,0.79078,932,8999,219.90,8779,7650,1569
06/28/2024,154.80,6,928.80,210.62,10,2106.20,97.04,6,582.24,118.13,3,354.39,182.15,5,910.75,63.65,12,763.80,254.84,3,764.52,75.37,12,904.44,207.71,4,830.84,110.10,5,550.50,61.86,-14,-773.92,262.47,6,1574.82,213.34,4,853.36,67.71,,,0.8475,9422,0.7905138,929,8719,219.90,8499,7650,1289
07/01/2024,153.55,6,921.30,216.75,10,2167.50,95.54,6,573.24,116.69,3,350.07,182.99,5,914.95,63.28,12,759.36,249.99,3,749.97,76.83,12,921.96,209.46,4,837.84,110.58,5,552.90,61.54,-14,-773.92,263.24,6,1579.44,209.36,4,837.44,67.48,,,0.84902,9471,0.79078,921,8769,219.90,8550,7650,1339
07/02/2024,153.95,6,923.70,220.27,10,2202.70,96.12,6,576.72,117.58,3,352.74,185.24,5,926.20,63.15,12,757.80,247.79,3,743.37,76.04,12,912.48,211.12,4,844.48,110.20,5,551.00,61.67,-14,-773.92,268.23,6,1609.38,209.47,4,837.88,68.07,,,0.8469,9541,0.788,924,8808,221.00,8587,7750,1279
07/03/2024,153.65,6,921.90,221.55,10,2215.50,95.89,6,575.34,119.09,3,357.27,185.82,5,929.10,63.33,12,759.96,250.00,3,750.00,75.24,12,902.88,210.27,4,841.08,110.39,5,551.95,61.86,-14,-773.92,268.99,6,1613.94,210.20,4,840.80,68.24,,,0.8465,9564,0.78445,922,8819,227.86,8591,7750,1297
07/05/2024,153.00,6,918.00,226.34,10,2263.40,97.05,6,582.30,117.92,3,353.76,190.60,5,953.00,63.76,12,765.12,251.09,3,753.27,75.43,12,905.16,210.18,4,840.72,111.64,5,558.20,62.43,-14,-773.92,270.36,6,1622.16,210.33,4,841.32,70.04,,,0.8471,9664,0.7803964,918,8903,227.86,8675,7750,1381
07/08/2024,153.80,6,922.80,227.82,10,2278.20,97.58,6,585.48,116.70,3,350.10,189.03,5,945.15,62.96,12,755.52,247.85,3,743.55,73.05,12,876.60,209.71,4,838.84,112.21,5,561.05,62.81,-14,-773.92,266.40,6,1598.40,210.62,4,842.48,69.68,,,0.84509,9601,0.7803,923,8834,227.86,8606,7750,1312
07/09/2024,154.30,6,925.80,228.68,10,2286.80,97.04,6,582.24,115.57,3,346.71,188.98,5,944.90,62.69,12,752.28,245.82,3,737.46,72.46,12,869.52,209.49,4,837.96,112.15,5,560.75,62.49,-14,-773.92,265.44,6,1592.64,210.02,4,840.08,69.90,,,0.84563,9577,0.782,926,8823,227.86,8595,7750,1301
07/10/2024,155.35,6,932.10,232.98,10,2329.80,97.39,6,584.34,118.56,3,355.68,191.18,5,955.90,62.83,12,753.96,250.49,3,751.47,72.54,12,870.48,209.99,4,839.96,112.97,5,564.85,63.61,-14,-773.92,263.00,6,1578.00,211.18,4,844.72,70.41,,,0.8428,9655,0.77805,932,8863,227.86,8635,7750,1341
07/11/2024,150.65,6,903.90,227.57,10,2275.70,97.76,6,586.56,119.41,3,358.23,185.57,5,927.85,63.10,12,757.20,254.80,3,764.40,73.39,12,880.68,211.82,4,847.28,113.94,5,569.70,63.71,-14,-773.92,262.55,6,1575.30,211.77,4,847.08,69.80,,,0.84134,9616,0.77377,904,8790,227.86,8562,7750,1268
07/12/2024,153.85,6,923.10,230.54,10,2305.40,98.07,6,588.42,120.22,3,360.66,185.07,5,925.35,63.70,12,764.40,253.90,3,761.70,73.42,12,881.04,213.30,4,853.20,114.30,5,571.50,64.81,-14,-773.92,265.74,6,1594.44,213.75,4,855.00,69.24,,,0.8414,9687,0.770416,923,8862,227.86,8634,7750,1340
07/15/2024,153.25,6,919.50,234.40,10,2344.00,97.25,6,583.50,121.58,3,364.74,186.53,5,932.65,63.41,12,760.92,251.53,3,754.59,71.31,12,855.72,217.10,4,868.40,113.81,5,569.05,64.08,-14,-773.92,268.45,6,1610.70,216.00,4,864.00,69.61,,,0.84028,9734,0.77101,920,8889,227.86,8661,7750,1366
07/16/2024,154.10,6,924.60,234.82,10,2348.20,97.40,6,584.40,123.65,3,370.95,183.92,5,919.60,64.27,12,771.24,257.27,3,771.81,72.81,12,873.72,210.00,4,840.00,115.02,5,575.10,64.51,-14,-773.92,269.25,6,1615.50,220.89,4,883.56,69.99,,,0.83996,9780,0.7705526,925,8927,228.12,8699,7750,1406
07/17/2024,150.60,6,903.60,228.88,10,2288.80,99.39,6,596.34,123.04,3,369.12,181.02,5,905.10,65.21,12,782.52,261.00,3,783.00,73.07,12,876.84,221.35,4,885.40,113.97,5,569.85,65.47,-14,-773.92,272.70,6,1636.20,223.32,4,893.28,71.03,,,0.84103,9813,0.76879,904,8947,228.12,8719,7750,1425
07/18/2024,150.75,6,904.50,224.18,10,2241.80,98.51,6,591.06,121.11,3,363.33,177.69,5,888.45,65.19,12,782.28,259.52,3,778.56,72.38,12,868.56,224.53,4,898.12,113.03,5,565.15,65.30,-14,-773.92,269.15,6,1614.90,223.10,4,892.40,70.82,,,0.84164,9711,0.7721,905,8871,228.12,8643,7750,1349
07/19/2024,150.55,6,903.30,224.31,10,2243.10,98.08,6,588.48,120.67,3,362.01,177.66,5,888.30,65.29,12,783.48,257.28,3,771.84,72.70,12,872.40,219.35,4,877.40,111.75,5,558.75,65.28,-14,-773.92,265.46,6,1592.76,222.80,4,891.20,70.75,,,0.8432,9656,0.7743134,903,8841,228.12,8613,7750,1319
07/22/2024,153.10,6,918.60,223.96,10,2239.60,97.95,6,587.70,122.19,3,366.57,181.67,5,908.35,64.77,12,777.24,259.54,3,778.62,74.86,12,898.32,216.30,4,865.20,113.21,5,566.05,65.43,-14,-773.92,267.71,6,1606.26,223.45,4,893.80,70.38,,,0.84204,9714,0.77325,919,8890,228.12,8662,7750,1368
07/23/2024,153.80,6,922.80,225.01,10,2250.10,96.55,6,579.30,119.98,3,359.94,181.79,5,908.95,64.96,12,779.52,254.05,3,762.15,73.40,12,880.80,215.90,4,863.60,113.42,5,567.10,64.43,-14,-773.92,264.79,6,1588.74,218.73,4,874.92,70.65,,,0.84091,9641,0.7751,923,8823,228.12,8595,7750,1301
07/24/2024,153.75,6,922.50,218.54,10,2185.40,96.60,6,579.60,115.80,3,347.40,172.63,5,863.15,65.81,12,789.72,253.37,3,760.11,71.09,12,853.08,215.44,4,861.76,111.25,5,556.25,63.61,-14,-773.92,254.17,6,1525.02,217.38,4,869.52,70.60,,,0.84022,9417,0.7752,923,8628,228.12,8399,7750,1106
07/25/2024,154.75,6,928.50,217.49,10,2174.90,96.49,6,578.94,113.42,3,340.26,167.28,5,836.40,66.07,12,792.84,251.46,3,754.38,71.41,12,856.92,212.77,4,851.08,111.27,5,556.35,66.47,-14,-773.92,253.74,6,1522.44,199.92,4,799.68,70.02,,,0.84391,9290,0.7778,929,8562,228.12,8334,7750,1040
07/26/2024,156.10,6,936.60,217.96,10,2179.60,99.39,6,596.34,115.45,3,346.35,167.00,5,835.00,67.05,12,804.60,252.00,3,756.00,72.56,12,870.72,215.68,4,862.72,111.83,5,559.15,68.32,-14,-773.92,259.46,6,1556.76,196.96,4,787.84,69.78,,,0.8448,9381,0.7770612,937,8653,228.12,8425,7750,1131
07/29/2024,155.45,6,932.70,218.24,10,2182.40,100.88,6,605.28,114.77,3,344.31,169.53,5,847.65,66.83,12,801.96,261.42,3,784.26,73.55,12,882.60,213.63,4,854.52,112.56,5,562.80,68.54,-14,-773.92,261.60,6,1569.60,200.54,4,802.16,69.62,,,0.84128,9464,0.77758,933,8687,228.12,8459,7750,1165
07/30/2024,157.60,6,945.60,218.80,10,2188.00,100.49,6,602.94,115.18,3,345.54,170.29,5,851.45,67.68,12,812.16,266.44,3,799.32,74.32,12,891.84,215.68,4,862.72,113.24,5,566.20,68.69,-14,-773.92,263.10,6,1578.60,201.10,4,804.40,69.19,,,0.8424,9529,0.779,946,8764,228.12,8536,7750,1242
07/31/2024,155.10,6,930.60,222.08,10,2220.80,99.19,6,595.14,115.75,3,347.25,171.54,5,857.70,66.74,12,800.88,265.40,3,796.20,74.86,12,898.32,214.12,4,856.48,113.02,5,565.10,69.08,-14,-773.92,265.67,6,1594.02,202.66,4,810.64,68.64,,,0.842,9569,0.77802,931,8781,228.12,8553,7750,1259
08/01/2024,151.90,6,911.40,218.36,10,2183.60,100.93,6,605.58,113.25,3,339.75,170.76,5,853.80,67.96,12,815.52,268.75,3,806.25,73.85,12,886.20,215.28,4,861.12,113.66,5,568.30,69.33,-14,-773.92,265.93,6,1595.58,206.07,4,824.28,69.79,,,0.84744,9566,0.78561,911,8823,228.12,8595,7750,1301
08/02/2024,149.90,6,899.40,219.86,10,2198.60,102.81,6,616.86,112.35,3,337.05,166.66,5,833.30,69.33,12,831.96,276.69,3,830.07,74.01,12,888.12,216.94,4,867.76,113.14,5,565.70,70.36,-14,-773.92,266.58,6,1599.48,207.76,4,831.04,68.46,,,0.8521,9626,0.780762,899,8905,228.12,8676,7850,1283
08/05/2024,147.35,6,884.10,209.27,10,2092.70,100.97,6,605.82,111.10,3,333.30,159.25,5,796.25,68.10,12,817.20,268.45,3,805.35,71.42,12,857.04,210.91,4,843.64,108.89,5,544.45,68.31,-14,-773.92,256.44,6,1538.64,201.54,4,806.16,67.59,,,0.85628,9267,0.78194,884,8626,228.12,8398,7850,1004
08/06/2024,147.45,6,884.70,207.23,10,2072.30,102.66,6,615.96,111.68,3,335.04,158.29,5,791.45,68.05,12,816.60,270.06,3,810.18,72.50,12,870.00,214.05,4,856.20,109.41,5,547.05,68.99,-14,-773.92,258.26,6,1549.56,203.14,4,812.56,67.74,,,0.861,9303,0.78835,885,8707,228.12,8479,7850,1085
08/07/2024,149.20,6,895.20,209.82,10,2098.20,102.43,6,614.58,110.10,3,330.30,158.94,5,794.70,68.46,12,821.52,269.37,3,808.11,72.62,12,871.44,215.88,4,863.52,107.93,5,539.65,68.74,-14,-773.92,256.52,6,1539.12,204.85,4,819.40,66.91,,,0.86188,9327,0.78862,895,8744,228.12,8516,7850,1123
08/08/2024,148.35,6,890.10,213.31,10,2133.10,102.71,6,616.26,111.26,3,333.78,162.03,5,810.15,68.73,12,824.76,271.19,3,813.57,74.19,12,890.28,218.36,4,873.44,109.92,5,549.60,69.10,-14,-773.92,259.83,6,1558.98,205.90,4,823.60,67.66,,,0.8562,9454,0.78447,890,8792,228.12,8564,7850,1171
08/09/2024,149.70,6,898.20,216.24,10,2162.40,102.07,6,612.42,110.83,3,332.49,163.67,5,818.35,68.68,12,824.16,267.91,3,803.73,74.34,12,892.08,221.73,4,886.92,110.70,5,553.50,68.00,-14,-773.92,259.76,6,1558.56,205.26,4,821.04,67.95,,,0.8579,9492,0.7854843,898,8848,228.12,8620,7850,1227
08/12/2024,150.00,6,900.00,217.53,10,2175.30,101.28,6,607.68,110.68,3,332.04,162.29,5,811.45,68.17,12,818.04,269.46,3,808.38,74.64,12,895.68,222.99,4,891.96,111.39,5,556.95,67.71,-14,-773.92,259.89,6,1559.34,203.11,4,812.44,68.70,,,0.85629,9495,0.78301,900,8835,228.12,8607,7850,1214
08/13/2024,150.70,6,904.20,221.27,10,2212.70,100.59,6,603.54,110.92,3,332.76,164.16,5,820.80,68.46,12,821.52,270.31,3,810.93,78.50,12,942.00,222.33,4,889.32,111.04,5,555.20,68.40,-14,-773.92,260.13,6,1560.78,203.92,4,815.68,68.13,,,0.85462,9591,0.7772,904,8900,228.12,8672,7850,1278
08/14/2024,151.30,6,907.80,221.72,10,2217.20,102.18,6,613.08,111.14,3,333.42,160.37,5,801.85,68.58,12,822.96,271.15,3,813.45,78.52,12,942.24,234.34,4,937.36,109.08,5,545.40,68.47,-14,-773.92,261.14,6,1566.84,206.35,4,825.40,68.66,,,0.8585,9645,0.7795,908,8988,228.12,8760,7850,1366
08/15/2024,151.85,6,911.10,224.72,10,2247.20,101.44,6,608.64,113.09,3,339.27,161.30,5,806.50,68.65,12,823.80,274.87,3,824.61,82.50,12,990.00,236.77,4,947.08,111.48,5,557.40,69.02,-14,-773.92,266.80,6,1600.80,206.91,4,827.64,73.18,,,0.85312,9799,0.77764,911,9068,228.12,8840,7850,1446
08/16/2024,151.20,6,907.20,226.05,10,2260.50,101.99,6,611.94,112.92,3,338.76,162.96,5,814.80,69.18,12,830.16,278.49,3,835.47,83.23,12,998.76,235.88,4,943.52,111.45,5,557.25,68.61,-14,-773.92,267.38,6,1604.28,205.40,4,821.60,73.45,,,0.8509,9843,0.7720219,907,9076,231.72,8844,7850,1458
08/19/2024,151.10,6,906.60,225.89,10,2258.90,101.85,6,611.10,113.73,3,341.19,166.67,5,833.35,68.98,12,827.76,287.55,3,862.65,83.28,12,999.36,237.78,4,951.12,112.49,5,562.45,69.13,-14,-773.92,266.47,6,1598.82,206.59,4,826.36,73.72,,,0.85302,9899,0.7698,907,9142,231.72,8910,7850,1524
08/20/2024,151.45,6,908.70,226.51,10,2265.10,103.06,6,618.36,113.82,3,341.46,167.18,5,835.90,69.38,12,832.56,285.63,3,856.89,83.56,12,1002.72,238.75,4,955.00,113.31,5,566.55,69.03,-14,-773.92,268.04,6,1608.24,208.10,4,832.40,74.54,,,0.85368,9941,0.76714,909,9184,231.72,8952,7850,1565
08/21/2024,151.70,6,910.20,226.40,10,2264.00,103.47,6,620.82,114.18,3,342.54,165.85,5,829.25,69.57,12,834.84,289.71,3,869.13,84.00,12,1008.00,237.32,4,949.28,120.23,5,601.15,69.53,-14,-773.92,268.20,6,1609.20,209.38,4,837.52,75.24,,,0.85197,9992,0.76374,910,9208,231.72,8976,7850,1590
08/22/2024,151.10,6,906.60,224.53,10,2245.30,103.95,6,623.70,114.70,3,344.10,163.80,5,819.00,69.33,12,831.96,289.21,3,867.63,83.41,12,1000.92,240.22,4,960.88,119.00,5,595.00,70.33,-14,-773.92,267.94,6,1607.64,210.12,4,840.48,75.58,,,0.84868,9963,0.76349,907,9147,231.72,8916,7850,1529
08/23/2024,150.85,6,905.10,226.84,10,2268.40,104.21,6,625.26,117.56,3,352.68,165.62,5,828.10,69.79,12,837.48,289.52,3,868.56,84.05,12,1008.60,241.25,4,965.00,119.47,5,597.35,71.55,-14,-773.92,267.44,6,1604.64,209.98,4,839.92,75.70,,,0.8483,10022,0.7567731,905,9187,231.72,8955,7850,1568
08/26/2024,151.10,6,906.60,227.18,10,2271.80,105.09,6,630.54,118.10,3,354.30,166.16,7,1163.12,70.84,12,850.08,288.68,3,866.04,84.28,16,1348.48,242.45,4,969.80,120.13,5,600.65,71.58,-14,-773.92,268.21,6,1609.26,208.82,4,835.28,76.03,,,0.84625,10725,0.75805,907,9764,228.32,9535,7850,2142
08/27/2024,149.65,6,897.90,228.03,10,2280.30,105.92,6,635.52,118.23,3,354.69,164.68,7,1152.76,71.50,12,858.00,289.64,3,868.92,85.29,16,1364.64,245.57,4,982.28,120.06,5,600.30,72.10,-14,-773.92,270.72,6,1624.32,209.20,4,836.80,76.13,,,0.84313,10785,0.75429,898,9770,228.32,9542,7850,2148
08/28/2024,152.55,7,1067.85,226.49,10,2264.90,105.79,6,634.74,117.28,3,351.84,162.85,7,1139.95,71.75,12,861.00,287.05,3,861.15,82.79,16,1324.64,248.26,4,993.04,119.28,5,596.40,72.44,-14,-773.92,269.19,6,1615.14,209.31,4,837.24,76.08,,,0.84316,10706,0.75794,1068,9836,224.18,9612,7850,2211
08/29/2024,155.25,7,1086.75,229.79,10,2297.90,105.81,6,634.86,116.95,3,350.85,161.78,7,1132.46,72.05,12,864.60,287.86,3,863.58,83.26,16,1332.16,250.01,4,1000.04,117.37,5,586.85,73.19,-14,-773.92,274.32,6,1645.92,209.88,4,839.52,76.42,,,0.84152,10775,0.75952,1087,9893,224.18,9668,7850,2267
08/30/2024,154.15,7,1079.05,229.00,10,2290.00,106.50,6,639.00,117.82,3,353.46,163.38,7,1143.66,72.47,12,869.64,288.66,3,865.98,83.32,16,1333.12,252.20,4,1008.80,117.27,5,586.35,72.89,-14,-773.92,276.37,6,1658.22,212.04,4,848.16,77.23,,,0.8423,10822,0.7616146,1079,9938,224.18,9713,7850,2312
09/03/2024,154.20,7,1079.40,222.77,10,2227.70,107.78,6,646.68,117.91,3,353.73,157.36,7,1101.52,73.01,12,876.12,285.52,3,856.56,81.32,16,1301.12,252.32,4,1009.28,117.54,5,587.70,72.97,-14,-773.92,278.54,6,1671.24,209.40,4,837.60,77.17,,,0.84249,10695,0.76254,1079,9834,224.18,9610,8450,1608
09/04/2024,153.50,7,1074.50,220.85,10,2208.50,108.77,6,652.62,118.54,3,355.62,156.45,7,1095.15,72.56,12,870.72,288.03,3,864.09,81.02,16,1296.32,253.91,4,1015.64,117.52,5,587.60,73.24,-14,-773.92,280.49,6,1682.94,209.32,4,837.28,77.24,,,0.8425,10693,0.76076,1075,9826,224.18,9602,8450,1600
09/05/2024,150.30,7,1052.10,222.38,10,2223.80,108.53,6,651.18,117.34,3,352.02,157.24,7,1100.68,71.17,12,854.04,287.97,3,863.91,80.83,16,1293.28,249.54,4,998.16,118.01,5,590.05,73.64,-14,-773.92,278.62,6,1671.72,208.40,4,833.60,76.96,,,0.8431,10659,0.75887,1052,9785,226.19,9558,8450,1561
09/06/2024,149.70,7,1047.90,220.82,10,2208.20,107.86,6,647.16,115.37,3,346.11,150.92,7,1056.44,71.14,12,853.68,289.51,3,868.53,80.63,16,1290.08,248.69,4,994.76,115.62,5,578.10,73.41,-14,-773.92,279.37,6,1676.22,204.73,4,818.92,76.64,,,0.8447,10564,0.7618628,1048,9722,227.41,9495,8450,1499
09/09/2024,152.55,7,1067.85,220.91,10,2209.10,107.11,6,642.66,117.20,3,351.60,148.71,7,1040.97,71.85,12,862.20,291.29,3,873.87,79.49,16,1271.84,251.31,4,1005.24,117.07,5,585.35,73.79,-14,-773.92,285.61,6,1713.66,208.46,4,833.84,77.34,,,0.84425,10616,0.76503,1068,9780,227.41,9552,8450,1557
09/10/2024,152.25,7,1065.75,220.11,10,2201.10,106.84,6,641.04,115.78,3,347.34,148.66,7,1040.62,71.55,12,858.60,291.27,3,873.81,78.09,16,1249.44,249.13,4,996.52,117.83,5,589.15,73.52,-14,-773.92,285.34,6,1712.04,208.25,4,833.00,78.81,,,0.84243,10569,0.76451,1066,9718,227.41,9491,8450,1496
09/11/2024,152.55,7,1067.85,222.66,10,2226.60,106.13,6,636.78,116.52,3,349.56,151.16,7,1058.12,71.08,12,852.96,290.23,3,870.69,78.40,16,1254.40,249.59,4,998.36,117.85,5,589.25,73.00,-14,-773.92,283.96,6,1703.76,207.64,4,830.56,78.84,,,0.84443,10597,0.7669,1068,9767,227.41,9540,8450,1545
09/12/2024,155.30,7,1087.10,222.77,10,2227.70,106.34,6,638.04,119.37,3,358.11,154.69,7,1082.83,71.23,12,854.76,292.35,3,877.05,78.40,16,1254.40,249.48,4,997.92,118.22,5,591.10,72.99,-14,-773.92,285.37,6,1712.22,207.86,4,831.44,79.66,,,0.8435,10652,0.76148,1087,9812,227.41,9585,8450,1590
09/13/2024,156.40,7,1094.80,222.50,10,2225.00,105.73,6,634.38,118.77,3,356.31,157.46,7,1102.22,71.41,12,856.92,296.53,3,889.59,79.01,16,1264.16,255.46,4,1021.84,119.81,5,599.05,73.19,-14,-773.92,287.35,6,1724.10,208.05,4,832.20,80.60,,,0.8447,10732,0.7619,1095,9899,227.41,9672,8450,1677
09/16/2024,157.65,7,1103.55,216.32,10,2163.20,105.43,6,632.58,120.64,5,603.20,158.06,10,1580.60,72.10,12,865.20,296.69,3,890.07,79.80,16,1276.80,256.31,4,1025.24,119.61,6,717.66,73.76,-14,-773.92,290.48,6,1742.88,208.32,4,833.28,80.56,,,0.84244,11557,0.75696,1104,10571,222.34,10349,8450,2344
09/17/2024,158.45,7,1109.15,216.79,10,2167.90,104.56,6,627.36,119.04,5,595.20,159.32,10,1593.20,71.80,12,861.60,293.75,3,881.25,80.64,16,1290.24,256.91,4,1027.64,117.84,6,707.04,72.92,-14,-773.92,291.56,6,1749.36,203.12,4,812.48,78.60,,,0.8446,11539,0.75945,1109,10588,222.34,10366,8460,2351
09/18/2024,155.05,7,1085.35,220.69,10,2206.90,103.18,6,619.08,117.00,5,585.00,159.81,10,1598.10,71.75,12,861.00,292.03,3,876.09,80.90,16,1294.40,257.66,4,1030.64,117.25,6,703.50,72.42,-14,-773.92,288.48,6,1730.88,201.88,4,807.52,79.03,,,0.84179,11539,0.75751,1085,10536,223.24,10312,8460,2299
09/19/2024,156.30,7,1094.10,228.87,10,2288.70,102.01,6,612.06,118.97,5,594.85,162.14,10,1621.40,70.62,12,847.44,293.85,3,881.55,80.98,16,1295.68,255.30,4,1021.20,118.29,6,709.74,72.36,-14,-773.92,285.24,6,1711.44,204.64,4,818.56,78.04,,,0.84016,11629,0.75291,1094,10594,226.46,10367,8460,2360
09/20/2024,155.65,7,1089.55,228.20,10,2282.00,103.06,6,618.36,117.07,5,585.35,163.59,10,1635.90,71.64,12,859.68,296.83,3,890.49,86.52,16,1384.32,259.24,4,1036.96,117.93,6,707.58,72.46,-14,-773.92,284.77,6,1708.62,204.10,4,816.40,79.06,,,0.8391,11752,0.7508635,1090,10679,230.00,10449,8460,2449
09/23/2024,157.45,7,1102.15,226.47,10,2264.70,103.31,6,619.86,117.10,5,585.50,161.85,10,1618.50,71.73,12,860.76,299.06,3,897.18,86.20,16,1379.20,257.60,4,1030.40,117.13,6,702.78,73.01,-14,-773.92,288.63,6,1731.78,207.10,4,828.40,80.33,,,0.83231,11745,0.74907,1102,10601,230.00,10371,8460,2371
09/24/2024,156.80,7,1097.60,227.37,10,2273.70,103.79,6,622.74,117.91,5,589.55,162.29,10,1622.90,71.33,12,855.96,300.27,3,900.81,87.46,16,1399.36,256.54,4,1026.16,117.65,6,705.90,72.87,-14,-773.92,272.78,6,1636.68,207.52,4,830.08,80.67,,,0.83344,11690,0.74475,1098,10560,230.00,10330,8460,2330
09/25/2024,157.10,7,1099.70,226.37,10,2263.70,103.75,6,622.50,115.73,5,578.65,161.49,10,1614.90,71.45,12,857.40,300.47,3,901.41,88.00,16,1408.00,256.99,4,1027.96,118.13,6,708.78,73.46,-14,-773.92,269.63,6,1617.78,207.69,4,830.76,81.40,,,0.83584,11658,0.7509875,1100,10570,230.00,10340,8460,2340
09/26/2024,155.35,7,1087.45,227.52,10,2275.20,103.06,6,618.36,116.77,5,583.85,162.73,10,1627.30,71.40,12,856.80,303.65,3,910.95,89.39,16,1430.24,252.38,4,1009.52,118.08,6,708.48,73.40,-14,-773.92,271.69,6,1630.14,205.34,4,821.36,79.92,,,0.8335,11698,0.7455,1087,10561,230.00,10331,8460,2331
09/27/2024,154.80,7,1083.60,227.79,10,2277.90,103.66,6,621.96,116.43,5,582.15,163.95,10,1639.50,71.79,12,861.48,303.69,3,911.07,89.44,16,1431.04,251.10,4,1004.40,117.50,6,705.00,73.62,-14,-773.92,275.17,6,1651.02,205.51,4,822.04,79.78,,,0.8353,11734,0.7478872,1084,10612,230.00,10382,8460,2382
09/30/2024,151.30,7,1059.10,233.00,10,2330.00,103.81,6,622.86,117.15,5,585.75,165.85,10,1658.50,71.86,12,862.32,304.51,3,913.53,88.40,16,1414.40,253.76,4,1015.04,117.54,6,705.24,73.08,-14,-773.92,274.95,6,1649.70,207.60,4,830.40,80.75,,,0.83254,11814,0.7476,1059,10627,230.00,10397,8460,2397
10/01/2024,151.50,7,1060.50,226.21,10,2262.10,102.33,6,613.98,117.12,5,585.60,166.99,10,1669.90,71.71,12,860.52,302.98,3,908.94,89.13,16,1426.08,254.27,4,1017.08,116.64,6,699.84,72.72,-14,-773.92,277.60,6,1665.60,207.93,4,831.72,81.27,,,0.83354,11767,0.75335,1061,10608,232.95,10375,8460,2381
10/02/2024,153.25,7,1072.75,226.78,10,2267.80,102.06,6,612.36,115.95,5,579.75,165.86,10,1658.60,71.01,12,852.12,303.76,3,911.28,83.10,16,1329.60,254.43,4,1017.72,116.45,6,698.70,72.16,-14,-773.92,277.00,6,1662.00,207.32,4,829.28,80.43,,,0.83272,11645,0.7538,1073,10506,232.95,10273,8560,2179
10/03/2024,152.60,7,1068.20,225.67,10,2256.70,99.97,6,599.82,114.22,5,571.10,165.86,10,1658.60,70.52,12,846.24,303.45,3,910.35,82.10,16,1313.60,252.27,4,1009.08,115.06,6,690.36,70.77,-14,-773.92,276.86,6,1661.16,209.09,4,836.36,80.43,,,0.84047,11579,0.7616,1068,10546,240.45,10305,8560,2226
10/04/2024,150.20,7,1051.40,226.80,10,2268.00,99.04,6,594.24,113.54,5,567.70,167.06,10,1670.60,70.17,12,842.04,303.76,3,911.28,82.25,16,1316.00,255.36,4,1021.44,114.69,6,688.14,70.69,-14,-773.92,277.93,6,1667.58,208.09,4,832.36,80.94,,,0.8366,11605,0.7618467,1051,10510,240.45,10270,8560,2191
10/07/2024,151.35,7,1059.45,221.69,10,2216.90,98.57,6,591.42,113.08,5,565.40,162.98,10,1629.80,69.01,12,828.12,300.85,3,902.55,80.83,16,1293.28,245.52,4,982.08,112.13,6,672.78,70.01,-14,-773.92,273.79,6,1642.74,205.41,4,821.64,79.10,,,0.8387,11373,0.76425,1059,10348,240.45,10108,8560,2028
10/08/2024,152.25,7,1065.75,225.77,10,2257.70,100.58,6,603.48,113.44,5,567.20,164.38,10,1643.80,69.18,12,830.16,301.90,3,905.70,80.77,16,1292.32,249.02,4,996.08,113.45,6,680.70,70.75,-14,-773.92,274.96,6,1649.76,208.68,4,834.72,79.71,,,0.83814,11488,0.76366,1066,10442,240.45,10202,8560,2123
10/09/2024,152.75,7,1069.25,229.54,10,2295.40,101.00,6,606.00,113.95,5,569.75,161.86,10,1618.60,69.57,12,834.84,303.83,3,911.49,82.45,16,1319.20,250.76,4,1003.04,113.98,6,683.88,70.76,-14,-773.92,276.93,6,1661.58,212.23,4,848.92,80.40,,,0.83724,11579,0.76521,1069,10512,240.45,10272,8560,2193
10/10/2024,152.80,7,1069.60,229.04,10,2290.40,99.24,6,595.44,115.10,5,575.50,162.08,10,1620.80,69.25,12,831.00,304.04,3,912.12,82.10,16,1313.60,251.78,4,1007.12,112.59,6,675.54,70.20,-14,-773.92,277.47,6,1664.82,211.24,4,844.96,79.61,,,0.83701,11557,0.76557,1070,10492,240.45,10252,8560,2173
10/11/2024,154.70,7,1082.90,227.55,10,2275.50,100.10,6,600.60,115.84,5,579.20,163.24,10,1632.40,69.57,12,834.84,305.04,3,915.12,82.15,16,1314.40,254.09,4,1016.36,113.73,6,682.38,70.64,-14,-773.92,277.84,6,1667.04,211.81,4,847.24,80.10,,,0.8377,11591,0.7649769,1083,10538,240.45,10298,8560,2219
10/14/2024,157.00,7,1099.00,231.30,10,2313.00,100.73,6,604.38,115.52,5,577.60,164.96,10,1649.60,70.34,12,844.08,309.84,3,929.52,81.60,16,1305.60,251.88,4,1007.52,115.24,6,691.44,70.98,-14,-773.92,280.68,6,1684.08,213.50,4,854.00,80.29,,,0.83487,11687,0.76526,1099,10598,240.45,10358,8560,2279
10/15/2024,160.15,7,1121.05,233.85,10,2338.50,101.55,6,609.30,115.66,5,578.30,165.46,10,1654.60,70.34,12,844.08,309.84,3,929.52,81.60,16,1305.60,251.60,4,1006.40,116.76,6,700.56,71.24,-14,-773.92,279.29,6,1675.74,213.79,4,855.16,81.65,,,0.8329,11724,0.76535,1121,10623,240.71,10382,8560,2303
10/16/2024,159.65,7,1117.55,231.78,10,2317.80,101.19,6,607.14,115.88,5,579.40,165.16,10,1651.60,70.57,12,846.84,312.92,3,938.76,83.94,16,1343.04,255.37,4,1021.48,117.40,6,704.40,71.08,-14,-773.92,287.52,6,1725.12,213.14,4,852.56,81.22,,,0.83583,11814,0.76981,1118,10735,240.71,10494,8560,2416
10/17/2024,160.95,7,1126.65,232.15,10,2321.50,100.53,6,603.18,114.44,5,572.20,162.93,10,1629.30,69.90,12,838.80,314.70,3,944.10,83.40,16,1334.40,251.34,4,1005.36,117.48,6,704.88,70.74,-14,-773.92,290.39,6,1742.34,213.08,4,852.32,80.89,,,0.83204,11774,0.7683,1127,10662,240.71,10422,8560,2343
10/18/2024,159.00,7,1113.00,235.00,10,2350.00,100.46,6,602.76,113.62,5,568.10,163.42,10,1634.20,70.44,12,845.28,316.56,3,949.68,82.92,16,1326.72,251.12,4,1004.48,117.71,6,706.26,70.82,-14,-773.92,290.62,6,1743.72,212.75,4,851.00,81.31,,,0.8332,11808,0.7662,1113,10691,240.71,10451,8560,2372
10/21/2024,158.80,7,1111.60,236.48,10,2364.80,99.36,6,596.16,112.26,5,561.30,164.07,10,1640.70,69.45,12,833.40,314.89,3,944.67,81.48,16,1303.68,250.74,4,1002.96,115.66,6,693.96,70.09,-14,-773.92,286.85,6,1721.10,211.82,4,847.28,80.81,,,0.83306,11736,0.77024,1112,10633,240.71,10392,8560,2314
10/22/2024,157.55,7,1102.85,235.86,10,2358.60,99.67,6,598.02,112.24,5,561.20,165.14,10,1651.40,69.45,12,833.40,314.69,3,944.07,81.42,16,1302.72,248.25,4,993.00,115.19,6,691.14,69.61,-14,-773.92,284.79,6,1708.74,211.05,4,844.20,82.02,,,0.83162,11713,0.77025,1103,10590,240.71,10349,8560,2271
10/23/2024,157.00,7,1099.00,230.76,10,2307.60,98.98,6,593.88,111.99,5,559.95,162.78,10,1627.80,68.01,12,816.12,298.57,3,895.71,80.05,16,1280.80,247.25,4,989.00,114.22,6,685.32,68.22,-14,-773.92,283.76,6,1702.56,211.80,4,847.20,83.27,,,0.83477,11532,0.77437,1099,10478,240.71,10237,8560,2158
10/24/2024,157.90,7,1105.30,230.57,10,2305.70,99.74,6,598.44,110.82,5,554.10,162.72,10,1627.20,67.30,12,807.60,301.58,3,904.74,79.04,16,1264.64,246.87,4,987.48,114.20,6,685.20,70.09,-14,-773.92,283.22,6,1699.32,208.91,4,835.64,83.04,,,0.83423,11496,0.77081,1105,10442,240.71,10202,8560,2123
10/25/2024,158.70,7,1110.90,231.41,10,2314.10,95.61,6,573.66,110.97,5,554.85,165.27,10,1652.70,66.92,12,803.04,292.61,3,877.83,78.85,16,1261.60,243.78,4,975.12,113.82,6,682.92,69.40,-14,-773.92,281.73,6,1690.38,206.80,4,827.20,82.51,,,0.8332,11439,0.7714859,1111,10388,240.71,10148,8560,2069
10/28/2024,160.65,7,1124.55,233.40,10,2334.00,95.74,6,574.44,111.21,5,556.05,166.72,10,1667.20,66.67,12,800.04,296.79,3,890.37,78.91,16,1262.56,244.31,4,977.24,114.17,6,685.02,70.36,-14,-773.92,284.19,6,1705.14,208.26,4,833.04,82.75,,,0.83371,11511,0.77073,1125,10464,240.71,10223,8560,2144
10/29/2024,160.00,7,1120.00,233.67,10,2336.70,94.72,6,568.32,110.29,5,551.45,169.68,10,1696.80,65.56,12,786.72,296.79,3,890.37,78.91,16,1262.56,241.68,4,966.72,114.11,6,684.66,70.08,-14,-773.92,281.88,6,1691.28,219.11,4,876.44,81.70,,,0.83146,11538,0.7684,1120,10454,240.71,10213,8560,2135
10/30/2024,155.75,7,1090.25,230.10,10,2301.00,94.66,6,567.96,109.81,5,549.05,174.46,10,1744.60,65.92,12,791.04,291.52,3,874.56,76.45,16,1223.20,243.00,4,972.00,112.95,6,677.70,69.30,-14,-773.92,290.16,6,1740.96,214.82,4,859.28,81.39,,,0.8379,11527,0.77163,1090,10500,240.71,10259,8560,2181
10/31/2024,154.70,7,1082.90,225.91,10,2259.10,93.71,6,562.26,107.92,5,539.60,171.11,10,1711.10,65.31,12,783.72,292.11,3,876.33,77.13,16,1234.08,242.83,4,971.32,113.03,6,678.18,68.52,-14,-773.92,289.85,6,1739.10,215.85,4,863.40,81.95,,,0.84386,11444,0.77533,1083,10497,240.71,10256,8560,2178
11/01/2024,157.40,7,1101.80,222.91,10,2229.10,93.33,6,559.98,108.21,5,541.05,171.29,10,1712.90,65.01,12,780.12,295.21,3,885.63,78.06,16,1248.96,242.72,4,970.88,112.39,6,674.34,68.99,-14,-773.92,290.74,6,1744.44,213.99,4,855.96,82.19,,,0.8417,11429,0.7736,1102,10473,240.71,10232,8560,2153
11/04/2024,157.40,7,1101.80,222.01,10,2220.10,93.61,6,561.66,108.00,5,540.00,169.24,10,1692.40,65.11,12,781.32,292.85,3,878.55,77.19,16,1235.04,241.48,4,965.92,112.69,6,676.14,68.97,-14,-773.92,291.85,6,1751.10,214.24,4,856.96,82.45,,,0.83933,11385,0.77193,1102,10407,240.71,10166,8660,1987
11/05/2024,159.60,7,1117.20,223.45,10,2234.50,94.26,6,565.56,109.01,5,545.05,169.74,10,1697.40,65.37,12,784.44,297.32,3,891.96,77.98,16,1247.68,248.07,4,992.28,113.75,6,682.50,69.37,-14,-773.92,293.29,6,1759.74,215.88,4,863.52,83.68,,,0.83826,11491,0.76666,1117,10489,240.71,10248,8660,2069
11/06/2024,160.90,7,1126.30,222.72,10,2227.20,90.22,6,541.32,112.32,5,561.60,176.51,10,1765.10,63.70,12,764.40,294.00,3,882.00,75.32,16,1205.12,258.75,4,1035.00,115.63,6,693.78,66.68,-14,-773.92,307.40,6,1844.40,218.48,4,873.92,83.44,,,0.83299,11620,0.7762,1126,10554,240.71,10313,8660,2134
11/07/2024,160.45,7,1123.15,227.48,10,2274.80,90.77,6,544.62,113.34,5,566.70,180.75,10,1807.50,63.66,12,763.92,294.66,3,883.98,75.92,16,1214.72,255.27,4,1021.08,116.85,6,701.10,67.06,-14,-773.92,305.80,6,1834.80,220.44,4,881.76,83.85,,,0.83149,11721,0.77028,1123,10611,240.71,10370,8660,2192
11/08/2024,161.85,7,1132.95,226.96,10,2269.60,92.57,6,555.42,110.80,5,554.00,178.35,10,1783.50,63.92,12,767.04,298.97,3,896.91,75.88,16,1214.08,261.52,4,1046.08,117.83,6,706.98,66.38,-14,-773.92,307.87,6,1847.22,224.12,4,896.48,84.83,,,0.83,11763,0.7740537,1133,10641,240.71,10400,8660,2221
11/11/2024,162.20,7,1135.40,224.23,10,2242.30,91.96,6,551.76,111.64,5,558.20,180.35,10,1803.50,63.36,12,760.32,301.53,3,904.59,76.60,16,1225.60,259.89,4,1039.56,118.06,6,708.36,65.51,-14,-773.92,310.92,6,1865.52,223.62,4,894.48,84.21,,,0.82821,11780,0.7767,1135,10638,240.71,10398,8660,2219
11/12/2024,159.75,7,1118.25,224.23,10,2242.30,91.50,6,549.00,111.57,5,557.85,181.62,10,1816.20,63.20,12,758.40,298.65,3,895.95,76.66,16,1226.56,262.34,4,1049.36,119.85,6,719.10,64.77,-14,-773.92,309.85,6,1859.10,224.78,4,899.12,84.99,,,0.8335,11799,0.78498,1118,10712,240.71,10472,8660,2293
11/13/2024,158.60,7,1110.20,225.12,10,2251.20,91.07,6,546.42,111.39,5,556.95,178.88,10,1788.80,63.00,12,756.00,297.35,3,892.05,76.52,16,1224.32,261.37,4,1045.48,121.13,6,726.78,64.55,-14,-773.92,309.48,6,1856.88,225.68,4,902.72,85.50,,,0.83134,11774,0.78698,1110,10662,240.71,10421,8660,2242
11/14/2024,158.90,7,1112.30,228.22,10,2282.20,91.45,6,548.70,110.05,5,550.25,175.58,10,1755.80,62.55,12,750.60,298.56,3,895.68,75.68,16,1210.88,257.50,4,1030.00,119.91,6,719.46,64.58,-14,-773.92,308.25,6,1849.50,221.72,4,886.88,84.47,,,0.83121,11706,0.7894,1112,10608,240.71,10368,8660,2189
11/15/2024,151.65,7,1061.55,225.00,10,2250.00,93.56,6,561.36,108.90,5,544.50,172.49,10,1724.90,61.74,12,740.88,292.63,3,877.89,76.66,16,1226.56,255.78,4,1023.12,119.97,6,719.82,64.58,-14,-773.92,309.64,6,1857.84,217.90,4,871.60,84.25,,,0.8356,11625,0.7925814,1062,10555,242.39,10312,8660,2137
11/18/2024,153.95,7,1077.65,228.02,10,2280.20,94.62,6,567.72,108.53,5,542.65,175.30,10,1753.00,61.86,12,742.32,291.10,3,873.30,74.89,16,1198.24,256.52,4,1026.08,119.67,6,718.02,65.14,-14,-773.92,312.16,6,1872.96,218.31,4,873.24,84.08,,,0.83558,11674,0.78869,1078,10604,242.39,10362,8660,2187
11/19/2024,153.30,7,1073.10,228.28,10,2282.80,93.61,6,561.66,106.71,5,533.55,178.12,10,1781.20,62.59,12,751.08,290.73,3,872.19,73.91,16,1182.56,254.51,4,1018.04,119.56,6,717.36,65.09,-14,-773.92,311.85,6,1871.10,219.05,4,876.20,86.60,,,0.83555,11674,0.78774,1073,10599,244.40,10355,8660,2184
11/20/2024,152.95,7,1070.65,229.00,10,2290.00,93.91,6,563.46,106.84,5,534.20,175.98,10,1759.80,62.99,12,755.88,290.91,3,872.73,73.36,16,1173.76,257.02,4,1028.08,119.74,6,718.44,64.74,-14,-773.92,307.39,6,1844.34,218.78,4,875.12,87.18,,,0.83336,11642,0.79018,1071,10548,244.40,10303,8660,2132
11/21/2024,153.35,7,1073.45,228.52,10,2285.20,94.25,6,565.50,109.20,5,546.00,167.63,10,1676.30,63.76,12,765.12,288.47,3,865.41,75.10,16,1201.60,263.44,4,1053.76,119.77,6,718.62,64.83,-14,-773.92,309.90,6,1859.40,221.53,4,886.12,88.39,,,0.83185,11649,0.79461,1073,10543,244.40,10299,8660,2128
11/22/2024,157.95,7,1105.65,229.87,10,2298.70,94.92,6,569.52,111.24,5,556.20,164.76,10,1647.60,63.92,12,767.04,290.28,3,870.84,77.40,16,1238.40,266.06,4,1064.24,121.47,6,728.82,65.94,-14,-773.92,309.92,6,1859.52,224.41,4,897.64,90.44,,,0.8314,11725,0.7980209,1106,10630,244.40,10386,8660,2215
11/25/2024,156.70,7,1096.90,232.87,10,2328.70,95.34,6,572.04,111.78,5,558.90,167.65,10,1676.50,64.38,12,772.56,296.19,3,888.57,79.26,16,1268.16,265.88,4,1063.52,124.79,6,748.74,66.13,-14,-773.92,313.19,6,1879.14,225.65,4,902.60,89.50,,,0.83331,11886,0.79789,1097,10780,244.40,10535,8660,2364
11/26/2024,157.35,7,1101.45,235.06,10,2350.60,96.58,6,579.48,109.64,5,548.20,169.12,10,1691.20,64.55,12,774.60,296.33,3,888.99,77.61,16,1241.76,268.02,4,1072.08,126.20,6,757.20,66.49,-14,-773.92,311.82,6,1870.92,227.45,4,909.80,91.31,,,0.83434,11911,0.7953,1101,10814,244.40,10569,8660,2398
11/27/2024,157.70,7,1103.90,234.93,10,2349.30,96.76,6,580.56,111.26,5,556.30,169.23,10,1692.30,64.43,12,773.16,295.08,3,885.24,78.34,16,1253.44,266.86,4,1067.44,126.36,6,758.16,67.21,-14,-773.92,314.70,6,1888.20,228.46,4,913.84,91.88,,,0.83313,11944,0.78879,1104,10822,244.40,10577,8660,2406
11/29/2024,157.95,7,1105.65,237.33,10,2373.30,96.63,6,579.78,111.69,5,558.45,168.95,10,1689.50,64.08,12,768.96,296.01,3,888.03,78.77,16,1260.32,268.88,4,1075.52,125.69,6,754.14,67.32,-14,-773.92,315.08,6,1890.48,228.22,4,912.88,92.50,,,0.8309,11977,0.7853609,1106,10820,244.40,10576,8660,2405
12/02/2024,160.30,7,1122.10,239.59,10,2395.90,97.11,6,582.66,111.12,5,555.60,171.49,10,1714.90,63.65,12,763.80,292.44,3,877.32,79.09,16,1265.44,264.04,4,1056.16,126.19,6,757.14,67.40,-14,-773.92,316.65,6,1899.90,225.12,4,900.48,92.64,,,0.82951,11995,0.78998,1122,10837,244.40,10592,8660,2421
12/03/2024,161.30,7,1129.10,242.65,10,2426.50,94.61,6,567.66,109.16,5,545.80,171.34,10,1713.40,63.52,12,762.24,294.50,3,883.50,78.86,16,1261.76,262.61,4,1050.44,124.75,6,748.50,66.80,-14,-773.92,313.01,6,1878.06,225.01,4,900.04,93.51,,,0.82924,11964,0.789,1129,10812,244.40,10567,8760,2296
12/04/2024,162.80,7,1139.60,243.01,10,2430.10,94.81,6,568.86,109.66,5,548.30,174.37,10,1743.70,62.21,12,746.52,295.09,3,885.27,78.37,16,1253.92,260.35,4,1041.40,125.50,6,753.00,66.79,-14,-773.92,309.90,6,1859.40,225.29,4,901.16,94.45,,,0.82763,11958,0.78733,1140,10794,246.77,10547,8760,2281
12/05/2024,164.25,7,1149.75,243.04,10,2430.40,95.10,6,570.60,109.31,5,546.55,172.64,10,1726.40,62.92,12,755.04,299.47,3,898.41,78.58,16,1257.28,261.29,4,1045.16,125.92,6,755.52,66.99,-14,-773.92,309.08,6,1854.48,224.05,4,896.20,95.30,,,0.8296,11962,0.78374,1150,10825,246.77,10578,8760,2312
12/06/2024,162.80,7,1139.60,242.84,10,2428.40,94.23,6,565.38,106.96,5,534.80,174.71,10,1747.10,62.53,12,750.36,298.98,3,896.94,78.89,16,1262.24,254.56,4,1018.24,126.09,6,756.54,66.42,-14,-773.92,311.01,6,1866.06,222.19,4,888.76,95.70,,,0.8297,11941,0.7846214,1140,10802,248.26,10553,8760,2290
12/09/2024,161.35,7,1129.45,246.75,10,2467.50,92.94,6,557.64,106.38,5,531.90,175.37,10,1753.70,62.60,12,751.20,301.37,3,904.11,77.64,16,1242.24,247.86,4,991.44,125.90,6,755.40,66.19,-14,-773.92,308.30,6,1849.80,217.47,4,869.88,93.83,,,0.82781,11901,0.78437,1129,10738,248.26,10489,8760,2226
12/10/2024,161.75,7,1132.25,247.77,10,2477.70,93.89,6,563.34,106.30,5,531.50,185.17,10,1851.70,62.91,12,754.92,300.71,3,902.13,76.74,16,1227.84,247.27,4,989.08,127.20,6,763.20,66.05,-14,-773.92,312.38,6,1874.28,216.08,4,864.32,94.55,,,0.82403,12026,0.78247,1132,10796,248.26,10548,8760,2284
12/11/2024,163.05,7,1141.35,246.49,10,2464.90,92.76,6,556.56,105.13,5,525.65,195.40,10,1954.00,62.64,12,751.68,296.10,3,888.30,78.85,16,1261.60,243.73,4,974.92,126.81,6,760.86,66.13,-14,-773.92,313.79,6,1882.74,214.52,4,858.08,94.96,,,0.82295,12105,0.78331,1141,10856,248.26,10608,8760,2344
12/12/2024,162.20,7,1135.40,247.96,10,2479.60,93.56,6,561.36,104.67,5,523.35,191.96,10,1919.60,63.84,12,766.08,296.63,3,889.89,77.96,16,1247.36,242.76,4,971.04,126.42,6,758.52,66.05,-14,-773.92,314.23,6,1885.38,214.45,4,857.80,94.09,,,0.82578,12086,0.78881,1135,10876,248.26,10628,8760,2364
12/13/2024,162.40,7,1136.80,248.13,10,2481.30,93.44,6,560.64,103.83,5,519.15,189.82,10,1898.20,63.12,12,757.44,296.60,3,889.80,77.25,16,1236.00,251.80,4,1007.20,124.85,6,749.10,66.23,-14,-773.92,314.74,6,1888.44,213.20,4,852.80,94.25,,,0.8324,12066,0.7923302,1137,10945,248.26,10696,8760,2433
12/16/2024,163.90,7,1147.30,251.04,10,2510.40,92.92,6,557.52,102.77,5,513.85,196.66,10,1966.60,62.55,12,750.60,297.71,3,893.13,77.20,16,1235.20,250.25,4,1001.00,123.72,6,742.32,66.74,-14,-773.92,315.89,6,1895.34,211.64,4,846.56,94.87,,,0.82863,12139,0.788,1147,10962,248.26,10714,8760,2451
12/17/2024,163.70,7,1145.90,253.48,10,2534.80,93.49,6,560.94,102.95,5,514.75,195.42,10,1954.20,63.40,12,760.80,296.08,3,888.24,78.00,16,1248.00,247.53,4,990.12,123.06,6,738.36,66.71,-14,-773.92,318.30,6,1909.80,209.00,4,836.00,95.42,,,0.82563,12162,0.78673,1146,10943,248.26,10695,8760,2431
12/18/2024,163.75,7,1146.25,248.05,10,2480.50,92.75,6,556.50,101.40,5,507.00,188.40,10,1884.00,62.85,12,754.20,290.88,3,872.64,76.90,16,1230.40,240.28,4,961.12,121.24,6,727.44,65.06,-14,-773.92,309.78,6,1858.68,205.43,4,821.72,93.55,,,0.82354,11880,0.79569,1146,10696,256.91,10439,8760,2193
12/19/2024,160.25,7,1121.75,249.79,10,2497.90,92.92,6,557.52,100.62,5,503.10,188.51,10,1885.10,62.45,12,749.40,290.23,3,870.69,77.10,16,1233.60,239.71,4,958.84,121.20,6,727.20,64.74,-14,-773.92,314.88,6,1889.28,205.53,4,822.12,93.40,,,0.82927,11921,0.80013,1122,10783,256.91,10526,8760,2280
12/20/2024,161.10,7,1127.70,254.49,10,2544.90,92.03,6,552.18,101.17,5,505.85,191.41,10,1914.10,62.55,12,750.60,292.68,3,878.04,76.94,16,1231.04,239.97,4,959.88,122.00,6,732.00,64.31,-14,-773.92,317.71,6,1906.26,205.83,4,823.32,92.24,,,0.8299,12024,0.7954184,1128,10876,256.91,10619,8760,2373
12/23/2024,159.50,7,1116.50,255.27,10,2552.70,91.91,6,551.46,102.47,5,512.35,194.63,10,1946.30,62.38,12,748.56,291.29,3,873.87,76.76,16,1228.16,241.01,4,964.04,121.77,6,730.62,64.34,-14,-773.92,317.22,6,1903.32,203.80,4,815.20,90.35,,,0.83009,12053,0.7978,1117,10896,256.91,10639,8760,2392
12/24/2024,159.50,7,1116.50,258.20,10,2582.00,92.39,6,554.34,102.90,5,514.50,196.11,10,1961.10,62.84,12,754.08,293.99,3,881.97,76.79,16,1228.64,243.24,4,972.96,123.49,6,740.94,64.34,-14,-773.92,320.65,6,1923.90,205.38,4,821.52,92.68,,,0.68217,12162,0.7977,1117,9187,258.94,8928,8760,686
12/26/2024,159.50,7,1116.50,259.02,10,2590.20,92.37,6,554.22,102.66,5,513.30,195.60,10,1956.00,62.57,12,750.84,294.80,3,884.40,76.94,16,1231.04,243.19,4,972.76,125.01,6,750.06,64.71,-14,-773.92,320.91,6,1925.46,205.02,4,820.08,92.79,,,0.8318,12174,0.7981,1117,11018,258.94,10759,8760,2517
12/27/2024,161.00,7,1127.00,255.59,10,2555.90,91.81,6,550.86,101.97,5,509.85,192.76,10,1927.60,62.45,12,749.40,293.62,3,880.86,76.42,16,1222.72,241.02,4,964.08,123.94,6,743.64,64.64,-14,-773.92,318.66,6,1911.96,204.02,4,816.08,91.66,,,0.8292,12059,0.7953551,1127,10896,258.94,10637,8760,2395
12/30/2024,159.45,7,1116.15,252.20,10,2522.00,90.79,6,544.74,100.78,5,503.90,191.24,10,1912.40,62.03,12,744.36,289.60,3,868.80,74.65,16,1194.40,239.60,4,958.40,121.09,6,726.54,63.86,-14,-773.92,315.31,6,1891.86,202.27,4,809.08,90.57,,,0.82919,11903,0.79687,1116,10759,258.94,10500,8760,2258
12/31/2024,160.40,7,1122.80,250.42,10,2504.20,90.91,6,545.46,101.51,5,507.55,189.30,10,1893.00,62.26,12,747.12,289.89,3,869.67,75.67,16,1210.72,239.61,4,958.44,120.81,6,724.86,63.79,-14,-773.92,316.04,6,1896.24,201.79,4,807.16,90.35,,,0.8267,11891,0.79887,1123,10727,258.94,10468,8760,2226
01/02/2025,161.20,7,1128.40,243.85,10,2438.50,90.55,6,543.30,101.86,5,509.30,189.43,10,1894.30,61.84,12,742.08,292.51,3,877.53,73.67,16,1178.72,240.65,4,962.60,121.15,6,726.90,63.59,-14,-773.92,314.40,6,1886.40,200.54,4,802.16,90.00,,,0.82934,11788,0.80774,1128,10688,260.70,10427,8760,2188
01/03/2025,159.05,7,1113.35,243.36,10,2433.60,90.15,6,540.90,102.53,5,512.65,191.79,10,1917.90,61.75,12,741.00,294.78,3,884.34,73.31,16,1172.96,242.22,4,968.88,120.73,6,724.38,63.57,-14,-773.92,314.91,6,1889.46,201.65,4,806.60,90.78,6,544.68,0.8302,11819,0.8048938,1113,10708,259.04,10449,8860,2107
01/06/2025,159.15,7,1114.05,245.00,10,2450.00,87.54,6,525.24,103.61,5,518.05,196.87,10,1968.70,60.81,12,729.72,292.18,3,876.54,72.00,16,1152.00,239.59,4,958.36,120.88,6,725.28,62.36,-14,-773.92,313.04,6,1878.24,201.76,4,807.04,91.43,6,548.58,0.8299,11815,0.7993,1114,10696,263.41,10433,8860,2099
01/07/2025,159.90,7,1119.30,242.21,10,2422.10,87.39,6,524.34,104.34,5,521.70,195.49,10,1954.90,60.84,12,730.08,289.34,3,868.02,72.09,16,1153.44,242.28,4,969.12,120.14,6,720.84,62.83,-14,-773.92,311.67,6,1870.02,203.39,4,813.56,90.81,6,544.86,0.82896,11774,0.80142,1119,10657,263.41,10394,8860,2061
01/08/2025,162.35,7,1136.45,242.70,10,2427.00,87.46,6,524.76,102.40,5,512.00,193.95,10,1939.50,61.71,12,740.52,286.90,3,860.70,71.29,16,1140.64,243.59,4,974.36,121.65,6,729.90,63.16,-14,-773.92,312.60,6,1875.60,206.58,4,826.32,91.80,6,550.80,0.83448,11777,0.80907,1136,10747,263.41,10484,8860,2151
01/10/2025,165.45,7,1158.15,236.85,10,2368.50,86.36,6,518.16,99.95,5,499.75,192.04,10,1920.40,61.07,12,732.84,282.31,3,846.93,71.20,16,1139.20,235.61,4,942.44,120.06,6,720.36,62.02,-14,-773.92,307.71,6,1846.26,207.25,4,829.00,93.00,6,558.00,0.84,11590,0.8187326,1158,10684,263.41,10420,8860,2087
01/13/2025,163.75,7,1146.25,234.40,10,2344.00,87.10,6,522.60,100.26,5,501.30,191.01,10,1910.10,61.65,12,739.80,283.63,3,850.89,72.08,16,1153.28,235.78,4,943.12,119.89,6,719.34,61.91,-14,-773.92,306.92,6,1841.52,207.53,4,830.12,91.53,6,549.18,0.83908,11582,0.81744,1146,10655,263.41,10392,8860,2059
01/14/2025,164.95,7,1154.65,233.28,10,2332.80,87.67,6,526.02,100.29,5,501.45,189.66,10,1896.60,62.04,12,744.48,281.58,3,844.74,71.17,16,1138.72,239.76,4,959.04,119.24,6,715.44,61.58,-14,-773.92,309.09,6,1854.54,207.17,4,828.68,90.79,6,544.74,0.84391,11569,0.81877,1155,10708,263.41,10445,8860,2112
01/15/2025,166.90,7,1168.30,237.87,10,2378.70,87.86,6,527.16,100.69,5,503.45,195.55,10,1955.50,61.77,12,741.24,282.30,3,846.90,71.07,16,1137.12,242.47,4,969.88,119.11,6,714.66,61.56,-14,-773.92,316.28,6,1897.68,208.00,4,832.00,91.34,6,548.04,0.84085,11730,0.81677,1168,10818,263.41,10554,8860,2221
01/16/2025,170.00,7,1190.00,228.26,10,2282.60,88.56,6,531.36,101.99,5,509.95,192.91,10,1929.10,62.25,12,747.00,279.74,3,839.22,71.11,16,1137.76,245.54,4,982.16,121.38,6,728.28,62.37,-14,-773.92,317.25,6,1903.50,211.01,4,844.04,91.30,6,547.80,0.8419,11661,0.8172,1190,10790,263.41,10526,8860,2193
01/17/2025,171.30,7,1199.10,229.98,10,2299.80,88.69,6,532.14,101.52,5,507.60,196.00,10,1960.00,62.71,12,752.52,280.95,3,842.85,70.84,16,1133.44,243.68,4,974.72,121.85,6,731.10,62.62,-14,-773.92,319.62,6,1917.72,211.71,4,846.84,91.94,6,551.64,0.8457,11725,0.8211529,1199,10900,276.23,10624,8860,2317
01/21/2025,173.40,7,1213.80,222.64,10,2226.40,88.23,6,529.38,103.68,5,518.40,198.05,10,1980.50,62.42,12,749.04,282.61,3,847.83,73.17,16,1170.72,241.01,4,964.04,123.30,6,739.80,64.02,-14,-773.92,323.63,6,1941.78,212.93,4,851.72,93.08,6,558.48,0.84353,11746,0.810675,1214,10892,276.23,10616,8860,2308
01/22/2025,174.60,7,1222.20,223.83,10,2238.30,87.55,6,525.30,104.43,5,522.15,198.37,10,1983.70,61.78,12,741.36,281.35,3,844.05,74.04,16,1184.64,239.17,4,956.68,122.57,6,735.42,63.06,-14,-773.92,323.56,6,1941.36,211.44,4,845.76,93.23,6,559.38,0.84521,11745,0.81207,1222,10919,276.23,10643,8860,2336
01/23/2025,169.50,7,1186.50,223.66,10,2236.60,87.91,6,527.46,106.25,5,531.25,197.98,10,1979.80,61.53,12,738.36,284.43,3,853.29,74.29,16,1188.64,239.51,4,958.04,122.60,6,735.60,63.75,-14,-773.92,328.21,6,1969.26,210.10,4,840.40,93.81,6,562.86,0.84316,11785,0.80946,1187,10897,276.23,10621,8860,2313
01/24/2025,169.35,7,1185.45,222.78,10,2227.80,87.88,6,527.28,105.54,5,527.70,200.21,10,2002.10,61.92,12,743.04,285.46,3,856.38,73.57,16,1177.12,238.82,4,955.28,122.73,6,736.38,63.56,-14,-773.92,330.20,6,1981.20,209.43,4,837.72,94.76,6,568.56,0.8413,11798,0.800897,1185,10875,276.23,10599,8860,2291
01/27/2025,170.35,7,1192.45,229.86,10,2298.60,91.21,6,547.26,106.78,5,533.90,191.81,10,1918.10,63.87,12,766.44,293.09,3,879.27,75.58,16,1209.28,246.91,4,987.64,124.90,6,749.40,65.40,-14,-773.92,334.54,6,2007.24,213.63,4,854.52,97.40,6,584.40,0.83819,11978,0.80253,1192,10997,276.23,10720,8860,2413
01/28/2025,172.70,7,1208.90,238.26,10,2382.60,89.86,6,539.16,105.12,5,525.60,195.30,10,1953.00,62.36,12,748.32,291.15,3,873.45,74.39,16,1190.24,245.05,4,980.20,124.34,6,746.04,64.67,-14,-773.92,334.48,6,2006.88,213.65,4,854.60,97.29,6,583.74,0.83822,12026,0.80375,1209,11052,276.23,10776,9860,1468
01/29/2025,173.35,7,1213.45,239.36,10,2393.60,89.57,6,537.42,105.53,5,527.65,195.41,10,1954.10,62.83,12,753.96,290.11,3,870.33,76.58,16,1225.28,246.40,4,985.60,124.21,6,745.26,64.43,-14,-773.92,335.88,6,2015.28,209.55,4,838.20,97.50,6,585.00,0.83695,12073,0.8028711,1213,11079,276.23,10802,9860,1495
01/30/2025,175.05,7,1225.35,237.59,10,2375.90,90.89,6,545.34,105.20,5,526.00,200.87,10,2008.70,64.05,12,768.60,290.32,3,870.96,78.33,16,1253.28,249.22,4,996.88,126.09,6,756.54,65.59,-14,-773.92,343.05,6,2058.30,222.43,4,889.72,98.65,6,591.90,0.83682,12276,0.8049,1225,11259,276.23,10983,9860,1676
01/31/2025,175.75,7,1230.25,236.00,10,2360.00,86.70,6,520.20,104.51,5,522.55,204.02,10,2040.20,63.48,12,761.76,288.70,3,866.10,76.90,16,1230.40,246.44,4,985.76,124.79,6,748.74,64.55,-14,-773.92,341.80,6,2050.80,220.26,4,881.04,98.16,6,588.96,0.8357,12194,0.8063216,1230,11182,276.23,10906,9860,1598
02/03/2025,175.40,7,1227.80,228.01,10,2280.10,87.03,10,870.30,98.72,10,987.20,201.23,10,2012.30,63.35,12,760.20,290.05,3,870.15,76.59,16,1225.44,248.92,4,995.68,124.31,6,745.86,64.86,-14,-773.92,345.82,6,2074.92,223.72,4,894.88,99.54,8,796.32,0.83066,12943,0.80439,1228,11739,271.25,11468,9860,2150
02/04/2025,174.80,7,1223.60,232.80,10,2328.00,86.50,10,865.00,101.71,10,1017.10,206.38,10,2063.80,62.67,12,752.04,289.77,3,869.31,76.72,16,1227.52,248.00,4,992.00,125.14,6,750.84,64.41,-14,-773.92,345.15,6,2070.90,222.14,4,888.56,100.77,8,806.16,0.83129,13051,0.8014,1224,11830,271.25,11559,9960,2141
02/05/2025,176.70,7,1236.90,232.47,10,2324.70,86.62,10,866.20,103.94,10,1039.40,191.33,10,1913.30,63.12,12,757.44,288.83,3,866.49,74.57,16,1193.12,249.00,4,996.00,125.51,6,753.06,65.53,-14,-773.92,349.44,6,2096.64,224.77,4,899.08,102.46,8,819.68,0.83176,12932,0.79974,1237,11745,271.25,11474,9960,2056
02/06/2025,176.55,7,1235.85,233.22,10,2332.20,85.68,10,856.80,103.18,10,1031.80,191.60,10,1916.00,63.36,12,760.32,294.36,3,883.08,71.74,16,1147.84,251.35,4,1005.40,126.16,6,756.96,65.33,-14,-773.92,347.48,6,2084.88,224.92,4,899.68,102.85,8,822.80,0.83507,12901,0.80402,1236,11767,271.25,11496,9960,2078
02/07/2025,176.55,7,1235.85,227.63,10,2276.30,86.76,10,867.60,101.58,10,1015.80,185.34,10,1853.40,63.84,12,766.08,294.30,3,882.90,68.68,16,1098.88,250.60,4,1002.40,124.69,6,748.14,65.55,-14,-773.92,348.02,6,2088.12,224.91,4,899.64,101.15,8,809.20,0.8329,12725,0.8060616,1236,11595,271.25,11324,9960,1906
02/10/2025,178.90,7,1252.30,227.65,10,2276.50,85.96,10,859.60,102.50,10,1025.00,186.47,10,1864.70,64.55,12,774.60,308.42,3,925.26,70.94,16,1135.04,249.69,4,998.76,124.97,6,749.82,65.54,-14,-773.92,351.23,6,2107.38,226.09,4,904.36,102.92,8,823.36,0.83343,12847,0.80902,1252,11720,271.25,11449,9960,2032
02/11/2025,180.25,7,1261.75,232.62,10,2326.20,87.37,10,873.70,102.92,10,1029.20,185.32,10,1853.20,67.60,12,811.20,310.21,3,930.63,71.34,16,1141.44,257.57,4,1030.28,124.68,6,748.08,66.29,-14,-773.92,350.72,6,2104.32,226.75,4,907.00,102.47,8,819.76,0.83234,12981,0.80311,1262,11818,271.25,11547,9960,2129
02/12/2025,180.75,7,1265.25,236.87,10,2368.70,86.73,10,867.30,102.63,10,1026.30,183.61,10,1836.10,68.71,12,824.52,307.60,3,922.80,72.26,16,1156.16,256.79,4,1027.16,124.41,6,746.46,66.53,-14,-773.92,351.49,6,2108.94,227.40,4,909.60,103.61,10,1036.10,0.83461,13020,0.80317,1265,11883,269.58,11613,9960,2193
02/13/2025,180.10,7,1260.70,241.53,10,2415.30,87.75,10,877.50,102.57,10,1025.70,186.14,10,1861.40,69.50,12,834.00,310.02,3,930.06,73.21,16,1171.36,262.13,4,1048.52,125.85,6,755.10,62.96,-14,-773.92,355.63,6,2133.78,227.60,4,910.40,105.05,10,1050.50,0.83263,13189,0.79596,1261,11985,269.58,11716,9960,2295
02/14/2025,178.70,7,1250.90,244.60,10,2446.00,86.04,10,860.40,101.59,10,1015.90,185.23,10,1852.30,68.87,12,826.44,308.55,3,925.65,73.04,16,1168.64,262.60,4,1050.40,124.34,6,746.04,61.75,-14,-773.92,353.81,6,2122.86,227.73,4,910.92,104.04,10,1040.40,0.8332,13152,0.7937768,1251,11951,271.26,11680,9960,2262
02/18/2025,177.50,7,1242.50,244.47,10,2444.70,86.39,10,863.90,102.79,10,1027.90,183.77,10,1837.70,69.05,12,828.60,304.83,3,914.49,77.59,16,1241.44,263.93,4,1055.72,123.83,6,742.98,61.79,-14,-773.92,356.73,6,2140.38,228.35,4,913.40,103.78,10,1037.80,0.82752,13237,0.79203,1243,11938,273.27,11665,9960,2251
02/19/2025,176.85,7,1237.95,244.87,10,2448.70,87.42,10,874.20,102.38,10,1023.80,185.27,10,1852.70,70.07,12,840.84,301.94,3,905.82,76.78,16,1228.48,269.62,4,1078.48,123.42,6,740.52,62.60,-14,-773.92,355.23,6,2131.38,228.52,4,914.08,104.00,10,1040.00,0.82815,13265,0.79465,1238,11969,273.27,11696,9960,2282
02/20/2025,175.50,7,1228.50,245.83,10,2458.30,87.87,10,878.70,103.83,10,1038.30,184.56,10,1845.60,70.04,12,840.48,303.05,3,909.15,77.23,16,1235.68,267.67,4,1070.68,122.98,6,737.88,62.48,-14,-773.92,350.49,6,2102.94,229.12,4,916.48,97.21,10,972.10,0.8287,13260,0.7892411,1229,11958,273.27,11685,9960,2272
02/21/2025,172.60,7,1208.20,245.55,10,2455.50,89.47,10,894.70,103.99,10,1039.90,179.66,10,1796.60,71.35,12,856.20,304.81,3,914.43,76.50,16,1224.00,266.19,4,1064.76,121.11,6,726.66,63.15,-14,-773.92,348.53,6,2091.18,228.03,4,912.12,94.78,10,947.80,0.8283,13202,0.791515,1208,11892,273.27,11618,9960,2205
02/24/2025,172.55,7,1207.85,247.10,10,2471.00,90.11,10,901.10,101.09,10,1010.90,179.25,10,1792.50,70.59,12,847.08,307.57,3,922.71,80.28,16,1284.48,272.63,4,1090.52,121.47,6,728.82,63.36,-14,-773.92,349.86,6,2099.16,229.68,4,918.72,93.67,10,936.70,0.82902,13293,0.79253,1208,11977,273.27,11704,9960,2291
02/25/2025,172.35,7,1206.45,247.04,10,2470.40,92.29,10,922.90,100.65,10,1006.50,175.42,10,1754.20,71.49,12,857.88,310.72,3,932.16,81.72,16,1307.52,278.52,4,1114.08,122.70,6,736.20,62.89,-14,-773.92,352.09,6,2112.54,230.75,4,923.00,97.69,10,976.90,0.83012,13363,0.78899,1206,12045,273.27,11772,9960,2358
02/26/2025,153.65,7,1075.55,240.36,10,2403.60,90.17,10,901.70,100.47,10,1004.70,172.73,10,1727.30,70.80,12,849.60,304.27,3,912.81,81.17,16,1298.72,273.43,4,1093.72,124.89,6,749.34,63.01,-14,-773.92,350.63,6,2103.78,228.69,4,914.76,96.20,10,962.00,0.82701,13186,0.7885,1076,11753,273.27,11480,9960,2066
02/27/2025,150.10,7,1050.70,237.30,10,2373.00,90.20,10,902.00,99.76,10,997.60,168.50,10,1685.00,70.87,12,850.44,309.95,3,929.85,80.02,16,1280.32,278.77,4,1115.08,123.49,6,740.94,63.53,-14,-773.92,355.74,6,2134.44,229.61,4,918.44,96.79,10,967.90,0.82502,13153,0.79372,1051,11686,273.27,11412,9960,1999
02/28/2025,147.60,7,1033.20,241.84,10,2418.40,91.17,10,911.70,101.36,10,1013.60,170.28,10,1702.80,71.21,12,854.52,308.33,3,924.99,79.43,16,1270.88,282.00,4,1128.00,124.76,6,748.56,63.68,-14,-773.92,362.71,6,2176.26,232.78,4,931.12,98.61,10,986.10,0.8253,13307,0.7954,1033,11804,273.27,11531,9960,2117
03/03/2025,150.30,7,1052.10,238.03,10,2380.30,92.81,10,928.10,98.25,10,982.50,167.01,10,1670.10,72.32,12,867.84,304.29,3,912.87,78.41,16,1254.56,285.08,4,1140.32,123.54,6,741.24,64.92,-14,-773.92,361.82,6,2170.92,233.78,4,935.12,97.59,10,975.90,0.82543,13210,0.78731,1052,11732,273.27,11459,9960,2045
03/04/2025,146.00,7,1022.00,235.93,10,2359.30,91.06,10,910.60,97.47,10,974.70,170.92,10,1709.20,70.19,12,842.28,305.77,3,917.31,77.32,16,1237.12,283.19,4,1132.76,121.74,6,730.44,65.27,-14,-773.92,352.23,6,2113.38,229.96,4,919.84,94.97,10,949.70,0.83042,13073,0.7816,1022,11655,273.27,11382,10060,1868
03/05/2025,144.05,7,1008.35,235.74,10,2357.40,91.75,10,917.50,100.12,10,1001.20,173.02,10,1730.20,70.08,12,840.96,307.45,3,922.35,77.81,16,1244.96,281.86,4,1127.44,123.04,6,738.24,65.64,-14,-773.92,352.68,6,2116.08,230.39,4,921.56,95.98,10,959.80,0.83729,13144,0.77568,1008,11787,275.62,11512,10060,2003
03/06/2025,141.70,7,991.90,235.33,10,2353.30,93.29,10,932.90,101.94,10,1019.40,172.35,10,1723.50,70.46,12,845.52,310.37,3,931.11,77.71,16,1243.36,281.17,4,1124.68,120.65,6,723.90,65.53,-14,-773.92,344.16,6,2064.96,225.96,4,903.84,94.64,10,946.40,0.83712,13093,0.7760782,992,11730,275.62,11454,10060,1945
03/07/2025,142.10,7,994.70,239.07,10,2390.70,96.74,10,967.40,101.07,10,1010.70,173.86,10,1738.60,71.43,12,857.16,321.29,3,963.87,78.59,16,1257.44,279.82,4,1119.28,119.27,6,715.62,66.63,-14,-773.92,345.32,6,2071.92,229.55,4,918.20,91.72,10,917.20,0.8388,13237,0.7744134,995,11873,277.09,11596,10060,2091
03/10/2025,140.90,7,986.30,227.48,10,2274.80,97.50,10,975.00,98.15,10,981.50,165.87,10,1658.70,71.45,12,857.40,317.25,3,951.75,76.40,16,1222.40,278.69,4,1114.76,117.61,6,705.66,67.83,-14,-773.92,341.48,6,2048.88,227.77,4,911.08,87.82,10,878.20,0.84179,12928,0.77667,986,11649,277.09,11372,10060,1866
03/11/2025,140.30,7,982.10,220.84,10,2208.40,94.10,10,941.00,95.46,10,954.60,164.04,10,1640.40,71.04,12,852.48,306.76,3,920.28,74.17,16,1186.72,276.94,4,1107.76,116.12,6,696.72,66.75,-14,-773.92,332.14,6,1992.84,224.21,4,896.84,87.44,10,874.40,0.84307,12624,0.77251,982,11402,277.09,11125,10060,1619
03/12/2025,141.20,7,988.40,216.98,10,2169.80,90.82,10,908.20,96.88,10,968.80,167.11,10,1671.10,69.94,12,839.28,299.40,3,898.20,73.58,16,1177.28,277.55,4,1110.20,115.34,6,692.04,66.41,-14,-773.92,332.84,6,1997.04,222.86,4,891.44,85.20,10,852.00,0.83965,12549,0.77135,988,11300,277.09,11022,10060,1517
03/13/2025,140.40,7,982.80,209.68,10,2096.80,90.52,10,905.20,95.92,10,959.20,162.76,10,1627.60,69.62,12,835.44,297.50,3,892.50,72.64,16,1162.24,279.40,4,1117.60,112.81,6,676.86,65.96,-14,-773.92,328.55,6,1971.30,223.20,4,892.80,84.50,10,845.00,0.83773,12364,0.7717,983,11116,277.09,10839,10060,1333
03/14/2025,142.60,7,998.20,213.49,10,2134.90,89.82,10,898.20,97.70,10,977.00,165.49,10,1654.90,69.16,12,829.92,299.83,3,899.49,71.66,16,1146.56,283.69,4,1134.76,113.26,6,679.56,66.05,-14,-773.92,331.80,6,1990.80,224.86,4,899.44,85.35,10,853.50,0.844,12472,0.7725587,998,11297,277.09,11020,11060,514
03/17/2025,142.60,7,998.20,214.00,10,2140.00,90.71,10,907.10,98.20,10,982.00,164.29,10,1642.90,70.12,12,841.44,303.97,3,911.91,73.70,16,1179.20,291.22,4,1164.88,114.52,6,687.12,67.19,-14,-773.92,334.55,6,2007.30,228.19,4,912.76,87.46,10,874.60,0.84081,12603,0.7701,998,11365,277.09,11088,11060,582
03/18/2025,141.10,7,987.70,212.69,10,2126.90,89.49,10,894.90,97.53,10,975.30,160.67,10,1606.70,69.38,12,832.56,303.60,3,910.80,73.31,16,1172.96,283.28,4,1133.12,115.26,6,691.56,66.05,-14,-773.92,334.77,6,2008.62,225.87,4,903.48,85.59,10,855.90,0.84142,12483,0.7692,988,11263,277.09,10986,11060,480
03/19/2025,143.00,10,1430.00,215.24,10,2152.40,90.44,10,904.40,97.66,10,976.60,163.89,10,1638.90,69.28,12,831.36,306.92,3,920.76,72.99,16,1167.84,273.29,4,1093.16,117.86,10,1178.60,66.29,-14,-773.92,339.87,6,2039.22,227.36,6,1364.16,86.33,10,863.30,0.83861,13493,0.7686,1430,12415,274.34,12141,11060,1629
03/20/2025,142.85,10,1428.50,214.10,10,2141.00,90.28,10,902.80,97.74,10,977.40,162.80,10,1628.00,69.71,12,836.52,307.00,3,921.00,71.86,16,1149.76,274.62,4,1098.48,116.25,10,1162.50,66.63,-14,-773.92,339.50,6,2037.00,226.90,6,1361.40,85.81,10,858.10,0.83717,13442,0.77113,1429,12355,274.34,12080,11060,1569
03/21/2025,142.50,10,1425.00,218.27,10,2182.70,90.30,10,903.00,96.81,10,968.10,163.99,10,1639.90,68.67,12,824.04,305.44,3,916.32,67.94,18,1222.92,272.86,4,1091.44,116.12,10,1161.20,65.98,-14,-773.92,335.66,6,2013.96,224.91,6,1349.46,85.98,10,859.80,0.8419,13499,0.7739339,1425,12468,272.66,12195,11060,1680
03/24/2025,143.00,10,1430.00,220.73,10,2207.30,90.90,10,909.00,98.70,10,987.00,167.68,10,1676.80,68.95,12,827.40,305.67,3,917.01,67.39,18,1213.02,274.00,4,1096.00,119.60,10,1196.00,65.41,-14,-773.92,343.87,6,2063.22,226.24,6,1357.44,87.49,10,874.90,0.83587,13676,0.77374,1430,12538,272.66,12265,11060,1751
03/25/2025,144.45,10,1444.50,223.75,10,2237.50,89.59,10,895.90,98.35,10,983.50,170.56,10,1705.60,68.81,12,825.72,306.92,3,920.76,66.54,18,1197.72,274.43,4,1097.72,119.88,10,1198.80,65.35,-14,-773.92,344.62,6,2067.72,227.07,6,1362.42,84.76,10,847.60,0.83326,13719,0.7726,1445,12548,272.66,12275,11060,1761
03/26/2025,143.90,10,1439.00,221.53,10,2215.30,92.03,10,920.30,100.07,10,1000.70,165.06,10,1650.60,70.02,12,840.24,313.58,3,940.74,65.74,18,1183.32,272.54,4,1090.16,119.70,10,1197.00,65.46,-14,-773.92,344.18,6,2065.08,228.93,6,1373.58,85.21,10,852.10,0.8341,13703,0.77654,1439,12547,272.66,12275,11060,1760
03/27/2025,144.90,10,1449.00,223.85,10,2238.50,93.19,10,931.90,99.76,10,997.60,162.24,10,1622.40,70.74,12,848.88,312.69,3,938.07,65.80,18,1184.40,274.67,4,1098.68,120.57,10,1205.70,66.00,-14,-773.92,349.86,6,2099.16,229.02,6,1374.12,85.63,10,856.30,0.8339,13765,0.77208,1449,12598,272.66,12325,11060,1810
03/28/2025,145.15,10,1451.50,217.90,10,2179.00,92.82,10,928.20,97.45,10,974.50,154.33,10,1543.30,70.37,12,844.44,307.09,3,921.27,63.29,18,1139.22,278.86,4,1115.44,118.21,10,1182.10,66.58,-14,-773.92,342.85,6,2057.10,227.92,6,1367.52,85.15,10,851.50,0.8408,13478,0.7724394,1452,12454,272.66,12181,11060,1666
03/31/2025,143.55,10,1435.50,222.13,10,2221.30,93.70,10,937.00,97.46,10,974.60,154.64,10,1546.40,71.62,12,859.44,312.37,3,937.11,63.48,18,1142.64,283.01,4,1132.04,121.80,10,1218.00,66.99,-14,-773.92,350.46,6,2102.76,231.51,6,1389.06,87.79,10,877.90,0.83726,13686,0.77394,1436,12570,272.66,12297,11060,1783
04/01/2025,144.55,10,1445.50,223.19,10,2231.90,93.90,10,939.00,98.62,10,986.20,157.07,10,1570.70,71.87,12,862.44,313.63,3,940.89,64.76,18,1165.68,284.29,4,1137.16,122.72,10,1227.20,67.02,-14,-773.92,346.35,6,2078.10,233.79,6,1402.74,88.83,10,888.30,0.83533,13768,0.77381,1446,12619,274.82,12345,11060,1834
04/02/2025,144.45,10,1444.50,223.89,10,2238.90,93.55,10,935.50,100.24,10,1002.40,157.04,10,1570.40,71.33,12,855.96,311.58,3,934.74,64.96,18,1169.28,281.23,4,1124.92,124.93,10,1249.30,67.34,-14,-773.92,346.33,6,2077.98,234.56,6,1407.36,89.76,10,897.60,0.8358,13793,0.7665,1445,12635,286.62,12349,11160,1762
04/03/2025,144.00,10,1440.00,203.19,10,2031.90,96.00,10,960.00,98.21,10,982.10,150.72,10,1507.20,73.18,12,878.16,318.27,3,954.81,55.58,18,1000.44,287.00,4,1148.00,125.43,10,1254.30,70.37,-14,-773.92,339.39,6,2036.34,236.83,6,1420.98,87.26,10,872.60,0.8437,13400,0.76402,1440,12406,286.62,12119,11160,1533
04/04/2025,143.45,10,1434.50,188.38,10,1883.80,91.66,10,916.60,96.49,10,964.90,145.60,10,1456.00,69.93,12,839.16,300.11,3,900.33,57.25,18,1030.50,257.64,4,1030.56,122.16,10,1221.60,67.41,-14,-773.92,313.13,6,1878.78,225.20,6,1351.20,83.19,10,831.90,0.8504,12700,0.7760962,1435,11913,286.62,11626,11160,1040
04/07/2025,135.00,10,1350.00,181.46,10,1814.60,89.19,10,891.90,94.75,10,947.50,146.75,10,1467.50,68.37,12,820.44,299.89,3,899.67,55.61,18,1000.98,255.27,4,1021.08,119.13,10,1191.30,65.14,-14,-773.92,312.32,6,1873.92,220.56,6,1323.36,83.83,10,838.30,0.85715,12478,0.78524,1350,11756,286.62,11469,11160,882
04/08/2025,139.35,10,1393.50,172.42,10,1724.20,88.60,10,886.00,92.66,10,926.60,144.70,10,1447.00,68.42,12,821.04,299.83,3,899.49,53.27,18,958.86,260.38,4,1041.52,120.03,10,1200.30,65.14,-14,-773.92,308.27,6,1849.62,216.47,6,1298.82,81.79,10,817.90,0.8585,12280,0.7818,1394,11631,286.62,11345,11160,758
04/09/2025,139.30,10,1393.00,198.85,10,1988.50,90.23,10,902.30,98.32,10,983.20,158.71,10,1587.10,69.95,12,839.40,303.96,3,911.88,59.32,18,1067.76,270.11,4,1080.44,126.05,10,1260.50,66.85,-14,-773.92,332.43,6,1994.58,224.42,6,1346.52,89.60,10,896.00,0.85381,13188,0.7797,1393,12346,288.18,12058,11160,1475
04/10/2025,142.55,10,1425.50,190.42,10,1904.20,91.80,10,918.00,95.81,10,958.10,152.82,10,1528.20,70.76,12,849.12,306.78,3,920.34,54.40,18,979.20,273.18,4,1092.72,127.47,10,1274.70,67.40,-14,-773.92,324.61,6,1947.66,226.45,6,1358.70,90.61,10,906.10,0.86643,12957,0.7697,1426,12324,288.18,12035,11160,1452
04/11/2025,144.00,10,1440.00,198.15,10,1981.50,94.00,10,940.00,99.76,10,997.60,157.14,10,1571.40,71.43,12,857.16,309.90,3,929.70,54.39,18,979.02,275.64,4,1102.56,128.15,10,1281.50,69.65,-14,-773.92,333.40,6,2000.40,229.38,6,1376.28,92.80,10,928.00,0.8682,13243,0.7643507,1440,12598,288.18,12310,11160,1727
04/14/2025,147.60,10,1476.00,202.52,10,2025.20,94.98,10,949.80,100.19,10,1001.90,159.07,10,1590.70,72.45,12,869.40,316.07,3,948.21,55.41,18,997.38,278.56,4,1114.24,130.60,10,1306.00,70.02,-14,-773.92,335.18,6,2011.08,232.30,6,1393.80,94.73,10,947.30,0.8607,13434,0.75904,1476,12683,288.18,12395,11160,1811
04/15/2025,152.30,10,1523.00,202.14,10,2021.40,94.26,10,942.60,98.46,10,984.60,156.31,10,1563.10,71.86,12,862.32,312.48,3,937.44,54.83,18,986.94,276.11,4,1104.44,128.50,10,1285.00,69.92,-14,-773.92,335.81,6,2014.86,231.48,6,1388.88,93.97,10,939.70,0.85347,13318,0.7558,1523,12517,288.44,12229,11160,1646
04/16/2025,150.30,10,1503.00,194.27,10,1942.70,93.49,10,934.90,98.54,10,985.40,153.33,10,1533.30,71.68,12,860.16,309.10,3,927.30,53.55,18,963.90,275.13,4,1100.52,126.31,10,1263.10,70.39,-14,-773.92,331.33,6,1987.98,229.57,6,1377.42,91.19,10,911.90,0.8611,13103,0.75563,1503,12418,288.44,12130,11160,1547
04/17/2025,150.15,10,1501.50,196.98,10,1969.80,95.50,10,955.00,99.17,10,991.70,151.16,10,1511.60,73.00,12,876.00,311.30,3,933.90,55.76,18,1003.68,265.45,4,1061.80,127.62,10,1276.20,71.82,-14,-773.92,329.61,6,1977.66,230.91,6,1385.46,93.22,10,932.20,0.85731,13169,0.75378,1502,12422,288.44,12133,11160,1550
04/21/2025,150.15,10,1501.50,193.16,10,1931.60,94.70,10,947.00,98.60,10,986.00,147.67,10,1476.70,72.77,12,873.24,308.72,3,926.16,56.12,18,1010.16,257.41,4,1029.64,123.98,10,1239.80,71.63,-14,-773.92,320.10,6,1920.60,227.57,6,1365.42,92.41,10,924.10,0.8604,12932,0.7474,1502,12249,288.44,11961,11160,1378
04/22/2025,150.25,10,1502.50,199.74,10,1997.40,95.81,10,958.10,97.59,10,975.90,151.47,10,1514.70,73.90,12,886.80,319.08,3,957.24,57.06,18,1027.08,265.08,4,1060.32,125.71,10,1257.10,73.61,-14,-773.92,331.40,6,1988.40,229.96,6,1379.76,94.85,10,948.50,0.85517,13229,0.7534,1503,12445,288.44,12156,11160,1573
04/23/2025,150.05,10,1500.50,204.60,10,2046.00,93.89,10,938.90,97.77,10,977.70,155.35,10,1553.50,73.30,12,879.60,318.48,3,955.44,57.39,18,1033.02,265.03,4,1060.12,125.50,10,1255.00,72.25,-14,-773.92,334.37,6,2006.22,228.63,6,1371.78,94.96,10,949.60,0.85391,13303,0.75389,1501,12491,288.44,12203,11160,1620
04/24/2025,152.25,10,1522.50,208.37,10,2083.70,92.70,10,927.00,97.63,10,976.30,159.28,10,1592.80,72.52,12,870.24,316.22,3,948.66,58.48,18,1052.64,265.19,4,1060.76,126.50,10,1265.00,71.65,-14,-773.92,335.71,6,2014.26,227.47,6,1364.82,95.84,10,958.40,0.85325,13382,0.7504,1523,12561,288.44,12272,11160,1689
04/25/2025,152.80,10,1528.00,209.28,10,2092.80,93.91,10,939.10,97.10,10,971.00,161.96,10,1619.60,71.91,12,862.92,316.74,3,950.22,57.62,18,1037.16,265.01,4,1060.04,126.56,10,1265.60,70.45,-14,-773.92,335.17,6,2011.02,228.31,6,1369.86,95.09,10,950.90,0.8573,13405,0.7510327,1528,12640,288.44,12352,11160,1768
04/28/2025,151.95,10,1519.50,210.14,10,2101.40,90.96,10,909.60,96.52,10,965.20,160.61,10,1606.10,71.79,12,861.48,316.81,3,950.43,57.31,18,1031.58,269.58,4,1078.32,127.13,10,1271.30,71.08,-14,-773.92,337.51,6,2025.06,229.08,6,1374.48,95.22,10,952.20,0.84906,13401,0.74426,1520,12509,288.44,12221,11160,1638
04/29/2025,153.60,10,1536.00,211.21,10,2112.10,92.33,10,923.30,96.43,10,964.30,160.16,10,1601.60,72.35,12,868.20,314.50,3,943.50,57.54,18,1035.72,276.31,4,1105.24,128.03,10,1280.30,71.03,-14,-773.92,341.52,6,2049.12,228.80,6,1372.80,96.04,10,960.40,0.84921,13482,0.7456677,1536,12595,288.44,12306,11160,1723
04/30/2025,155.45,10,1554.50,212.50,10,2125.00,92.19,10,921.90,96.82,10,968.20,158.80,10,1588.00,72.55,12,870.60,319.65,3,958.95,56.40,18,1015.20,281.74,4,1126.96,128.68,10,1286.80,71.49,-14,-773.92,345.50,6,2073.00,233.36,6,1400.16,97.25,10,972.50,0.84989,13561,0.75053,1555,12692,288.44,12403,11160,1820
05/01/2025,155.45,10,1554.50,213.32,10,2133.20,90.69,10,906.90,95.62,10,956.20,161.30,10,1613.00,71.29,12,855.48,313.64,3,940.92,56.76,18,1021.68,277.66,4,1110.64,127.63,10,1276.30,70.86,-14,-773.92,342.45,6,2054.70,233.40,6,1400.40,97.41,10,974.10,0.85019,13496,0.75265,1555,12644,288.44,12355,11160,1772
05/02/2025,156.20,10,1562.00,205.35,10,2053.50,90.48,10,904.80,101.34,10,1013.40,164.03,10,1640.30,71.65,12,859.80,311.96,3,935.88,58.59,18,1054.62,282.81,4,1131.24,129.21,10,1292.10,71.44,-14,-773.92,347.60,6,2085.60,233.94,6,1403.64,98.75,10,987.50,0.8515,13601,0.7532957,1562,12758,288.44,12469,11260,1786
05/05/2025,156.90,10,1569.00,198.89,10,1988.90,90.74,10,907.40,98.69,10,986.90,164.21,10,1642.10,71.70,12,860.40,315.72,3,947.16,57.35,18,1032.30,282.16,4,1128.64,128.94,10,1289.40,71.40,-14,-773.92,348.64,6,2091.84,234.79,6,1408.74,99.33,10,993.30,0.85105,13510,0.7523,1569,12678,288.44,12389,11260,1706
05/06/2025,156.25,10,1562.50,198.51,10,1985.10,91.00,10,910.00,98.43,10,984.30,163.23,10,1632.30,71.72,12,860.64,316.79,3,950.37,57.04,18,1026.72,283.66,4,1134.64,128.46,10,1284.60,71.89,-14,-773.92,347.70,6,2086.20,234.07,6,1404.42,98.55,10,985.50,0.84919,13485,0.74873,1563,12622,288.44,12333,11260,1650
05/07/2025,157.95,10,1579.50,196.25,10,1962.50,90.88,10,908.80,99.77,10,997.70,151.38,10,1513.80,72.40,12,868.80,318.13,3,954.39,58.62,18,1055.16,286.38,4,1145.52,128.65,10,1286.50,72.12,-14,-773.92,349.85,6,2099.10,235.51,6,1413.06,98.83,10,988.30,0.85047,13431,0.75221,1580,12611,288.44,12323,11260,1640
05/08/2025,158.90,10,1589.00,197.49,10,1974.90,90.83,10,908.30,101.33,10,1013.30,154.28,10,1542.80,71.17,12,854.04,313.49,3,940.47,58.91,18,1060.38,283.92,4,1135.68,128.09,10,1280.90,70.40,-14,-773.92,351.27,6,2107.62,233.13,6,1398.78,97.43,10,974.30,0.84799,13443,0.75555,1589,12600,288.44,12312,11260,1629
05/09/2025,156.30,10,1563.00,198.53,10,1985.30,89.81,10,898.10,100.36,10,1003.60,152.75,10,1527.50,70.52,12,846.24,313.68,3,941.04,58.30,18,1049.40,284.51,4,1138.04,128.10,10,1281.00,70.31,-14,-773.92,352.54,6,2115.24,232.75,6,1396.50,96.72,10,967.20,0.8458,13408,0.7516536,1563,12515,288.44,12227,11260,1544
05/12/2025,155.25,10,1552.50,210.79,10,2107.90,89.14,10,891.40,104.70,10,1047.00,158.46,10,1584.60,69.53,12,834.36,311.92,3,935.76,62.58,18,1126.44,280.25,4,1121.00,131.49,10,1314.90,69.12,-14,-773.92,355.85,6,2135.10,225.57,6,1353.42,96.75,10,967.50,0.84194,13678,0.75885,1553,12694,288.44,12406,11260,1723
05/13/2025,157.05,10,1570.50,212.93,10,2129.30,87.88,10,878.80,105.20,10,1052.00,159.53,10,1595.30,68.96,12,827.52,308.69,3,926.07,62.39,18,1123.02,282.59,4,1130.36,130.82,10,1308.20,68.37,-14,-773.92,356.14,6,2136.84,222.38,6,1334.28,95.88,10,958.80,0.8407,13668,0.75163,1571,12671,288.44,12382,11260,1699
05/14/2025,156.85,10,1568.50,212.33,10,2123.30,87.57,10,875.70,106.40,10,1064.00,165.37,10,1653.70,69.16,12,829.92,307.50,3,922.50,61.73,18,1111.14,278.17,4,1112.68,131.25,10,1312.50,68.18,-14,-773.92,356.46,6,2138.76,222.47,6,1334.82,96.83,10,968.30,0.84301,13705,0.75395,1569,12736,288.44,12448,11260,1765
05/15/2025,159.10,10,1591.00,211.45,10,2114.50,89.63,10,896.30,108.13,10,1081.30,163.96,10,1639.60,71.61,12,859.32,314.48,3,943.44,62.40,18,1123.20,281.15,4,1124.60,133.04,10,1330.40,69.57,-14,-773.92,362.30,6,2173.80,228.02,6,1368.12,96.35,10,963.50,0.84117,13881,0.75149,1591,12872,288.44,12583,11260,1900
05/16/2025,160.45,10,1604.50,211.26,10,2112.60,91.23,10,912.30,108.07,10,1080.70,166.19,10,1661.90,72.00,12,864.00,318.61,3,955.83,63.11,18,1135.98,286.03,4,1144.12,133.34,10,1333.40,69.47,-14,-773.92,365.12,6,2190.72,229.87,6,1379.22,98.24,10,982.40,0.8404,13997,0.7527853,1605,12971,293.42,12677,11260,2004
05/19/2025,159.65,10,1596.50,208.78,10,2087.80,91.74,10,917.40,107.54,10,1075.40,166.54,10,1665.40,71.93,12,863.16,321.23,3,963.69,62.08,18,1117.44,288.24,4,1152.96,135.03,10,1350.30,70.26,-14,-773.92,367.90,6,2207.40,231.95,6,1391.70,98.12,10,981.20,0.84073,14019,0.7485,1597,12981,293.42,12688,11260,2014
05/20/2025,160.50,10,1605.00,206.86,10,2068.60,91.99,10,919.90,107.45,10,1074.50,163.98,10,1639.80,71.69,12,860.28,319.80,3,959.40,62.56,18,1126.08,285.63,4,1142.52,134.93,10,1349.30,71.20,-14,-773.92,366.84,6,2201.04,233.89,6,1403.34,97.80,10,978.00,0.84253,13971,0.74639,1605,12969,293.42,12675,11260,2002
05/21/2025,160.90,10,1609.00,202.09,10,2020.90,91.67,10,916.70,106.10,10,1061.00,168.56,10,1685.60,71.85,12,862.20,316.44,3,949.32,59.98,18,1079.64,281.00,4,1124.00,131.03,10,1310.30,71.39,-14,-773.92,358.30,6,2149.80,234.11,6,1404.66,96.43,10,964.30,0.84436,13790,0.74521,1609,12843,293.42,12550,11260,1876
05/22/2025,160.15,10,1601.50,202.09,10,2020.90,91.67,10,916.70,106.10,10,1061.00,170.87,10,1708.70,71.85,12,862.20,314.31,3,942.93,61.32,18,1103.76,281.00,4,1124.00,131.03,10,1310.30,71.39,-14,-773.92,357.97,6,2147.82,233.32,6,1399.92,96.43,10,964.30,0.84064,13824,0.7452,1602,12815,293.42,12521,11260,1848
05/23/2025,161.25,10,1612.50,195.27,10,1952.70,92.59,10,925.90,104.98,10,1049.80,168.47,10,1684.70,71.77,12,861.24,314.57,3,943.71,60.02,18,1080.36,277.30,4,1109.20,125.70,10,1257.00,71.75,-14,-773.92,353.54,6,2121.24,236.81,6,1420.86,96.34,10,963.40,0.8394,13633,0.7382798,1613,12634,293.42,12340,11260,1667
05/27/2025,160.30,10,1603.00,200.21,10,2002.10,92.43,10,924.30,105.22,10,1052.20,172.90,10,1729.00,71.78,12,861.36,314.95,3,944.85,62.83,18,1130.94,278.75,4,1115.00,127.96,10,1279.60,71.71,-14,-773.92,359.30,6,2155.80,238.03,6,1428.18,97.58,10,975.80,0.83889,13849,0.74001,1603,12804,293.42,12511,11260,1838
05/28/2025,158.40,10,1584.00,200.42,10,2004.20,91.76,10,917.60,104.87,10,1048.70,172.36,10,1723.60,71.15,12,853.80,312.84,3,938.52,61.78,18,1112.04,277.03,4,1108.12,126.22,10,1262.20,71.21,-14,-773.92,359.73,6,2158.38,237.15,6,1422.90,97.24,10,972.40,0.83632,13776,0.74452,1584,12701,293.42,12407,11260,1734
05/29/2025,156.00,10,1560.00,199.95,10,1999.50,92.30,10,923.00,104.98,10,1049.80,171.86,10,1718.60,71.49,12,857.88,311.86,3,935.58,61.44,18,1105.92,277.30,4,1109.20,127.07,10,1270.70,71.52,-14,-773.92,362.40,6,2174.40,237.76,6,1426.56,97.10,10,971.00,0.84271,13797,0.7407956,1560,12783,294.90,12488,11260,1818
05/30/2025,156.30,10,1563.00,200.85,10,2008.50,92.94,10,929.40,104.94,10,1049.40,171.74,10,1717.40,72.10,12,865.20,313.85,3,941.55,60.59,18,1090.62,284.93,4,1139.72,126.90,10,1269.00,71.82,-14,-773.92,365.19,6,2191.14,240.97,6,1445.82,98.72,10,987.20,0.8429,13874,0.7427765,1563,12855,294.90,12560,11260,1890
06/02/2025,155.95,10,1559.50,201.70,10,2017.00,91.93,10,919.30,104.89,10,1048.90,169.03,10,1690.30,72.00,12,864.00,312.68,3,938.04,61.57,18,1108.26,288.74,4,1154.96,128.43,10,1284.30,71.34,-14,-773.92,365.32,6,2191.92,242.10,6,1452.60,99.77,10,997.70,0.84477,13896,0.73764,1560,12889,294.90,12594,11360,1824
06/03/2025,154.55,10,1545.50,203.27,10,2032.70,90.62,10,906.20,105.85,10,1058.50,166.18,10,1661.80,71.16,12,853.92,312.39,3,937.17,62.37,18,1122.66,287.25,4,1149.00,128.12,10,1281.20,70.55,-14,-773.92,365.86,6,2195.16,240.19,6,1441.14,99.98,10,999.80,0.84128,13866,0.73902,1546,12807,294.90,12512,11360,1742
06/04/2025,156.20,10,1562.00,202.82,10,2028.20,90.20,10,902.00,106.09,10,1060.90,168.05,10,1680.50,71.37,12,856.44,311.57,3,934.71,62.77,18,1129.86,282.17,4,1128.68,128.07,10,1280.70,70.97,-14,-773.92,368.00,6,2208.00,238.89,6,1433.34,99.35,10,993.50,0.84278,13869,0.73789,1562,12841,294.90,12547,11360,1776
06/05/2025,156.05,10,1560.50,200.63,10,2006.30,90.15,10,901.50,105.57,10,1055.70,168.21,10,1682.10,70.91,12,850.92,308.98,3,926.94,62.67,18,1128.06,280.20,4,1120.80,127.37,10,1273.70,70.95,-14,-773.92,366.77,6,2200.62,238.64,6,1431.84,97.96,10,979.60,0.84328,13805,0.7364,1561,12790,294.90,12495,11360,1725
06/06/2025,155.45,10,1554.50,203.92,10,2039.20,90.24,10,902.40,104.92,10,1049.20,173.68,10,1736.80,71.35,12,856.20,307.36,3,922.08,62.80,18,1130.40,279.32,4,1117.28,128.45,10,1284.50,70.90,-14,-773.92,370.22,6,2221.32,236.33,6,1417.98,97.47,10,974.70,0.843,13903,0.7389891,1555,12869,299.78,12570,11360,1809
06/09/2025,154.20,10,1542.00,201.45,10,2014.50,90.87,10,908.70,104.60,10,1046.00,176.09,10,1760.90,71.77,12,861.24,304.78,3,914.34,61.91,18,1114.38,271.31,4,1085.24,126.35,10,1263.50,70.59,-14,-773.92,366.66,6,2199.96,233.99,6,1403.94,97.45,10,974.50,0.8429,13799,0.73764,1542,12768,299.78,12469,11360,1708
06/10/2025,154.15,10,1541.50,202.67,10,2026.70,91.94,10,919.40,105.67,10,1056.70,178.60,10,1786.00,72.35,12,868.20,300.43,3,901.29,63.87,18,1149.66,265.49,4,1061.96,126.04,10,1260.40,71.02,-14,-773.92,370.70,6,2224.20,233.99,6,1403.94,97.32,10,973.20,0.84666,13885,0.74029,1542,12897,299.78,12597,12560,636
06/11/2025,152.05,10,1520.50,198.78,10,1987.80,92.11,10,921.10,104.44,10,1044.40,177.35,10,1773.50,72.07,12,864.84,301.72,3,905.16,63.11,18,1135.98,263.22,4,1052.88,124.53,10,1245.30,70.81,-14,-773.92,373.31,6,2239.86,234.29,6,1405.74,95.80,10,958.00,0.84816,13803,0.73706,1521,12828,299.78,12528,12560,567
06/12/2025,150.20,10,1502.00,199.20,10,1992.00,93.14,10,931.40,105.25,10,1052.50,175.70,10,1757.00,72.24,12,866.88,303.16,3,909.48,62.80,18,1130.40,268.42,4,1073.68,124.46,10,1244.60,71.61,-14,-773.92,371.40,6,2228.40,237.15,6,1422.90,94.83,10,948.30,0.85124,13835,0.7338,1502,12879,299.78,12580,12560,619
06/13/2025,146.45,10,1464.50,196.45,10,1964.50,90.26,10,902.60,103.77,10,1037.70,174.67,10,1746.70,71.02,12,852.24,301.91,3,905.73,60.53,18,1089.54,267.85,4,1071.40,123.91,10,1239.10,70.50,-14,-773.92,352.85,6,2117.10,236.50,6,1419.00,94.44,10,944.40,0.8514,13572,0.7376263,1465,12635,310.61,12325,12560,386
06/16/2025,145.90,10,1459.00,198.42,10,1984.20,90.11,10,901.10,104.78,10,1047.80,176.77,10,1767.70,70.52,12,846.24,296.29,3,888.87,61.90,18,1114.20,266.43,4,1065.72,124.27,10,1242.70,70.63,-14,-773.92,355.48,6,2132.88,234.66,6,1407.96,94.29,10,942.90,0.85145,13625,0.73716,1459,12677,310.61,12366,12560,428
06/17/2025,143.35,10,1433.50,195.64,10,1956.40,88.63,10,886.30,102.06,10,1020.60,175.95,10,1759.50,69.62,12,835.44,292.31,3,876.93,60.00,18,1080.00,265.77,4,1063.08,123.01,10,1230.10,69.99,-14,-773.92,357.84,6,2147.04,234.30,6,1405.80,94.25,10,942.50,0.85488,13487,0.7446,1434,12597,310.61,12287,12560,348
06/18/2025,142.95,10,1429.50,196.58,10,1965.80,88.19,10,881.90,101.85,10,1018.50,173.32,10,1733.20,69.21,12,830.52,289.63,3,868.89,59.51,18,1071.18,260.33,4,1041.32,122.54,10,1225.40,69.86,-14,-773.92,340.38,6,2042.28,233.22,6,1399.32,95.09,10,950.90,0.85542,13304,0.74535,1430,12446,315.28,12131,12560,202
06/20/2025,141.65,10,1416.50,201.00,10,2010.00,87.78,10,877.80,101.84,10,1018.40,166.64,10,1666.40,68.84,12,826.08,287.46,3,862.38,59.79,18,1076.22,262.01,4,1048.04,123.50,10,1235.00,68.93,-14,-773.92,338.57,6,2031.42,231.94,6,1391.64,96.12,10,961.20,0.8563,13269,0.7431077,1417,12415,315.28,12100,12560,171
06/23/2025,142.85,10,1428.50,201.50,10,2015.00,88.67,10,886.70,102.28,10,1022.80,165.19,10,1651.90,69.74,12,836.88,289.52,3,868.56,60.78,18,1094.04,266.38,4,1065.52,124.76,10,1247.60,70.14,-14,-773.92,343.75,6,2062.50,234.71,6,1408.26,97.87,10,978.70,0.85619,13386,0.73826,1429,12515,318.40,12197,12560,274
06/24/2025,141.60,10,1416.00,200.30,10,2003.00,88.18,10,881.80,102.12,10,1021.20,166.77,10,1667.70,70.21,12,842.52,291.47,3,874.41,61.42,18,1105.56,266.01,4,1064.04,124.60,10,1246.00,70.13,-14,-773.92,351.63,6,2109.78,234.14,6,1404.84,98.00,10,980.00,0.85286,13447,0.73449,1416,12508,318.40,12190,12560,267
06/25/2025,140.25,10,1402.50,201.56,10,2015.60,87.80,10,878.00,101.38,10,1013.80,170.68,10,1706.80,69.63,12,835.56,285.55,3,856.65,60.83,18,1094.94,259.67,4,1038.68,122.48,10,1224.80,68.95,-14,-773.92,345.26,6,2071.56,228.58,6,1371.48,97.26,10,972.60,0.8533,13334,0.73036,1403,12402,318.40,12084,12560,161
06/26/2025,141.35,10,1413.50,201.00,10,2010.00,87.79,10,877.90,103.89,10,1038.90,173.54,10,1735.40,69.47,12,833.64,285.63,3,856.89,62.54,18,1125.72,261.62,4,1046.48,122.14,10,1221.40,68.27,-14,-773.92,346.03,6,2076.18,226.72,6,1360.32,96.02,10,960.20,0.8518,13409,0.72861,1414,12452,318.40,12133,12560,210
06/27/2025,145.10,10,1451.00,201.08,10,2010.80,88.71,10,887.10,103.35,10,1033.50,178.53,10,1785.30,70.33,12,843.96,291.55,3,874.65,72.04,18,1296.72,263.99,4,1055.96,123.38,10,1233.80,68.54,-14,-773.92,348.61,6,2091.66,228.26,6,1369.56,97.27,10,972.70,0.8542,13709,0.7287036,1451,12768,318.40,12449,12560,526
06/30/2025,141.95,10,1419.50,205.17,10,2051.70,90.90,10,909.00,104.04,10,1040.40,176.23,10,1762.30,70.75,12,849.00,292.17,5,1460.85,71.04,18,1278.72,266.86,6,1601.16,123.49,10,1234.90,68.82,-14,-773.92,355.05,6,2130.30,228.82,10,2288.20,97.78,10,977.80,0.85836,15833,0.7283,1420,14624,313.24,14311,12560,2377
07/01/2025,138.25,10,1382.50,207.82,10,2078.20,92.04,10,920.40,104.98,10,1049.80,175.84,10,1758.40,71.67,12,860.04,297.49,5,1487.45,73.41,18,1321.38,264.30,6,1585.80,125.16,10,1251.60,69.17,-14,-773.92,355.47,6,2132.82,228.80,10,2288.00,98.24,10,982.40,0.85878,15960,0.72742,1383,14712,313.24,14399,12660,2365
07/02/2025,137.80,10,1378.00,212.44,10,2124.40,92.40,10,924.00,106.60,10,1066.00,178.64,10,1786.40,70.91,12,850.92,294.63,5,1473.15,76.39,18,1375.02,257.80,6,1546.80,125.31,10,1253.10,69.06,-14,-773.92,354.22,6,2125.32,223.39,10,2233.90,97.61,10,976.10,0.86443,15985,0.7326,1378,14828,316.78,14511,12660,2484
07/03/2025,138.70,10,1387.00,213.55,10,2135.50,92.78,10,927.80,106.46,10,1064.60,179.53,10,1795.30,71.35,12,856.20,294.08,5,1470.40,76.39,18,1375.02,261.66,6,1569.96,125.86,10,1258.60,69.04,-14,-773.92,358.86,6,2153.16,227.10,10,2271.00,98.36,10,983.60,0.86118,16104,0.73162,1387,14883,325.06,14558,12660,2548
07/07/2025,139.50,10,1395.00,209.95,10,2099.50,93.33,10,933.30,102.88,10,1028.80,176.79,10,1767.90,71.01,12,852.12,293.53,5,1467.65,76.53,18,1377.54,253.54,6,1521.24,125.17,10,1251.70,69.09,-14,-773.92,356.64,6,2139.84,226.92,10,2269.20,99.35,10,993.50,0.86143,15935,0.73402,1395,14751,325.06,14426,12660,2416
07/08/2025,139.25,10,1392.50,210.01,10,2100.10,92.14,10,921.40,104.95,10,1049.50,174.36,10,1743.60,70.24,12,842.88,291.67,5,1458.35,73.92,18,1330.56,251.64,6,1509.84,125.26,10,1252.60,68.52,-14,-773.92,354.55,6,2127.30,224.87,10,2248.70,97.09,10,970.90,0.8629,15811,0.73609,1393,14668,325.06,14343,12660,2333
07/09/2025,138.85,10,1388.50,211.14,10,2111.40,91.58,10,915.80,104.75,10,1047.50,176.62,10,1766.20,69.48,12,833.76,293.02,5,1465.10,73.56,18,1324.08,250.41,6,1502.46,125.45,10,1254.50,68.40,-14,-773.92,357.76,6,2146.56,225.75,10,2257.50,96.81,10,968.10,0.86299,15851,0.73567,1389,14701,325.06,14376,12660,2366
07/10/2025,139.10,10,1391.00,212.41,10,2124.10,90.62,10,906.20,106.03,10,1060.30,177.62,10,1776.20,69.77,12,837.24,298.39,5,1491.95,74.62,18,1343.16,249.38,6,1496.28,124.16,10,1241.60,69.15,-14,-773.92,355.88,6,2135.28,225.65,10,2256.50,94.86,10,948.60,0.86165,15895,0.7364,1391,14720,325.06,14395,12660,2385
07/11/2025,138.85,10,1388.50,211.16,10,2111.60,89.58,10,895.80,105.20,10,1052.00,180.19,10,1801.90,69.87,12,838.44,299.91,5,1499.55,72.63,18,1307.34,244.98,6,1469.88,123.71,10,1237.10,68.39,-14,-773.92,347.93,6,2087.58,226.01,10,2260.10,94.40,10,944.00,0.8664,15787,0.7407956,1389,14707,325.06,14382,12660,2372
07/14/2025,139.50,10,1395.00,208.62,10,2086.20,88.85,10,888.50,103.93,10,1039.30,181.56,10,1815.60,69.47,12,833.64,301.88,5,1509.40,72.25,18,1300.50,247.37,6,1484.22,123.56,10,1235.60,68.59,-14,-773.92,350.50,6,2103.00,229.30,10,2293.00,95.78,10,957.80,0.86876,15815,0.74471,1395,14778,325.06,14453,12660,2443
07/15/2025,139.30,10,1393.00,209.11,10,2091.10,88.15,10,881.50,103.04,10,1030.40,182.00,10,1820.00,69.36,12,832.32,299.62,5,1498.10,71.99,18,1295.82,242.20,6,1453.20,121.74,10,1217.40,67.79,-14,-773.92,347.02,6,2082.12,225.84,10,2258.40,95.39,10,953.90,0.86661,15686,0.74664,1393,14634,325.44,14309,12660,2300
07/16/2025,139.05,10,1390.50,210.16,10,2101.60,87.66,10,876.60,102.88,10,1028.80,182.97,10,1829.70,69.27,12,831.24,298.90,5,1494.50,72.10,18,1297.80,246.46,6,1478.76,121.35,10,1213.50,67.86,-14,-773.92,349.90,6,2099.40,225.86,10,2258.60,95.15,10,951.50,0.8676,15737,0.745651,1391,14690,325.44,14364,12660,2355
07/17/2025,141.10,10,1411.00,210.02,10,2100.20,87.24,10,872.40,101.83,10,1018.30,183.58,10,1835.80,70.59,12,847.08,300.37,5,1501.85,72.98,18,1313.64,247.27,6,1483.62,122.17,10,1221.70,67.26,-14,-773.92,349.81,6,2098.86,225.70,10,2257.00,95.09,10,950.90,0.8647,15777,0.74446,1411,14692,325.44,14367,12660,2358
07/18/2025,140.45,10,1404.50,211.18,10,2111.80,86.84,10,868.40,99.50,10,995.00,185.06,10,1850.60,69.85,12,838.20,297.07,5,1485.35,72.47,18,1304.46,246.41,6,1478.46,122.17,10,1221.70,67.16,-14,-773.92,349.05,6,2094.30,227.32,10,2273.20,95.05,10,950.50,0.8669,15748,0.7454898,1405,14699,325.44,14373,12660,2364
07/21/2025,138.80,10,1388.00,212.48,10,2124.80,86.64,10,866.40,99.55,10,995.50,190.10,10,1901.00,70.07,12,840.84,295.74,5,1478.70,74.02,18,1332.36,245.13,6,1470.78,124.94,10,1249.40,67.12,-14,-773.92,350.94,6,2105.64,225.30,10,2253.00,95.67,10,956.70,0.86691,15845,0.74132,1388,14765,325.44,14439,12660,2430
07/22/2025,137.55,10,1375.50,214.40,10,2144.00,88.70,10,887.00,100.37,10,1003.70,191.34,10,1913.40,69.66,12,835.92,299.17,5,1495.85,75.39,18,1357.02,247.37,6,1484.22,125.60,10,1256.00,67.88,-14,-773.92,351.86,6,2111.16,227.09,10,2270.90,95.85,10,958.50,0.86814,15985,0.73956,1376,14895,325.44,14569,12660,2560
07/23/2025,137.85,10,1378.50,214.15,10,2141.50,88.79,10,887.90,96.27,10,962.70,190.23,10,1902.30,69.16,12,829.92,298.12,5,1490.60,76.75,18,1381.50,247.53,6,1485.18,126.36,10,1263.60,68.49,-14,-773.92,355.29,6,2131.74,228.12,10,2281.20,95.68,10,956.80,0.86699,15984,0.7364,1379,14873,325.44,14548,12660,2539
07/24/2025,137.00,10,1370.00,213.76,10,2137.60,88.45,10,884.50,95.42,10,954.20,192.17,10,1921.70,69.10,12,829.20,294.48,5,1472.40,75.42,18,1357.56,247.38,6,1484.28,126.26,10,1262.60,68.67,-14,-773.92,353.97,6,2123.82,230.61,10,2306.10,96.60,10,966.00,0.8702,15960,0.74019,1370,14902,325.44,14577,12660,2568
07/25/2025,134.20,10,1342.00,213.88,10,2138.80,87.93,10,879.30,95.87,10,958.70,193.18,10,1931.80,69.17,12,830.04,298.47,5,1492.35,76.27,18,1372.86,250.10,6,1500.60,126.44,10,1264.40,67.98,-14,-773.92,357.04,6,2142.24,229.67,10,2296.70,97.47,10,974.70,0.8743,16034,0.7443245,1342,15017,325.44,14692,12660,2683
07/28/2025,134.85,10,1348.50,214.05,10,2140.50,86.47,10,864.70,95.01,10,950.10,192.58,10,1925.80,68.09,12,817.08,299.22,5,1496.10,79.24,18,1426.32,240.97,6,1445.82,125.39,10,1253.90,66.61,-14,-773.92,355.47,6,2132.82,227.90,10,2279.00,97.61,10,976.10,0.86795,15958,0.74849,1349,14860,325.44,14535,12660,2526
07/29/2025,135.65,10,1356.50,211.27,10,2112.70,86.86,10,868.60,95.20,10,952.00,195.75,10,1957.50,69.38,12,832.56,302.67,5,1513.35,78.33,18,1409.94,241.49,6,1448.94,126.37,10,1263.70,66.75,-14,-773.92,351.29,6,2107.74,235.56,10,2355.60,98.33,10,983.30,0.86493,16049,0.74886,1357,14897,325.44,14571,12660,2562
07/30/2025,137.50,10,1375.00,209.05,10,2090.50,85.80,10,858.00,94.23,10,942.30,196.53,10,1965.30,68.75,12,825.00,303.61,5,1518.05,76.68,18,1380.24,241.71,6,1450.26,125.81,10,1258.10,66.39,-14,-773.92,350.91,6,2105.46,232.51,10,2325.10,97.59,10,975.90,0.86202,15944,0.75428,1375,14782,325.44,14456,12660,2447
07/31/2025,136.70,10,1367.00,207.57,10,2075.70,83.85,10,838.50,93.45,10,934.50,191.90,10,1919.00,67.89,12,814.68,300.07,5,1500.35,74.69,18,1344.42,242.04,6,1452.24,124.53,10,1245.30,65.73,-14,-773.92,345.47,6,2072.82,229.16,10,2291.60,97.98,10,979.80,0.86474,15715,0.75701,1367,14624,325.44,14299,12660,2290
08/01/2025,133.10,10,1331.00,202.38,10,2023.80,83.51,10,835.10,92.86,10,928.60,189.13,10,1891.30,68.86,12,826.32,302.89,5,1514.45,74.62,18,1343.16,241.09,6,1446.54,126.00,10,1260.00,68.03,-14,-773.92,339.35,6,2036.10,228.88,10,2288.80,98.49,10,984.90,0.8726,15620,0.752842,1331,14632,325.44,14307,12760,2198
08/04/2025,133.75,10,1337.50,203.35,10,2033.50,83.36,10,833.60,93.72,10,937.20,195.04,10,1950.40,68.96,12,827.52,304.23,5,1521.15,74.82,18,1346.76,241.58,6,1449.48,129.22,10,1292.20,67.69,-14,-773.92,342.15,6,2052.90,230.54,10,2305.40,99.59,10,995.90,0.87109,15776,0.75202,1338,14748,325.44,14423,12760,2314
08/05/2025,131.40,10,1314.00,202.92,10,2029.20,83.06,10,830.60,94.17,10,941.70,194.67,10,1946.70,69.05,12,828.60,298.77,5,1493.85,74.38,18,1338.84,242.94,6,1457.64,128.77,10,1287.70,67.65,-14,-773.92,337.43,6,2024.58,229.78,10,2297.80,99.31,10,993.10,0.87059,15703,0.75191,1314,14659,325.44,14334,12760,2225
08/06/2025,123.60,10,1236.00,213.25,10,2132.50,84.61,10,846.10,94.14,10,941.40,196.09,10,1960.90,69.51,12,834.12,307.66,5,1538.30,75.48,18,1358.64,247.52,6,1485.12,132.10,10,1321.00,68.41,-14,-773.92,339.74,6,2038.44,231.60,10,2316.00,103.36,10,1033.60,0.87304,15999,0.74862,1236,14893,325.44,14567,12760,2458
08/07/2025,124.20,10,1242.00,220.03,10,2200.30,84.71,10,847.10,92.49,10,924.90,196.52,10,1965.20,70.43,12,845.16,307.91,5,1539.55,74.35,18,1338.30,245.31,6,1471.86,131.98,10,1319.80,68.99,-14,-773.92,332.09,6,1992.54,233.22,10,2332.20,103.12,10,1031.20,0.86796,16003,0.74341,1242,14813,325.44,14488,12760,2379
08/08/2025,118.80,10,1188.00,229.35,10,2293.50,84.69,10,846.90,92.57,10,925.70,201.42,10,2014.20,70.34,12,844.08,305.45,5,1527.25,74.19,18,1335.42,246.51,6,1479.06,131.37,10,1313.70,68.69,-14,-773.92,336.78,6,2020.68,235.09,10,2350.90,103.73,10,1037.30,0.866,16177,0.7434944,1188,14893,325.44,14568,12760,2458
08/11/2025,116.60,10,1166.00,227.18,10,2271.80,84.45,10,844.50,93.24,10,932.40,201.00,10,2010.00,70.75,12,849.00,304.36,5,1521.80,74.02,18,1332.36,244.88,6,1469.28,132.40,10,1324.00,68.51,-14,-773.92,335.90,6,2015.40,237.10,10,2371.00,103.93,10,1039.30,0.8646,16168,0.74431,1166,14846,325.44,14521,12760,2412
08/12/2025,115.75,10,1157.50,229.65,10,2296.50,84.97,10,849.70,93.79,10,937.90,203.34,10,2033.40,70.71,12,848.52,301.64,5,1508.20,74.90,18,1348.20,243.04,6,1458.24,133.39,10,1333.90,68.72,-14,-773.92,336.74,6,2020.44,232.98,10,2329.80,103.62,10,1036.20,0.86468,16191,0.7405104,1158,14857,325.44,14532,12760,2423
08/13/2025,112.00,10,1120.00,233.33,10,2333.30,86.34,10,863.40,93.89,10,938.90,201.96,10,2019.60,70.46,12,845.52,305.07,5,1525.35,77.20,18,1389.60,249.19,6,1495.14,134.10,10,1341.00,70.25,-14,-773.92,342.55,6,2055.30,229.90,10,2299.00,100.99,10,1009.90,0.86214,16332,0.73609,1120,14905,325.44,14580,12760,2470
08/14/2025,113.70,10,1137.00,232.78,10,2327.80,84.65,10,846.50,92.76,10,927.60,202.94,10,2029.40,69.55,12,834.60,308.95,5,1544.75,76.39,18,1375.02,250.95,6,1505.70,132.95,10,1329.50,69.39,-14,-773.92,345.49,6,2072.94,226.15,10,2261.50,100.85,10,1008.50,0.86103,16281,0.73906,1137,14859,325.44,14534,12760,2425
08/15/2025,113.45,10,1134.50,231.59,10,2315.90,85.07,10,850.70,93.34,10,933.40,203.90,10,2039.00,69.92,12,839.04,308.93,5,1544.65,76.97,18,1385.46,247.15,6,1482.90,132.62,10,1326.20,68.63,-14,-773.92,344.47,6,2066.82,226.81,10,2268.10,100.00,10,1000.00,0.8634,16278,0.7374087,1135,14891,327.07,14564,12760,2458
08/18/2025,112.95,10,1129.50,230.89,10,2308.90,84.26,10,842.60,93.21,10,932.10,203.50,10,2035.00,69.13,12,829.56,308.70,5,1543.50,77.43,18,1393.74,247.09,6,1482.54,133.06,10,1330.60,68.95,-14,-773.92,342.74,6,2056.44,224.20,10,2242.00,100.70,10,1007.00,0.86375,16223,0.74029,1130,14849,327.07,14522,12760,2416
08/19/2025,112.35,10,1123.50,230.56,10,2305.60,85.85,10,858.50,94.35,10,943.50,201.57,10,2015.70,70.13,12,841.56,310.93,5,1554.65,76.88,18,1383.84,250.64,6,1503.84,134.62,10,1346.20,69.72,-14,-773.92,342.45,6,2054.70,228.49,10,2284.90,101.29,10,1012.90,0.86324,16319,0.7414657,1124,14920,330.33,14590,12760,2491
08/20/2025,118.10,10,1181.00,226.01,10,2260.10,86.05,10,860.50,93.81,10,938.10,199.32,10,1993.20,70.70,12,848.40,313.08,5,1565.40,76.26,18,1372.68,252.68,6,1516.08,138.27,10,1382.70,71.51,-14,-773.92,343.93,6,2063.58,230.03,10,2300.30,102.57,10,1025.70,0.86528,16327,0.74259,1181,15005,330.33,14674,12760,2575
08/21/2025,114.75,10,1147.50,224.90,10,2249.00,86.28,10,862.80,94.03,10,940.30,199.75,10,1997.50,70.66,12,847.92,313.22,5,1566.10,76.18,18,1371.24,248.95,6,1493.70,137.51,10,1375.10,71.18,-14,-773.92,343.69,6,2062.14,229.61,10,2296.10,97.96,10,979.60,0.8654,16288,0.74519,1148,14951,330.33,14620,12760,2521
08/22/2025,115.30,13,1498.90,227.76,10,2277.60,85.94,10,859.40,95.94,14,1343.16,206.09,10,2060.90,70.13,12,841.56,314.07,5,1570.35,78.38,18,1410.84,249.21,6,1495.26,136.54,10,1365.40,70.94,-14,-773.92,350.04,6,2100.24,227.02,10,2270.20,96.83,10,968.30,0.8669,16821,0.7394262,1499,15690,324.35,15366,13070,2945
08/28/2025,109.30,13,1420.90,232.56,10,2325.60,83.42,10,834.20,96.10,14,1345.40,211.64,10,2116.40,68.36,12,820.32,312.22,5,1561.10,77.92,18,1402.56,246.11,6,1476.66,137.12,10,1371.20,70.17,-14,-773.92,349.86,6,2099.16,224.58,10,2245.80,96.11,10,961.10,0.86454,16824,0.74013,1421,15597,324.35,15273,13070,2851
08/29/2025,107.60,13,1398.80,232.14,10,2321.40,84.07,10,840.70,96.78,14,1354.92,212.91,10,2129.10,68.99,12,827.88,313.54,5,1567.70,77.37,18,1392.66,247.06,6,1482.36,136.61,10,1366.10,71.10,-14,-773.92,351.78,6,2110.68,226.39,10,2263.90,96.98,10,969.80,0.86474,16883,0.7404117,1399,15636,324.35,15311,13070,2890
09/02/2025,104.35,13,1356.55,229.72,10,2297.20,84.39,10,843.90,96.63,14,1352.82,211.35,10,2113.50,69.06,12,828.72,315.76,5,1578.80,74.29,18,1337.22,245.86,6,1475.16,138.57,10,1385.70,71.48,-14,-773.92,350.07,6,2100.42,225.73,10,2257.30,97.85,10,978.50,0.86924,16797,0.74719,1357,15614,324.35,15290,13270,2668
09/03/2025,104.40,13,1357.20,238.47,10,2384.70,83.81,10,838.10,96.58,14,1352.12,230.66,10,2306.60,68.99,12,827.88,316.39,5,1581.95,74.74,18,1345.32,246.72,6,1480.32,139.47,10,1394.70,72.27,-14,-773.92,350.87,6,2105.22,224.41,10,2244.10,99.44,10,994.40,0.86746,17087,0.74396,1357,15832,324.35,15508,13270,2886
09/04/2025,107.30,13,1394.90,239.78,10,2397.80,83.67,10,836.70,96.74,14,1354.36,232.30,10,2323.00,68.25,12,819.00,316.99,5,1584.95,75.35,18,1356.30,249.01,6,1494.06,141.02,10,1410.20,73.14,-14,-773.92,350.99,6,2105.94,224.95,10,2249.50,100.93,10,1009.30,0.86701,17158,0.7438,1395,15914,328.07,15586,13270,2972
09/05/2025,108.20,15,1623.00,239.69,10,2396.90,85.13,10,851.30,96.55,14,1351.70,235.00,10,2350.00,67.96,12,815.52,314.38,5,1571.90,73.91,21,1552.11,243.86,6,1463.16,139.26,10,1392.60,72.35,-14,-773.92,343.22,6,2059.32,220.06,10,2200.60,100.51,10,1005.10,0.8675,17231,0.7402472,1623,16149,324.74,15825,13420,3054
09/08/2025,110.05,15,1650.75,237.88,10,2378.80,84.19,10,841.90,95.25,14,1333.50,234.04,10,2340.40,67.43,12,809.16,312.80,5,1564.00,74.15,21,1557.15,245.94,6,1475.64,140.84,10,1408.40,72.00,-14,-773.92,342.30,6,2053.80,219.05,10,2190.50,102.28,10,1022.80,0.86833,17179,0.73784,1651,16135,324.74,15811,13420,3040
09/09/2025,109.15,15,1637.25,234.35,10,2343.50,84.28,10,842.80,93.24,14,1305.36,239.63,10,2396.30,67.86,12,814.32,312.52,5,1562.60,73.60,21,1545.60,243.26,6,1459.56,139.97,10,1399.70,70.97,-14,-773.92,343.99,6,2063.94,219.16,10,2191.60,102.29,10,1022.90,0.8655,17151,0.7395848,1637,16055,324.74,15731,13420,2960
09/10/2025,105.50,15,1582.50,226.79,10,2267.90,83.20,10,832.00,92.41,14,1293.74,239.17,10,2391.70,67.82,12,813.84,305.94,5,1529.70,74.25,21,1559.25,246.41,6,1478.46,139.86,10,1398.60,70.63,-14,-773.92,338.12,6,2028.72,217.69,10,2176.90,100.41,10,1004.10,0.86466,16997,0.73884,1583,15866,324.74,15541,13420,2770
09/11/2025,106.80,15,1602.00,230.03,10,2300.30,84.06,10,840.60,93.93,14,1315.02,240.37,10,2403.70,67.62,12,811.44,308.43,5,1542.15,74.33,21,1560.93,248.80,6,1492.80,140.83,10,1408.30,71.43,-14,-773.92,343.49,6,2060.94,220.50,10,2205.00,102.65,10,1026.50,0.86426,17167,0.73656,1602,16017,324.74,15692,13420,2922
09/12/2025,112.30,15,1684.50,234.07,10,2340.70,83.28,10,832.80,93.42,14,1307.88,240.80,10,2408.00,67.01,12,804.12,305.40,5,1527.00,73.00,21,1533.00,248.28,6,1489.68,139.48,10,1394.80,70.75,-14,-773.92,339.43,6,2036.58,218.16,10,2181.60,103.49,10,1034.90,0.8656,17082,0.7375719,1685,16029,324.74,15704,13420,2934
09/15/2025,110.60,15,1659.00,236.70,10,2367.00,82.13,10,821.30,95.34,14,1334.76,251.61,10,2516.10,66.21,12,794.52,302.07,5,1510.35,73.03,21,1533.63,245.65,6,1473.90,141.17,10,1411.70,70.11,-14,-773.92,339.05,6,2034.30,216.13,10,2161.30,103.69,10,1036.90,0.86476,17185,0.73515,1659,16080,324.74,15756,13420,2985
09/16/2025,110.35,15,1655.25,238.15,10,2381.50,81.48,10,814.80,95.64,14,1338.96,251.16,10,2511.60,66.24,12,794.88,303.29,5,1516.45,72.75,21,1527.75,244.97,6,1469.82,139.55,10,1395.50,69.59,-14,-773.92,340.03,6,2040.18,213.88,10,2138.80,103.42,10,1034.20,0.86941,17156,0.73239,1655,16128,324.74,15803,13420,3033
09/17/2025,109.95,15,1649.25,238.99,10,2389.90,82.22,10,822.20,94.66,14,1325.24,249.53,10,2495.30,67.04,12,804.48,304.97,5,1524.85,72.31,21,1518.51,243.61,6,1461.66,140.04,10,1400.40,70.22,-14,-773.92,346.20,6,2077.20,215.66,10,2156.60,104.27,10,1042.70,0.86762,17202,0.73369,1649,16135,326.04,15809,13420,3041
09/18/2025,116.50,15,1747.50,237.88,10,2378.80,81.53,10,815.30,93.51,14,1309.14,252.03,10,2520.30,66.46,12,797.52,301.14,5,1505.70,72.10,21,1514.10,242.00,6,1452.00,139.93,10,1399.30,69.14,-14,-773.92,338.18,6,2029.08,215.92,10,2159.20,103.60,10,1036.00,0.86965,17107,0.73768,1748,16166,331.54,15834,13420,3077
09/19/2025,114.10,15,1711.50,245.50,10,2455.00,81.17,10,811.70,93.32,14,1306.48,254.72,10,2547.20,66.43,12,797.16,302.38,5,1511.90,70.89,21,1488.69,242.34,6,1454.04,139.78,10,1397.80,68.85,-14,-773.92,341.61,6,2049.66,216.40,10,2164.00,102.33,10,1023.30,0.8717,17210,0.74206,1712,16272,340.48,15931,13420,3192
09/22/2025,113.55,15,1703.25,256.08,10,2560.80,79.36,10,793.60,92.01,14,1288.14,252.53,10,2525.30,66.21,12,794.52,302.99,5,1514.95,71.28,21,1496.88,241.15,6,1446.90,139.41,10,1394.10,68.05,-14,-773.92,344.36,6,2066.16,216.99,10,2169.90,102.82,10,1028.20,0.8731,17277,0.73992,1703,16345,340.48,16005,13420,3266
09/23/2025,113.70,15,1705.50,254.43,10,2544.30,80.15,10,801.50,92.23,14,1291.22,251.66,10,2516.60,66.71,12,800.52,303.19,5,1515.95,70.93,21,1489.53,238.61,6,1431.66,139.72,10,1397.20,68.15,-14,-773.92,338.70,6,2032.20,218.23,10,2182.30,102.52,10,1025.20,0.87359,17229,0.7394,1706,16312,340.48,15972,13420,3233
09/24/2025,112.90,15,1693.50,252.31,10,2523.10,81.13,10,811.30,92.15,14,1290.10,247.14,10,2471.40,66.45,12,797.40,303.19,5,1515.95,70.93,21,1489.53,240.00,6,1440.00,140.44,10,1404.40,67.60,-14,-773.92,338.68,6,2032.08,219.42,10,2194.20,102.73,10,1027.30,0.873,17196,0.7433618,1694,16271,340.48,15930,13420,3191
09/25/2025,112.60,15,1689.00,256.87,10,2568.70,79.70,10,797.00,92.40,14,1293.60,245.79,10,2457.90,65.98,12,791.76,303.19,5,1515.95,70.93,21,1489.53,242.19,6,1453.14,141.46,10,1414.60,66.75,-14,-773.92,334.93,6,2009.58,217.16,10,2171.60,103.05,10,1030.50,0.87445,17189,0.74982,1689,16298,340.48,15957,13420,3218
09/26/2025,112.25,15,1683.75,255.46,10,2554.60,79.59,10,795.90,92.88,14,1300.32,246.54,10,2465.40,65.67,12,788.04,305.24,5,1526.20,69.31,21,1455.51,243.48,6,1460.88,143.09,10,1430.90,66.69,-14,-773.92,337.37,6,2024.22,218.69,10,2186.90,103.16,10,1031.60,0.8737,17215,0.7461016,1684,16297,340.48,15956,13420,3217
09/29/2025,113.90,15,1708.50,254.43,10,2544.30,80.40,10,804.00,93.90,14,1314.60,244.05,10,2440.50,66.04,12,792.48,302.99,5,1514.95,69.55,21,1460.55,244.40,6,1466.40,143.52,10,1435.20,66.57,-14,-773.92,340.16,6,2040.96,219.43,10,2194.30,103.08,10,1030.80,0.8731,17234,0.7442,1709,16319,340.48,15978,13420,3239
09/30/2025,116.15,15,1742.25,254.63,10,2546.30,79.94,10,799.40,94.30,14,1320.20,243.10,10,2431.00,66.32,12,795.84,303.89,5,1519.45,69.73,21,1464.33,246.95,6,1481.70,144.54,10,1445.40,66.69,-14,-773.92,341.38,6,2048.28,220.83,10,2208.30,103.06,10,1030.60,0.87294,17286,0.74386,1742,16386,345.69,16040,13420,3312
10/01/2025,114.25,15,1713.75,255.45,10,2554.50,79.01,10,790.10,94.46,14,1322.44,244.90,10,2449.00,66.78,12,801.36,300.52,5,1502.60,74.20,21,1558.20,246.46,6,1478.76,144.32,10,1443.20,66.16,-14,-773.92,347.83,6,2086.98,219.87,10,2198.70,101.96,10,1019.60,0.87041,17412,0.74183,1714,16427,350.66,16076,13620,3157
10/02/2025,115.05,15,1725.75,257.13,10,2571.30,78.31,10,783.10,94.47,14,1322.58,245.69,10,2456.90,66.10,12,793.20,299.88,5,1499.40,74.57,21,1565.97,243.50,6,1461.00,142.49,10,1424.90,66.31,-14,-773.92,345.95,6,2075.70,216.91,10,2169.10,101.70,10,1017.00,0.87193,17349,0.74368,1726,16411,350.66,16060,13620,3141
10/03/2025,112.25,15,1683.75,258.02,10,2580.20,78.00,10,780.00,96.38,14,1349.32,245.35,10,2453.50,66.65,12,799.80,300.98,5,1504.90,71.93,21,1510.53,245.70,6,1474.20,141.33,10,1413.30,66.44,-14,-773.92,349.84,6,2099.04,219.76,10,2197.60,102.07,10,1020.70,0.8711,17388,0.7419498,1684,16396,359.06,16037,13620,3135
10/06/2025,112.85,15,1692.75,256.69,10,2566.90,77.45,10,774.50,96.61,14,1352.54,250.43,10,2504.30,66.10,12,793.20,296.04,5,1480.20,71.17,21,1494.57,240.50,6,1443.00,143.11,10,1431.10,65.90,-14,-773.92,349.28,6,2095.68,217.69,10,2176.90,102.70,10,1027.00,0.86836,17339,0.74157,1693,16312,359.06,15953,13620,3051
10/07/2025,110.80,15,1662.00,256.48,10,2564.80,79.11,10,791.10,96.94,14,1357.16,245.76,10,2457.60,66.79,12,801.48,296.32,5,1481.60,68.91,21,1447.11,243.89,6,1463.34,142.66,10,1426.60,65.94,-14,-773.92,352.42,6,2114.52,217.56,10,2175.60,103.24,10,1032.40,0.8683,17307,0.7451,1662,16266,359.06,15907,13620,3005
10/08/2025,110.85,15,1662.75,258.06,10,2580.60,78.00,10,780.00,96.36,14,1349.04,244.62,10,2446.20,66.12,12,793.44,294.40,5,1472.00,69.09,21,1450.89,243.06,6,1458.36,140.71,10,1407.10,65.97,-14,-773.92,351.36,6,2108.16,219.98,10,2199.80,102.90,10,1029.00,0.86779,17272,0.74619,1663,16229,359.06,15870,13620,2968
10/09/2025,110.00,15,1650.00,254.04,10,2540.40,77.81,10,778.10,95.48,14,1336.72,241.53,10,2415.30,66.37,12,796.44,293.81,5,1469.05,68.06,21,1429.26,242.16,6,1452.96,138.56,10,1385.60,66.30,-14,-773.92,347.04,6,2082.24,217.53,10,2175.30,101.77,10,1017.70,0.86933,17087,0.7516,1650,16095,359.06,15736,13620,2834
10/10/2025,109.30,15,1639.50,245.27,10,2452.70,77.96,10,779.60,94.45,14,1322.30,236.57,10,2365.70,67.04,12,804.48,297.01,5,1485.05,65.22,21,1369.62,240.00,6,1440.00,140.38,10,1403.80,67.98,-14,-773.92,343.65,6,2061.90,219.25,10,2192.50,101.84,10,1018.40,0.8699,16904,0.7488393,1640,15932,359.06,15573,13620,2671
10/13/2025,110.15,15,1652.25,247.66,10,2476.60,76.98,10,769.80,96.13,14,1345.82,244.15,10,2441.50,66.80,12,801.60,300.11,5,1500.55,67.38,21,1414.98,236.28,6,1417.68,141.39,10,1413.90,67.60,-14,-773.92,343.30,6,2059.80,217.09,10,2170.90,102.12,10,1021.20,0.8675,17039,0.75004,1652,16021,359.06,15662,13620,2760
10/14/2025,109.95,15,1649.25,247.77,10,2477.70,78.40,10,784.00,95.85,14,1341.90,245.45,10,2454.50,67.51,12,810.12,304.56,5,1522.80,67.64,21,1420.44,240.40,6,1442.40,144.10,10,1441.00,68.61,-14,-773.92,348.38,6,2090.28,218.11,10,2181.10,107.21,10,1072.10,0.87094,17192,0.75066,1649,16212,359.44,15852,13620,2951
10/15/2025,109.75,15,1646.25,249.34,10,2493.40,77.63,10,776.30,97.13,14,1359.82,251.03,10,2510.30,67.08,12,804.96,305.25,5,1526.25,68.46,21,1437.66,226.50,6,1359.00,145.16,10,1451.60,68.49,-14,-773.92,345.69,6,2074.14,213.69,10,2136.90,109.03,10,1090.30,0.86879,17156,0.74602,1646,16133,359.44,15774,13620,2873
10/16/2025,109.50,15,1642.50,247.45,10,2474.50,78.08,10,780.80,94.66,14,1325.24,251.46,10,2514.60,67.59,12,811.08,305.33,5,1526.65,66.84,21,1403.64,221.74,6,1330.44,142.55,10,1425.50,69.77,-14,-773.92,335.40,6,2012.40,213.29,10,2132.90,106.47,10,1064.70,0.87012,16964,0.74374,1643,15982,359.44,15623,13620,2722
10/17/2025,109.15,15,1637.25,252.29,10,2522.90,79.12,10,791.20,95.68,16,1530.88,253.30,10,2533.00,68.44,12,821.28,308.09,5,1540.45,67.37,23,1549.51,225.61,6,1353.66,143.84,10,1438.40,71.01,-14,-773.92,341.89,6,2051.34,215.48,10,2154.80,107.73,10,1077.30,0.868,17514,0.7447125,1637,16421,355.96,16065,13620,3157
10/20/2025,110.20,15,1653.00,262.24,10,2622.40,78.75,10,787.50,95.36,16,1525.76,256.55,10,2565.50,68.44,12,821.28,307.77,5,1538.85,67.62,23,1555.26,219.38,6,1316.28,143.33,10,1433.30,70.75,-14,-773.92,344.41,6,2066.46,215.40,10,2154.00,107.05,10,1070.50,0.86861,17613,0.74598,1653,16532,355.96,16176,13620,3268
10/21/2025,111.35,15,1670.25,262.77,10,2627.70,78.62,10,786.20,94.99,16,1519.84,250.46,10,2504.60,71.22,12,854.64,307.48,5,1537.40,68.36,23,1572.28,221.60,6,1329.60,143.91,10,1439.10,70.13,-14,-773.92,344.41,6,2066.46,214.89,10,2148.90,106.22,10,1062.20,0.8679,17613,0.74821,1670,16536,355.96,16180,13620,3272
10/22/2025,112.75,15,1691.25,258.45,10,2584.50,79.86,10,798.60,96.11,16,1537.76,251.69,10,2516.90,70.81,12,849.72,310.11,5,1550.55,69.08,23,1588.84,222.63,6,1335.78,143.06,10,1430.60,69.95,-14,-773.92,345.36,6,2072.16,216.46,10,2164.60,107.14,10,1071.40,0.86939,17656,0.74896,1691,16617,355.96,16261,13620,3353
10/23/2025,112.85,15,1692.75,259.58,10,2595.80,78.44,10,784.40,95.96,16,1535.36,253.08,10,2530.80,69.94,12,839.28,306.97,5,1534.85,69.68,23,1602.64,220.59,6,1323.54,142.40,10,1424.00,70.11,-14,-773.92,345.96,6,2075.76,216.11,10,2161.10,106.86,10,1068.60,0.87167,17634,0.75033,1693,16641,355.96,16285,13620,3377
10/24/2025,114.10,15,1711.50,262.82,10,2628.20,78.00,10,780.00,95.32,16,1525.12,259.92,10,2599.20,69.71,12,836.52,305.79,5,1528.95,69.11,23,1589.53,219.09,6,1314.54,141.91,10,1419.10,70.50,-14,-773.92,347.38,6,2084.28,214.66,10,2146.60,106.17,10,1061.70,0.8735,17678,0.7514842,1712,16728,355.96,16372,13620,3464
10/27/2025,112.70,15,1690.50,268.81,10,2688.10,77.83,10,778.30,94.77,16,1516.32,269.27,10,2692.70,70.06,12,840.72,310.00,5,1550.00,68.59,23,1577.57,216.59,6,1299.54,143.27,10,1432.70,70.55,-14,-773.92,347.82,6,2086.92,213.77,10,2137.70,104.47,10,1044.70,0.8733,17827,0.749569,1691,16835,355.96,16479,13620,3571
10/28/2025,110.70,15,1660.50,269.00,10,2690.00,77.14,10,771.40,94.73,16,1515.68,267.47,10,2674.70,70.16,12,841.92,306.40,5,1532.00,67.43,23,1550.89,211.91,6,1271.46,144.03,10,1440.30,69.66,-14,-773.92,346.90,6,2081.40,204.23,10,2042.30,103.17,10,1031.70,0.87783,17638,0.75305,1661,16734,355.96,16378,13620,3470
10/29/2025,106.00,15,1590.00,269.70,10,2697.00,75.73,10,757.30,93.17,16,1490.72,274.57,10,2745.70,68.35,12,820.20,302.35,5,1511.75,65.35,23,1503.05,207.97,6,1247.82,141.69,10,1416.90,68.59,-14,-773.92,341.28,6,2047.68,197.53,10,1975.30,102.46,10,1024.60,0.8793,17440,0.75784,1590,16540,355.96,16184,13620,3275
10/30/2025,105.20,15,1578.00,271.40,10,2714.00,76.51,10,765.10,93.30,16,1492.80,281.48,10,2814.80,68.98,12,827.76,302.43,5,1512.15,64.90,23,1492.70,206.97,6,1241.82,142.29,10,1422.90,68.48,-14,-773.92,345.03,6,2070.18,200.57,10,2005.70,102.23,10,1022.30,0.87935,17586,0.75993,1578,16663,355.96,16307,13620,3399
10/31/2025,106.25,15,1593.75,270.37,10,2703.70,77.05,10,770.50,95.91,16,1534.56,281.19,10,2811.90,68.90,12,826.80,298.43,5,1492.15,64.59,23,1485.57,206.00,6,1236.00,140.14,10,1401.40,67.71,-14,-773.92,340.74,6,2044.44,199.77,10,1997.70,101.18,10,1011.80,0.8815,17531,0.7601095,1594,16665,355.96,16309,13620,3401
11/03/2025,106.00,15,1590.00,269.05,10,2690.50,74.98,10,749.80,95.62,16,1529.92,283.72,10,2837.20,67.97,12,815.64,296.37,5,1481.85,62.65,23,1440.95,203.70,6,1222.20,140.41,10,1404.10,68.25,-14,-773.92,336.90,6,2021.40,196.77,10,1967.70,101.59,10,1015.90,0.87692,17387,0.76131,1590,16458,355.96,16102,13820,2994
11/04/2025,107.00,15,1605.00,270.04,10,2700.40,76.55,10,765.50,95.76,16,1532.16,277.54,10,2775.40,68.66,12,823.92,299.21,5,1496.05,61.23,23,1408.29,209.59,6,1257.54,142.05,10,1420.50,68.41,-14,-773.92,340.30,6,2041.80,200.68,10,2006.80,102.27,10,1022.70,0.882,17454,0.7679489,1605,16627,355.96,16271,13820,3163
11/05/2025,108.85,15,1632.75,270.14,10,2701.40,76.91,10,769.10,96.02,16,1536.32,284.31,10,2843.10,68.51,12,822.12,305.67,5,1528.35,62.11,23,1428.53,208.94,6,1253.64,143.70,10,1437.00,68.95,-14,-773.92,340.04,6,2040.24,200.54,10,2005.40,101.47,10,1014.70,0.88078,17591,0.7661309,1633,16745,355.96,16389,13820,3281
11/06/2025,100.40,15,1506.00,269.77,10,2697.70,77.27,10,772.70,94.54,16,1512.64,284.75,10,2847.50,69.06,12,828.72,298.41,5,1492.05,61.89,23,1423.47,209.61,6,1257.66,143.77,10,1437.70,68.52,-14,-773.92,336.96,6,2021.76,199.62,10,1996.20,101.68,10,1016.80,0.87882,17514,0.76098,1506,16538,355.96,16182,13820,3074
11/07/2025,96.54,15,1448.10,268.47,10,2684.70,78.76,10,787.60,95.03,16,1520.48,278.83,10,2788.30,70.55,12,846.60,299.66,5,1498.30,61.09,23,1405.07,217.27,6,1303.62,144.61,10,1446.10,69.15,-14,-773.92,336.02,6,2016.12,201.92,10,2019.20,102.59,10,1025.90,0.8791,17542,0.7598784,1448,16522,355.96,16166,13820,3058
11/10/2025,93.64,15,1404.60,269.43,10,2694.30,78.47,10,784.70,94.51,16,1512.16,290.10,10,2901.00,70.52,12,846.24,299.10,5,1495.50,60.80,23,1398.40,217.53,6,1305.18,146.72,10,1467.20,68.41,-14,-773.92,334.85,6,2009.10,200.47,10,2004.70,102.42,10,1024.20,0.87731,17645,0.75913,1405,16546,355.96,16190,13820,3082
11/11/2025,95.82,15,1437.30,275.25,10,2752.50,79.47,10,794.70,95.96,16,1535.36,291.31,10,2913.10,71.61,12,859.32,306.83,5,1534.15,63.15,23,1452.45,219.91,6,1319.46,146.16,10,1461.60,68.70,-14,-773.92,338.92,6,2033.52,203.27,10,2032.70,103.44,10,1034.40,0.88092,17915,0.76029,1437,16874,355.96,16518,13820,3410
11/12/2025,93.56,15,1403.40,273.47,10,2734.70,78.56,10,785.60,97.87,16,1565.92,286.71,10,2867.10,71.51,12,858.12,306.94,5,1534.70,64.20,23,1476.60,221.87,6,1331.22,147.63,10,1476.30,68.61,-14,-773.92,338.88,6,2033.28,203.80,10,2038.00,103.44,10,1034.40,0.88294,17928,0.76174,1403,16898,355.96,16542,13820,3434
11/13/2025,93.86,15,1407.90,272.95,10,2729.50,78.79,10,787.90,96.61,16,1545.76,278.57,10,2785.70,71.07,12,852.84,307.58,5,1537.90,66.03,23,1518.69,223.15,6,1338.90,146.40,10,1464.00,67.87,-14,-773.92,336.08,6,2016.48,204.51,10,2045.10,102.54,10,1025.40,0.88422,17849,0.76033,1408,16853,355.96,16497,13820,3389
11/14/2025,94.44,15,1416.60,272.41,10,2724.10,78.05,10,780.50,96.15,16,1538.40,276.41,10,2764.10,71.16,12,853.92,307.03,5,1535.15,64.17,23,1475.91,225.18,6,1351.08,146.08,10,1460.80,66.65,-14,-773.92,330.02,6,1980.12,209.17,10,2091.70,102.48,10,1024.80,0.8833,17782,0.7599362,1417,16783,357.63,16426,13820,3321
11/17/2025,91.86,15,1377.90,267.46,10,2674.60,78.81,10,788.10,95.48,16,1527.68,285.02,10,2850.20,70.68,12,848.16,304.90,5,1524.50,62.90,23,1446.70,225.35,6,1352.10,145.18,10,1451.80,66.61,-14,-773.92,325.75,6,1954.50,207.97,10,2079.70,102.95,10,1029.50,0.88097,17724,0.7601,1378,16662,357.63,16304,13820,3199
11/18/2025,90.46,15,1356.90,267.44,10,2674.40,79.33,10,793.30,93.96,16,1503.36,284.28,10,2842.80,71.22,12,854.64,304.59,5,1522.95,62.49,23,1437.27,224.88,6,1349.28,145.58,10,1455.80,66.81,-14,-773.92,321.18,6,1927.08,211.30,10,2113.00,101.39,10,1013.90,0.88076,17700,0.7606,1357,16621,360.98,16260,13820,3162
11/19/2025,91.36,15,1370.40,268.56,10,2685.60,78.47,10,784.70,93.56,16,1496.96,292.81,10,2928.10,71.11,12,853.32,302.74,5,1513.70,62.64,23,1440.72,222.93,6,1337.58,145.81,10,1458.10,66.23,-14,-773.92,324.12,6,1944.72,215.66,10,2156.60,100.61,10,1006.10,0.88342,17826,0.76559,1370,16797,360.98,16436,13820,3338
11/20/2025,91.16,15,1367.40,266.25,10,2662.50,78.86,10,788.60,92.02,16,1472.32,289.45,10,2894.50,71.21,12,854.52,304.16,5,1520.80,61.43,23,1412.89,226.00,6,1356.00,148.07,10,1480.70,66.69,-14,-773.92,323.77,6,1942.62,216.80,10,2168.00,107.11,10,1071.10,0.88147,17780,0.76424,1367,16717,360.98,16356,13820,3258
11/21/2025,92.76,15,1391.40,271.49,10,2714.90,80.93,10,809.30,92.99,16,1487.84,299.66,10,2996.60,72.95,12,875.40,309.35,5,1546.75,62.80,23,1444.40,226.91,6,1361.46,151.43,10,1514.30,67.95,-14,-773.92,327.98,6,1967.88,216.62,10,2166.20,105.32,10,1053.20,0.879,18111,0.763184,1391,16982,360.98,16621,13820,3523
11/24/2025,91.54,15,1373.10,275.92,10,2759.20,79.18,10,791.80,90.91,16,1454.56,318.58,10,3185.80,72.59,12,871.08,304.90,5,1524.50,61.93,23,1424.39,225.08,6,1350.48,148.86,10,1488.60,67.05,-14,-773.92,329.30,6,1975.80,211.84,10,2118.40,104.06,10,1040.60,0.87891,18171,0.763,1373,17018,360.98,16657,13820,3559
11/25/2025,91.38,15,1370.70,276.97,10,2769.70,79.82,10,798.20,92.67,16,1482.72,323.44,10,3234.40,72.61,12,871.32,310.45,5,1552.25,63.68,23,1464.64,226.41,6,1358.46,152.39,10,1523.90,67.76,-14,-773.92,334.53,6,2007.18,216.23,10,2162.30,107.00,10,1070.00,0.87884,18451,0.7599535,1371,17257,360.98,16896,13820,3798
11/26/2025,91.70,15,1375.50,277.55,10,2775.50,80.04,10,800.40,94.01,16,1504.16,319.95,10,3199.50,72.88,12,874.56,312.40,5,1562.00,64.33,23,1479.59,229.15,6,1374.90,153.13,10,1531.30,67.72,-14,-773.92,333.79,6,2002.74,217.35,10,2173.50,109.10,10,1091.00,0.8759,18504,0.7550019,1376,17246,360.98,16885,13820,3787
11/28/2025,91.60,15,1374.00,278.85,10,2788.50,80.39,10,803.90,95.89,16,1534.24,320.18,10,3201.80,73.12,12,877.44,311.82,5,1559.10,64.63,23,1486.49,228.79,6,1372.74,151.92,10,1519.20,68.16,-14,-773.92,334.44,6,2006.64,217.87,10,2178.70,110.51,10,1105.10,0.8765,18555,0.7545461,1374,17300,360.98,16939,13820,3841
12/01/2025,90.64,15,1359.60,283.10,10,2831.00,79.94,10,799.40,95.55,16,1528.80,314.89,10,3148.90,71.95,12,863.40,303.57,5,1517.85,65.39,23,1503.97,227.82,6,1366.92,151.13,10,1511.30,67.89,-14,-773.92,330.39,6,1982.34,215.93,10,2159.30,111.53,10,1115.30,0.87868,18439,0.75704,1360,17231,360.98,16871,14020,3572
12/02/2025,89.16,15,1337.40,286.19,10,2861.90,78.82,10,788.20,96.00,16,1536.00,315.81,10,3158.10,70.67,12,848.04,300.72,5,1503.60,64.93,23,1493.39,228.76,6,1372.56,150.02,10,1500.20,66.97,-14,-773.92,329.62,6,1977.72,214.54,10,2145.40,112.41,10,1124.10,0.87957,18411,0.75646,1337,17206,360.98,16845,14020,3547
12/03/2025,90.44,15,1356.60,284.15,10,2841.50,78.20,10,782.00,98.63,16,1578.08,319.63,10,3196.30,70.81,12,849.72,307.71,5,1538.55,65.65,23,1509.95,227.18,6,1363.08,150.06,10,1500.60,66.78,-14,-773.92,329.61,6,1977.66,216.15,10,2161.50,114.41,10,1144.10,0.8741,18525,0.74913,1357,17209,363.56,16845,14020,3553
12/04/2025,89.94,15,1349.10,280.70,10,2807.00,77.60,10,776.00,98.56,16,1576.96,317.62,10,3176.20,70.45,12,845.40,308.54,5,1542.70,65.69,23,1510.87,227.09,6,1362.54,150.30,10,1503.00,66.50,-14,-773.92,327.10,6,1962.60,214.19,10,2141.90,114.84,10,1148.40,0.87393,18431,0.75065,1349,17120,363.56,16757,14020,3464
12/05/2025,90.28,15,1354.20,278.78,10,2787.80,78.07,10,780.70,98.16,16,1570.56,321.27,10,3212.70,70.00,12,840.00,311.23,5,1556.15,65.86,23,1514.78,222.89,6,1337.34,153.28,10,1532.80,66.92,-14,-773.92,331.24,6,1987.44,213.58,10,2135.80,115.11,10,1151.10,0.873,18482,0.749569,1354,17150,366.26,16784,14020,3496
12/08/2025,87.32,15,1309.80,277.89,10,2778.90,76.11,10,761.10,98.25,16,1572.00,313.72,10,3137.20,70.25,12,843.00,309.79,5,1548.95,63.54,23,1461.42,223.16,6,1338.96,153.72,10,1537.20,62.21,-14,-773.92,326.84,6,1961.04,210.23,10,2102.30,113.56,10,1135.60,0.87344,18268,0.7503677,1310,16939,366.26,16573,14020,3285
12/09/2025,88.70,15,1330.50,277.18,10,2771.80,76.98,10,769.80,97.71,16,1563.36,317.08,10,3170.80,70.09,12,841.08,310.79,5,1553.95,63.33,23,1456.59,226.35,6,1358.10,153.68,10,1536.80,64.04,-14,-773.92,326.50,6,1959.00,209.31,10,2093.10,115.06,10,1150.60,0.87403,18300,0.75168,1331,16995,366.26,16629,14020,3342
12/10/2025,88.08,15,1321.20,278.78,10,2787.80,77.76,10,777.60,98.30,16,1572.80,320.21,10,3202.10,70.21,12,842.52,310.53,5,1552.65,65.79,23,1513.17,222.81,6,1336.86,155.67,10,1556.70,63.86,-14,-773.92,325.73,6,1954.38,209.15,10,2091.50,113.18,10,1131.80,0.87391,18414,0.74692,1321,17079,366.26,16713,14020,3425
12/11/2025,88.64,15,1329.60,278.03,10,2780.30,77.25,10,772.50,97.96,16,1567.36,312.43,10,3124.30,69.11,12,829.32,309.71,5,1548.55,67.74,23,1558.02,230.44,6,1382.64,155.58,10,1555.80,64.82,-14,-773.92,345.63,6,2073.78,212.05,10,2120.50,115.52,10,1155.20,0.87658,18539,0.7468,1330,17244,366.26,16878,14020,3590
12/12/2025,88.86,15,1332.90,278.28,10,2782.80,78.34,10,783.40,97.89,16,1566.24,309.29,10,3092.90,70.52,12,846.24,316.72,5,1583.60,67.47,23,1551.81,234.85,6,1409.10,156.14,10,1561.40,64.94,-14,-773.92,347.83,6,2086.98,215.61,10,2156.10,116.70,10,1167.00,0.8783,18647,0.7477754,1333,17374,366.26,17008,14020,3720
12/15/2025,91.88,15,1378.20,274.11,10,2741.10,79.43,10,794.30,98.35,16,1573.60,308.22,10,3082.20,70.97,12,851.64,318.73,5,1593.65,67.78,23,1558.94,236.36,6,1418.16,156.71,10,1567.10,65.04,-14,-773.92,346.89,6,2081.34,218.32,10,2183.20,116.79,10,1167.90,0.87845,18671,0.74735,1378,17432,366.26,17066,14020,3778
12/16/2025,90.50,15,1357.50,274.61,10,2746.10,78.95,10,789.50,96.92,16,1550.72,306.57,10,3065.70,70.37,12,844.44,314.50,5,1572.50,67.12,23,1543.76,231.81,6,1390.86,155.09,10,1550.90,64.33,-14,-773.92,345.11,6,2070.66,218.90,10,2189.00,115.42,10,1154.20,0.87514,18540,0.744879,1358,17236,366.26,16870,14020,3583
12/17/2025,90.56,15,1358.40,271.84,10,2718.40,79.73,10,797.30,97.37,16,1557.92,296.72,10,2967.20,70.67,12,848.04,318.69,5,1593.45,65.69,23,1510.87,227.27,6,1363.62,155.66,10,1556.60,65.57,-14,-773.92,344.41,6,2066.46,219.77,10,2197.70,115.66,10,1156.60,0.8779,18404,0.7476859,1358,17172,377.32,16795,14020,3530
12/18/2025,90.74,15,1361.10,272.19,10,2721.90,77.73,10,777.30,99.58,16,1593.28,302.46,10,3024.60,70.36,12,844.32,319.65,5,1598.25,65.63,23,1509.49,224.86,6,1349.16,154.88,10,1548.80,65.20,-14,-773.92,346.01,6,2076.06,218.32,10,2183.20,114.83,10,1148.30,0.87596,18452,0.7470826,1361,17180,377.32,16803,14020,3538
12/19/2025,89.52,15,1342.80,273.67,10,2736.70,78.36,10,783.60,98.20,16,1571.20,307.16,10,3071.60,70.06,12,840.72,315.84,5,1579.20,58.71,23,1350.33,224.28,6,1345.68,154.60,10,1546.00,65.10,-14,-773.92,349.25,6,2095.50,216.34,10,2163.40,114.36,10,1143.60,0.8753,18310,0.74744,1343,17030,377.32,16653,14020,3388
12/22/2025,90.08,15,1351.20,270.97,10,2709.70,79.04,10,790.40,98.20,16,1571.20,309.78,10,3097.80,70.21,12,842.52,316.22,5,1581.10,57.22,23,1316.06,227.36,6,1364.16,156.58,10,1565.80,64.96,-14,-773.92,352.09,6,2112.54,219.66,10,2196.60,112.60,10,1126.00,0.87343,18374,0.742396,1351,17051,377.32,16674,14020,3409
12/23/2025,88.24,15,1323.60,272.36,10,2723.60,79.93,10,799.30,98.75,16,1580.00,314.35,10,3143.50,69.87,12,838.44,310.84,5,1554.20,57.34,23,1318.82,227.89,6,1367.34,155.92,10,1559.20,65.73,-14,-773.92,353.38,6,2120.28,220.34,10,2203.40,110.90,10,1109.00,0.87281,18434,0.7399953,1324,17069,382.51,16686,14020,3431
12/24/2025,88.26,15,1323.90,273.81,10,2738.10,80.25,10,802.50,98.69,16,1579.04,314.09,10,3140.90,70.11,12,841.32,313.33,5,1566.65,60.00,23,1380.00,227.66,6,1365.96,157.29,10,1572.90,65.99,-14,-773.92,355.14,6,2130.84,221.36,10,2213.60,111.61,10,1116.10,0.87245,18558,0.74093,1324,17172,382.51,16789,14020,3534
12/26/2025,88.26,15,1323.90,273.40,10,2734.00,79.73,10,797.30,98.69,16,1579.04,313.51,10,3135.10,69.87,12,838.44,310.68,5,1553.40,60.93,23,1401.39,227.13,6,1362.78,157.11,10,1571.10,66.18,-14,-773.92,355.00,6,2130.00,221.10,10,2211.00,111.74,10,1117.40,0.8723,18540,0.7406,1324,17153,382.51,16770,14020,3515
12/29/2025,88.90,15,1333.50,273.76,10,2737.60,79.69,10,796.90,99.44,16,1591.04,313.56,10,3135.60,70.16,12,841.92,308.53,5,1542.65,61.21,23,1407.83,228.51,6,1371.06,156.47,10,1564.70,65.77,-14,-773.92,354.61,6,2127.66,222.29,10,2222.90,112.53,10,1125.30,0.8714,18566,0.7401377,1334,17165,382.51,16783,14020,3528
12/30/2025,89.18,15,1337.70,273.08,10,2730.80,79.51,10,795.10,99.31,16,1588.96,313.85,10,3138.50,70.07,12,840.84,308.03,5,1540.15,61.19,23,1407.37,229.97,6,1379.82,155.35,10,1553.50,65.62,-14,-773.92,353.62,6,2121.72,222.12,10,2221.20,111.92,10,1119.20,0.87224,18544,0.7425448,1338,17168,382.51,16786,14020,3531
12/31/2025,88.34,15,1325.10,271.86,10,2718.60,79.02,10,790.20,98.85,16,1581.60,313.00,10,3130.00,69.91,12,838.92,305.63,5,1528.15,63.71,23,1465.33,227.72,6,1366.32,153.61,10,1536.10,65.40,-14,-773.92,350.71,6,2104.26,219.71,10,2197.10,111.41,10,1114.10,0.87241,18483,0.74359,1325,17110,382.51,16727,14020,3472
01/02/2026,87.96,15,1319.40,271.01,10,2710.10,77.69,10,776.90,100.30,16,1604.80,315.15,10,3151.50,69.12,12,829.44,303.26,5,1516.30,63.28,23,1455.44,212.12,6,1272.72,154.28,10,1542.80,65.05,-14,-773.92,346.48,6,2078.88,218.40,10,2184.00,112.76,10,1127.60,0.871,18349,0.7425007,1319,16962,388.26,16573,14220,3130
01/05/2026,92.08,15,1381.20,267.26,10,2672.60,76.93,10,769.30,99.33,16,1589.28,316.54,10,3165.40,67.94,12,815.28,299.86,5,1499.30,64.53,23,1484.19,212.92,6,1277.52,153.84,10,1538.40,63.74,-14,-773.92,353.80,6,2122.80,219.44,10,2194.40,112.71,10,1127.10,0.86557,18355,0.73888,1381,16908,388.26,16519,14220,3076
01/06/2026,90.72,15,1360.80,262.36,10,2623.60,77.20,10,772.00,100.60,16,1609.60,314.34,10,3143.40,67.84,12,814.08,302.77,5,1513.85,65.35,23,1503.05,212.35,6,1274.10,153.92,10,1539.20,64.48,-14,-773.92,357.56,6,2145.36,219.08,10,2190.80,114.34,10,1143.40,0.86571,18355,0.74071,1361,16898,394.17,16504,14220,3072
01/07/2026,90.44,15,1356.60,260.33,10,2603.30,77.09,10,770.90,96.67,16,1546.72,321.98,10,3219.80,67.54,12,810.48,304.16,5,1520.80,63.22,23,1454.06,209.10,6,1254.60,154.04,10,1540.40,62.62,-14,-773.92,355.88,6,2135.28,215.97,10,2159.70,112.72,10,1127.20,0.86757,18242,0.74298,1357,16834,395.65,16439,14220,3010
01/08/2026,90.16,15,1352.40,259.04,10,2590.40,80.87,10,808.70,99.47,16,1591.52,325.44,10,3254.40,69.37,12,832.44,308.88,5,1544.40,65.26,23,1500.98,213.15,6,1278.90,158.25,10,1582.50,63.34,-14,-773.92,352.23,6,2113.38,217.86,10,2178.60,113.07,10,1130.70,0.86758,18502,0.7441584,1352,17059,395.65,16663,14220,3234
01/09/2026,91.26,23,2098.98,259.37,10,2593.70,81.48,10,814.80,98.95,16,1583.20,328.57,10,3285.70,70.51,12,846.12,307.32,5,1536.60,65.92,23,1516.16,215.16,6,1290.96,157.81,10,1578.10,64.20,-14,-773.92,349.77,6,2098.62,220.91,10,2209.10,114.53,10,1145.30,0.8676,18579,0.7458234,2099,17685,391.39,17293,14220,3856
01/12/2026,90.20,23,2074.60,260.25,10,2602.50,81.93,10,819.30,98.95,16,1583.20,331.86,10,3318.60,70.50,12,846.00,306.75,5,1533.75,65.64,23,1509.72,216.50,6,1299.00,157.10,10,1571.00,64.42,-14,-773.92,343.20,6,2059.20,218.57,10,2185.70,117.97,10,1179.70,0.86639,18554,0.74263,2075,17616,443.00,17173,14220,3839
01/13/2026,88.46,23,2034.58,261.05,10,2610.50,82.96,10,829.60,97.36,16,1557.76,335.97,10,3359.70,71.24,12,854.88,309.44,5,1547.20,66.30,23,1524.90,205.06,6,1230.36,158.14,10,1581.40,64.70,-14,-773.92,327.88,6,1967.28,216.18,10,2161.80,120.36,10,1203.60,0.86711,18451,0.74478,2035,17515,443.00,17072,14220,3738
01/14/2026,87.80,23,2019.40,259.96,10,2599.60,84.55,10,845.50,97.65,16,1562.40,335.84,10,3358.40,71.44,12,857.28,308.13,5,1540.65,65.57,23,1508.11,205.50,6,1233.00,155.13,10,1551.30,65.33,-14,-773.92,329.17,6,1975.02,218.79,10,2187.90,120.04,10,1200.40,0.86641,18445,0.7439,2019,17483,443.00,17040,14220,3706
01/15/2026,88.00,23,2024.00,258.21,10,2582.10,84.34,10,843.40,99.23,16,1587.68,332.78,10,3327.80,70.48,12,845.76,308.62,5,1543.10,64.59,23,1485.57,203.52,6,1221.12,156.16,10,1561.60,64.21,-14,-773.92,327.75,6,1966.50,219.86,10,2198.60,119.20,10,1192.00,0.8675,18389,0.74731,2024,17465,443.00,17022,14220,3688
01/16/2026,87.64,23,2015.72,255.53,10,2555.30,84.52,10,845.20,100.11,16,1601.76,330.00,10,3300.00,70.44,12,845.28,307.43,5,1537.15,64.38,23,1480.74,202.37,6,1214.22,157.38,10,1573.80,64.51,-14,-773.92,328.30,6,1969.80,221.23,10,2212.30,119.70,10,1197.00,0.86745,18362,0.7471608,2016,17434,443.00,16991,14220,3657
01/17/2026,84.88,23,1952.24,255.53,10,2555.30,85.44,10,854.40,97.19,16,1555.04,322.00,10,3220.00,71.75,12,861.00,302.84,5,1514.20,63.63,23,1463.49,203.92,6,1223.52,156.08,10,1560.80,64.90,-14,-773.92,325.82,6,1954.92,221.30,10,2213.00,118.71,10,1187.10,0.86725,18202,0.7470771,1952,17244,443.00,16801,14220,3467
01/18/2026,84.88,23,1952.24,255.53,10,2555.30,85.44,10,854.40,97.19,16,1555.04,322.00,10,3220.00,71.75,12,861.00,302.84,5,1514.20,63.63,23,1463.49,203.92,6,1223.52,156.08,10,1560.80,64.90,-14,-773.92,325.82,6,1954.92,221.30,10,2213.00,118.71,10,1187.10,0.867315,18202,0.74609,1952,17243,443.00,16800,14220,3466
01/19/2026,84.88,23,1952.24,255.53,10,2555.30,85.44,10,854.40,97.19,16,1555.04,322.00,10,3220.00,71.75,12,861.00,302.84,5,1514.20,63.63,23,1463.49,203.92,6,1223.52,156.08,10,1560.80,64.90,-14,-773.92,325.82,6,1954.92,221.30,10,2213.00,118.71,10,1187.10,0.86742,18202,0.74528,1952,17244,443.00,16801,14220,3467
01/20/2026,84.58,23,1945.34,246.70,10,2467.00,85.44,10,854.40,97.19,16,1555.04,322.00,10,3220.00,71.75,12,861.00,302.84,5,1514.20,63.63,23,1463.49,203.92,6,1223.52,156.08,10,1560.80,64.90,-14,-773.92,325.82,6,1954.92,221.30,10,2213.00,118.71,10,1187.10,0.8725,18113,0.7441,1945,17252,443.00,16809,14220,3475
01/21/2026,84.08,23,1933.84,247.65,10,2476.50,84.73,10,847.30,99.38,16,1590.08,328.38,10,3283.80,72.01,12,864.12,305.69,5,1528.45,65.41,23,1504.43,203.00,6,1218.00,155.85,10,1558.50,64.83,-14,-773.92,325.28,6,1951.68,226.49,10,2264.90,119.36,10,1193.60,0.86987,18314,0.745235,1934,17372,443.00,16929,14220,3595
01/22/2026,83.30,23,1915.90,248.35,10,2483.50,85.81,10,858.10,100.02,16,1600.32,330.54,10,3305.40,71.87,12,862.44,306.03,5,1530.15,65.46,23,1505.58,206.92,6,1241.52,153.42,10,1534.20,65.53,-14,-773.92,326.36,6,1958.16,229.00,10,2290.00,117.83,10,1178.30,0.87064,18395,0.740715,1916,17435,443.00,16992,14220,3658
01/23/2026,84.38,23,1940.74,248.04,10,2480.40,86.66,10,866.60,99.85,16,1597.60,327.93,10,3279.30,72.88,12,874.56,309.25,5,1546.25,65.04,23,1495.92,206.03,6,1236.18,153.24,10,1532.40,67.00,-14,-938.00,326.18,6,1957.08,229.23,10,2292.30,117.73,10,1177.30,0.86665,18221,0.7328692,1682,17024,443.00,16581,14220,3247
01/24/2026,83.52,23,1920.96,255.41,10,2554.10,85.20,10,852.00,99.89,16,1598.24,333.26,10,3332.60,72.56,12,870.72,312.95,5,1564.75,64.99,23,1494.77,208.00,6,1248.00,150.08,10,1500.80,67.31,-14,-942.34,328.49,6,1970.94,230.25,10,2302.50,117.64,10,1176.40,0.8667,18347,0.7328692,1665,17122,443.00,16679,14220,3345
01/25/2026,83.52,23,1920.96,255.41,10,2554.10,85.20,10,852.00,99.89,16,1598.24,333.26,10,3332.60,72.56,12,870.72,312.95,5,1564.75,64.99,23,1494.77,208.00,6,1248.00,150.08,10,1500.80,67.31,-14,-942.34,328.49,6,1970.94,230.25,10,2302.50,117.64,10,1176.40,0.86794,18347,0.73196,1667,17145,443.00,16702,14220,3368
01/26/2026,83.52,23,1920.96,255.41,10,2554.10,85.20,10,852.00,99.89,16,1598.24,333.26,10,3332.60,72.56,12,870.72,312.95,5,1564.75,64.99,23,1494.77,208.00,6,1248.00,150.08,10,1500.80,67.31,-14,-942.34,328.49,6,1970.94,230.25,10,2302.50,117.64,10,1176.40,0.86835,18347,0.73117,1668,17151,443.00,16708,14220,3374
01/27/2026,80.56,23,1852.88,258.27,10,2582.70,85.76,10,857.60,100.48,16,1607.68,334.55,10,3345.50,73.55,12,882.60,314.13,5,1570.65,63.09,23,1451.07,208.08,6,1248.48,148.01,10,1480.10,67.56,-14,-945.84,325.26,6,1951.56,231.34,10,2313.40,116.94,10,1169.40,0.86931,18346,0.723385,1611,17113,443.00,16670,14220,3336
01/28/2026,81.32,23,1870.36,256.44,10,2564.40,85.00,10,850.00,98.54,16,1576.64,336.01,10,3360.10,73.06,12,876.72,312.80,5,1564.00,62.24,23,1431.52,212.74,6,1276.44,147.79,10,1477.90,66.53,-14,-931.42,326.98,6,1961.88,231.60,10,2316.00,116.57,10,1165.70,0.866355,18324,0.72337,1620,17047,443.00,16604,14220,3270
01/29/2026,79.22,23,1822.06,258.28,10,2582.80,85.24,10,852.40,101.03,16,1616.48,338.25,10,3382.50,73.43,12,881.16,315.51,5,1577.55,62.60,23,1439.80,208.26,6,1249.56,147.47,10,1474.70,67.53,-14,-945.42,331.80,6,1990.80,223.13,10,2231.30,117.41,10,1174.10,0.866725,18334,0.72435,1579,17034,443.00,16591,14220,3257
01/30/2026,78.88,23,1814.24,259.48,10,2594.80,90.29,10,902.90,96.22,16,1539.52,338.00,10,3380.00,74.81,12,897.72,315.00,5,1575.00,61.81,23,1421.63,208.00,6,1248.00,149.81,10,1498.10,68.36,-14,-957.04,321.83,6,1930.98,222.24,10,2222.40,119.14,10,1191.40,0.86595,18254,0.7303002,1571,16954,443.00,16511,14220,3177
01/31/2026,78.88,23,1814.24,259.48,10,2594.80,90.29,10,902.90,96.22,16,1539.52,338.00,10,3380.00,74.81,12,897.72,315.00,5,1575.00,61.81,23,1421.63,208.00,6,1248.00,149.81,10,1498.10,68.36,-14,-957.04,321.83,6,1930.98,222.24,10,2222.40,119.14,10,1191.40,0.86595,18254,0.7303535,1571,16954,443.00,16511,14220,3177
02/01/2026,78.88,23,1814.24,259.48,10,2594.80,90.29,10,902.90,96.22,16,1539.52,338.00,10,3380.00,74.81,12,897.72,315.00,5,1575.00,61.81,23,1421.63,208.00,6,1248.00,149.81,10,1498.10,68.36,-14,-957.04,321.83,6,1930.98,222.24,10,2222.40,119.14,10,1191.40,0.866,18254,0.7303535,1571,16955,443.00,16512,14220,3178