Date,WKL,Quanity,Value,AAPL,Quanity,Value,CL,Quanity,Value,CNI,Quanity,Value,GOOGL,Quanity,Value,KO,Quanity,Value,MCD,Quanity,Value,NKE,Quanity,Value,PGR,Quanity,Value,TJX,Quanity,Value,UL,Quanity,Value,V,Quanity,Value,WM,Quanity,Value,WMT,Quanity,Value,USD Rate,Total USD Value,EUR Rate,Total EUR Value,Total Value GBP,Dividends & Fees,Net Total Value GBP,Cumulative Deposits,Net Profit,S&P500
08/04/2020,67.84,,,109.67,,,76.77,2,153.54,97.41,2,194.82,73.67,,,46.69,8,373.52,199.36,,,97.33,4,389.32,90.25,,,53.28,,,69.47,8,555.76,192.29,,,108.82,,,43.88,,,0.76417,1667,0.90284,,1274,-2.32,1272,1700,-428,3307
08/05/2020,70.06,,,110.06,,,76.18,2,152.36,98.34,2,196.68,73.95,,,47.22,8,377.76,199.26,,,100.94,4,403.76,90.62,,,53.54,,,68.83,8,550.64,196.1,,,109.18,,,43.27,,,0.7618,1681,0.90442,,1281,-2.32,1278,1700,-422,3328
08/06/2020,68.78,,,113.9,,,75.86,2,151.72,99.46,2,198.92,75.25,,,47.48,8,379.84,203.18,,,100.45,4,401.8,89.61,,,53.41,,,67.97,8,543.76,198.77,,,110.37,,,43.12,,,0.76115,1676,0.90375,,1276,-2.32,1273,1700,-427,3349
08/07/2020,68.92,,,111.11,,,76.24,2,152.48,100.08,2,200.16,74.92,,,47.8,8,382.4,204.6,,,101.86,4,407.44,90.73,,,55.45,,,67.15,8,537.2,196.36,,,112.72,,,43.32,,,0.766225,1680,0.9017,,1287,-2.32,1285,1700,-415,3351
08/10/2020,69.04,,,112.73,,,76.65,2,153.3,101.45,2,202.9,74.84,,,47.72,8,381.76,204.12,,,105.41,4,421.64,90.12,,,56.52,,,67.02,8,536.16,196.79,,,111.61,,,43.96,,,0.76469,1696,0.89754,,1297,-2.32,1294,1700,-406,3360
08/11/2020,69.58,,,109.38,,,75.96,2,151.92,101.84,2,203.68,74.03,,,47.93,8,383.44,205,,,105.12,4,420.48,89.02,,,57.51,,,66.13,8,529.04,197.77,,,111.59,,,43.4,,,0.76624,1689,0.89925,,1294,-2.32,1292,1700,-408,3334
08/12/2020,70.7,,,113.01,,,77.24,2,154.48,102.85,2,205.7,75.36,,,48.43,8,387.44,206.02,,,105.22,4,420.88,89.01,,,57.73,,,67.7,8,541.6,198.74,,,112.25,,,43.96,,,0.7664,1710,0.90393,,1311,-2.32,1308,1700,-392,3380
08/13/2020,70.54,,,115.01,,,76.98,2,153.96,102.54,2,205.08,75.83,,,48.38,8,387.04,206.49,,,106.52,4,426.08,89.04,,,57.11,,,67.4,8,539.2,197.58,,,111.34,,,43.95,,,0.76508,1711,0.904,,1309,-2.32,1307,1700,-393,3373
08/14/2020,69.54,,,114.91,,,77.05,2,154.1,102.48,2,204.96,75.23,,,48.45,8,387.6,207.03,,,106.43,4,425.72,88.97,,,57.87,,,66.87,8,534.96,196.64,,,111.47,,,44.2,,,0.764059,1707,0.90495,,1305,-2.32,1302,1700,-398,3373
08/17/2020,70.16,,,114.61,,,77.21,2,154.42,104.06,2,208.12,75.81,,,48.21,8,385.68,208.67,,,105.66,4,422.64,88.83,,,59.41,,,67.22,8,537.76,199.43,,,110.87,,,45.2,,,0.7629,1709,0.9059,,1304,-2.32,1301,1700,-399,3382
08/18/2020,69.88,,,115.56,,,77.65,2,155.3,104.49,2,208.98,77.79,,,48.42,8,387.36,210.32,,,106.97,4,427.88,89.74,,,57.45,,,67.56,8,540.48,199.01,,,111.01,,,44.9,,,0.75449,1720,0.9014,,1298,-2.32,1295,1700,-405,3390
08/19/2020,70.58,,,115.71,,,77.95,2,155.9,104.29,2,208.58,77.23,,,47.37,8,378.96,209.51,,,108.39,4,433.56,90.41,,,54.36,,,67.56,8,540.48,200.99,,,110.56,,,44.14,,,0.76273,1717,0.9034,,1310,-2.32,1308,1700,-392,3375
08/20/2020,70.34,,,118.28,,,78.25,2,156.5,104.99,2,209.98,78.81,,,47.35,8,378.8,209.88,,,108.01,4,432.04,90.84,,,51.65,,,67.58,8,540.64,204.15,,,110.15,,,43.52,,,0.75641,1718,0.8977,,1299,-2.32,1297,1700,-403,3386
08/21/2020,70.88,,,124.37,,,78.69,2,157.38,105.82,2,211.64,78.78,,,47.28,8,378.24,211.57,,,109.75,4,439,91.82,,,51.68,,,67.01,8,536.08,204.13,,,111.16,,,43.88,,,0.763884,1722,0.9006,,1316,-2.32,1313,1700,-387,3397
08/24/2020,71.32,,,125.86,,,79.13,2,158.26,105.94,2,211.88,79.26,,,47.97,8,383.76,212.62,,,111.83,4,447.32,92,,,53.41,,,67.82,8,542.56,206.41,,,112.51,,,43.78,,,0.76503,1744,0.90224,,1334,-2.32,1332,1700,-368,3431
08/25/2020,70.4,,,124.83,,,78.59,2,157.18,106.17,2,212.34,80.29,,,47.91,8,383.28,212.65,,,111.51,4,446.04,92.77,,,53.16,,,67.7,8,541.6,208.1,,,113.19,,,43.54,,,0.76033,1740,0.8998,,1323,-2.32,1321,1700,-379,3444
08/26/2020,70.24,,,126.52,,,78.65,2,157.3,106.42,2,212.84,82.21,,,48.16,8,385.28,213.76,,,111.53,4,446.12,92.17,,,53.26,,,67.84,8,542.72,210.26,,,113.9,,,43.57,,,0.75644,1744,0.8955,,1319,-2.32,1317,1700,-383,3479
08/27/2020,69.82,,,125.01,,,79.06,2,158.12,106.82,2,213.64,81.43,,,48.23,8,385.84,212.19,,,110.84,4,443.36,93.31,,,53.67,,,67.95,8,543.6,211.03,,,114.27,,,45.54,,,0.7576,1745,0.8951,,1322,-2.32,1319,1700,-381,3485
08/28/2020,69.18,,,124.81,,,79.37,2,158.74,106.34,2,212.68,81.97,,,49.83,8,398.64,214.91,,,112.29,4,449.16,93.68,,,55.09,,,67.67,8,541.36,215.71,,,114.01,,,46.77,,,0.748895,1761,0.8906,,1318,-2.32,1316,1700,-384,3508
08/31/2020,68.8,,,129.04,,,79.26,2,158.52,104.58,2,209.16,81.48,,,49.53,8,396.24,213.52,,,111.89,4,447.56,95.04,,,54.79,,,67.03,8,536.24,211.99,,,114,,,46.28,,,0.74825,1748,0.89329,,1308,-2.32,1305,1700,-395,3500
09/01/2020,68.68,,,134.18,,,78.09,2,156.18,105.28,2,210.56,82.75,,,49.12,8,392.96,212.69,,,114.84,4,459.36,93.87,,,55.27,,,67.1,8,536.8,213.35,,,113.64,,,49.2,,,0.7463,1756,0.88977,,1310,-2.32,1308,1700,-392,3527
09/02/2020,70.24,,,131.4,,,79.47,2,158.94,105.05,2,210.1,85.87,,,51.19,8,409.52,216.23,,,116.8,4,467.2,95,,,56.73,,,68.54,8,548.32,216.48,,,114.15,,,49.23,,,0.74899,1794,0.88734,,1344,-2.32,1341,1700,-359,3581
09/03/2020,68.52,,,120.88,,,77.67,2,155.34,103.67,2,207.34,81.48,,,50.48,8,403.84,213.8,,,112.85,4,451.4,93.29,,,55.52,,,67.26,8,538.08,208.96,,,111.22,,,48.18,,,0.75402,1756,0.89265,,1324,-5.99,1318,1700,-382,3455
09/04/2020,68.2,,,120.96,,,77.21,2,154.42,103.63,2,207.26,79.06,,,51.04,8,408.32,211.73,,,112.4,4,449.6,92.94,,,55.18,,,66.56,8,532.48,204.66,,,111.21,,,47.61,,,0.752389,1752,0.8914,,1318,-5.99,1312,1700,-388,3427
09/08/2020,69.6,,,112.82,,,75.64,2,151.28,101.65,2,203.3,76.18,,,49.81,8,398.48,213.58,,,112.72,4,450.88,91.81,,,55.3,,,67.13,8,537.04,200.12,,,110.46,,,46.15,,,0.7711,1741,0.9074,,1342,-5.99,1336,1700,-364,3332
09/09/2020,71.62,,,117.32,,,77.57,2,155.14,104.19,2,208.38,77.36,,,50.19,8,401.52,215.71,,,114.9,4,459.6,94.67,,,54.76,,,69.87,8,558.96,204.06,,,112.56,,,46.63,,,0.76928,1784,0.90801,,1372,-5.99,1366,1700,-334,3399
09/10/2020,71.56,,,113.49,,,76.41,2,152.82,103.71,2,207.42,76.3,,,50,8,400,217.24,,,114.79,4,459.16,94.35,,,54.11,,,68.73,8,549.84,201.54,,,111.68,,,45.6,,,0.780744,1769,0.92315,,1381,-3.54,1378,1700,-322,3339
09/11/2020,71.9,,,112,,,76.75,2,153.5,105.39,2,210.78,75.79,,,51.06,8,408.48,218,,,118,4,472,94.98,,,54.15,,,69.73,8,557.84,200.68,,,113.15,,,45.57,,,0.78125,1803,0.92413,,1408,-3.54,1405,1700,-295,3341
09/14/2020,71.3,,,115.36,,,77.15,2,154.3,106.82,2,213.64,75.44,,,50.71,8,405.68,220.56,,,119.28,4,477.12,96.26,,,55.47,,,69.48,8,555.84,204.98,,,116.36,,,45.77,,,0.77823,1807,0.92356,,1406,-3.54,1402,1700,-298,3384
09/15/2020,72.04,,,115.54,,,76.94,2,153.88,108.08,2,216.16,76.76,,,51.05,8,408.4,222.37,,,119.27,4,477.08,95.08,,,56.86,,,70.28,8,562.24,205.39,,,117.07,,,45.79,,,0.77611,1818,0.91919,,1411,-3.54,1407,1700,-293,3401
09/16/2020,73.26,,,112.13,,,76.91,2,153.82,105.64,2,211.28,75.6,,,50.79,8,406.32,224.81,,,118.59,4,474.36,95.08,,,57.32,,,70,8,560,205.13,,,116.85,,,45.42,,,0.771605,1806,0.91072,,1393,-3.54,1390,1700,-310,3385
09/17/2020,72.92,,,110.34,,,76.71,2,153.42,107.09,2,214.18,74.35,,,50.55,8,404.4,222.58,,,116.36,4,465.44,95.43,,,55.94,,,70.28,8,562.24,205.27,,,115.56,,,45.56,,,0.77068,1800,0.9131,,1387,-3.54,1383,1700,-317,3357
09/18/2020,72.88,,,106.84,,,75.83,2,151.66,105.13,2,210.26,72.55,,,50.45,8,403.6,220.27,,,114.66,4,458.64,96.86,,,56.02,,,68.51,8,548.08,202.61,,,115.27,,,45.1,,,0.774054,1772,0.9164,,1372,-3.54,1368,1700,-332,3319
09/21/2020,72.32,,,110.08,,,75.19,2,150.38,103.31,2,206.62,71.51,,,49.09,8,392.72,216.41,,,113.37,4,453.48,97.36,,,54.17,,,67.39,8,539.12,197.45,,,114.3,,,45.69,,,0.78,1742,0.9176,,1359,-3.54,1355,1700,-345,3281
09/22/2020,71.76,,,111.81,,,76.07,2,152.14,105.14,2,210.28,72.99,,,49.66,8,397.28,216.41,,,116.87,4,467.48,94.42,,,53.88,,,68.07,8,544.56,200.56,,,114.97,,,46.1,,,0.78468,1772,0.9186,,1390,-3.54,1387,1700,-313,3316
09/23/2020,73.02,,,107.12,,,75.14,2,150.28,104.88,2,209.76,70.47,,,48.21,8,385.68,214.97,,,127.11,4,508.44,91.19,,,52.87,,,68.01,8,544.08,195.37,,,111.73,,,45.33,,,0.78632,1798,0.9163,,1414,-3.54,1410,1700,-290,3237
09/24/2020,72.58,,,108.22,,,75.76,2,151.52,106,2,212,71.14,,,48.7,8,389.6,216.12,,,124.75,4,499,92.2,,,52.83,,,68.16,8,545.28,195.52,,,111.3,,,45.57,,,0.78388,1797,0.91505,,1409,-3.54,1405,1700,-295,3247
09/25/2020,73.18,,,112.28,,,75.95,2,151.9,106.13,2,212.26,71.95,,,48.72,8,389.76,218.18,,,124.23,4,496.92,92.6,,,53.18,,,68.42,8,547.36,197.25,,,113.63,,,45.76,,,0.784314,1798,0.90729,,1410,-3.54,1407,1700,-293,3298
09/28/2020,73.4,,,114.96,,,76.61,2,153.22,106.58,2,213.16,72.93,,,49.28,8,394.24,220.26,,,124.32,4,497.28,93.98,,,55.6,,,69.45,8,555.6,200.32,,,114.04,,,45.75,,,0.77679,1814,0.90714,,1409,-3.54,1405,1700,-295,3352
09/29/2020,73.28,,,114.09,,,76.22,2,152.44,106.36,2,212.72,73.3,,,48.92,8,391.36,218.68,,,126.35,4,505.4,94.15,,,54.16,,,69.65,8,557.2,199.44,,,113.41,,,45.71,,,0.77721,1819,0.91264,,1414,-3.54,1410,1700,-290,3335
09/30/2020,72.84,,,115.81,,,77.15,2,154.3,106.46,2,212.92,73.28,,,49.37,8,394.96,219.49,,,125.54,4,502.16,94.67,,,55.65,,,69.39,8,555.12,199.97,,,113.17,,,46.64,,,0.77414,1819,0.90719,,1409,-3.54,1405,1700,-295,3363
10/01/2020,72.92,,,116.79,,,77.06,2,154.12,106.43,2,212.86,74.4,,,49.18,8,393.44,219.59,,,126.64,4,506.56,93.46,,,57.08,,,69.66,8,557.28,203.35,,,112.89,,,47.69,,,0.77602,1824,0.91137,,1416,-3.05,1413,1700,-287,3381
10/02/2020,72.94,,,113.02,,,77.4,2,154.8,106.62,2,213.24,72.78,,,49.36,8,394.88,222.67,,,126.64,4,506.56,94.21,,,57.63,,,70.53,8,564.24,201.46,,,113.89,,,46.83,,,0.773096,1834,0.9054,,1418,-3.05,1415,1700,-285,3348
10/05/2020,72.9,,,116.5,,,78.42,2,156.84,108.25,2,216.5,74.14,,,49.38,8,395.04,226.07,,,127.91,4,511.64,95.98,,,57.52,,,70.81,8,566.48,203.54,,,114.24,,,47.27,,,0.76967,1847,0.9074,,1421,-0.26,1421,1700,-279,3409
10/06/2020,72.1,,,113.16,,,77.54,2,155.08,107.62,2,215.24,72.55,,,48.94,8,391.52,224.09,,,127.65,4,510.6,95.12,,,56.61,,,69.45,8,555.6,200.45,,,113.25,,,46.88,,,0.7762,1828,0.91092,,1419,-0.26,1419,1700,-281,3361
10/07/2020,71.42,,,115.08,,,78.13,2,156.26,109.72,2,219.44,72.96,,,49.56,8,396.48,226.48,,,130.06,4,520.24,96.41,,,58.36,,,69.8,8,558.4,202.47,,,113.88,,,46.96,,,0.77414,1851,0.9109,,1433,-0.26,1433,1700,-267,3419
10/08/2020,71.9,,,114.97,,,78.74,2,157.48,109.41,2,218.82,74.17,,,50.46,8,403.68,225.8,,,129.71,4,518.84,97.97,,,58.3,,,70,8,560,202.98,,,114.7,,,47.12,,,0.77277,1859,0.90925,,1436,-0.26,1436,1700,-264,3447
10/09/2020,72.7,,,116.97,,,79.77,2,159.54,109.99,2,219.98,75.52,,,50.81,8,406.48,224.83,,,130.98,4,523.92,99.88,,,58.19,,,71.01,8,568.08,206.64,,,115.35,,,47.59,,,0.766284,1878,0.9055,,1439,-0.26,1439,1700,-261,3477
10/12/2020,73.62,,,124.4,,,80.63,2,161.26,110.86,2,221.72,78.23,,,51.09,8,408.72,226.11,,,129.46,4,517.84,101.38,,,57.97,,,70.98,8,567.84,206.4,,,116.82,,,48.08,,,0.76536,1877,0.90413,,1437,-0.26,1437,1700,-263,3534
10/13/2020,73.88,,,121.1,,,80.26,2,160.52,110.74,2,221.48,78.35,,,50.22,8,401.76,227.35,,,129.2,4,516.8,100.27,,,57.39,,,71.09,8,568.72,204.32,,,115.5,,,48.74,,,0.77308,1869,0.90762,,1445,-0.26,1445,1700,-255,3512
10/14/2020,73.1,,,121.19,,,79.86,2,159.72,111.21,2,222.42,78.17,,,50.12,8,400.96,227.62,,,127.66,4,510.64,99.65,,,57.41,,,71.37,8,570.96,202.2,,,114.58,,,47.98,,,0.7685,1865,0.90246,,1433,-0.26,1433,1700,-267,3489
10/15/2020,72.04,,,120.71,,,79.71,2,159.42,111.3,2,222.6,77.77,,,49.99,8,399.92,229.64,,,129,4,516,97.51,,,57.41,,,70.09,8,560.72,199.55,,,115.27,,,48.18,,,0.77507,1859,0.90733,,1441,-0.26,1440,1700,-260,3483
10/16/2020,73.2,,,119.02,,,80.31,2,160.62,111.8,2,223.6,78.39,,,50.03,8,400.24,229.37,,,128,4,512,96.52,,,56.65,,,70.61,8,564.88,200.26,,,115.87,,,48.24,,,0.7741,1861,0.9071,,1441,-0.26,1441,1700,-259,3484
10/19/2020,73,,,115.98,,,79.21,2,158.42,111.13,2,222.26,76.5,,,49.62,8,396.96,226,,,127.43,4,509.72,95.78,,,55.13,,,69.53,8,556.24,196.97,,,113.7,,,47.65,,,0.77228,1844,0.90879,,1424,-0.26,1424,1700,-276,3427
10/20/2020,72.24,,,117.51,,,79.83,2,159.66,112.04,2,224.08,77.55,,,50.25,8,402,227.45,,,128.49,4,513.96,94.59,,,54.93,,,70.27,8,562.16,197.7,,,114.31,,,47.97,,,0.77196,1862,0.91317,,1437,-0.26,1437,1700,-263,3443
10/21/2020,71.76,,,116.87,,,80.2,2,160.4,104.98,2,209.96,79.3,,,49.99,8,399.92,228.19,,,129.43,4,517.72,93.6,,,54.98,,,69.28,8,554.24,198.43,,,114.17,,,48.13,,,0.7615,1842,0.90258,,1403,-0.26,1403,1700,-297,3436
10/22/2020,71.62,,,115.75,,,79.29,2,158.58,104.55,2,209.1,80.33,,,50.68,8,405.44,229.15,,,130.02,4,520.08,94.39,,,56.02,,,69.27,8,554.16,197.99,,,115.77,,,47.85,,,0.76464,1847,0.90337,,1413,-0.26,1412,1700,-288,3453
10/23/2020,71.34,,,115.04,,,79.34,2,158.68,105.07,2,210.14,81.65,,,50.52,8,404.16,228.71,,,129.99,4,519.96,94.62,,,57.02,,,68.99,8,551.92,198.01,,,116.7,,,47.95,,,0.76646,1845,0.90613,,1414,-0.26,1414,1700,-286,3465
10/26/2020,70.44,,,115.05,,,78.69,2,157.38,102.09,2,204.18,79.21,,,49.8,8,398.4,224.27,,,128.37,4,513.48,93.84,,,55,,,68.36,8,546.88,193.07,,,113.4,,,47.39,,,0.7683,1820,0.90725,,1399,-0.26,1398,1700,-302,3401
10/27/2020,70.66,,,116.6,,,78.85,2,157.7,102.07,2,204.14,79.94,,,49.9,8,399.2,222.97,,,127.99,4,511.96,93.8,,,54.13,,,68.61,8,548.88,190.06,,,110.63,,,47.62,,,0.76735,1822,0.90409,,1398,-0.26,1398,1800,-402,3391
10/28/2020,69.58,,,111.2,,,76.86,2,153.72,100.01,2,200.02,75.54,,,47.96,8,383.68,214.69,,,122.08,4,488.32,91.57,,,51.35,,,65.66,8,525.28,180.87,,,106.96,,,46.68,,,0.76983,1751,0.9042,,1348,-0.26,1348,1800,-452,3271
10/29/2020,69.8,,,115.32,,,76.67,2,153.34,100.53,2,201.06,77.84,,,48.02,8,384.16,214.95,,,122.86,4,491.44,91.06,,,51.73,,,64.91,8,519.28,184.87,,,107.55,,,46.64,,,0.77328,1749,0.90305,,1353,-0.26,1352,1800,-448,3310
10/30/2020,69.58,,,108.86,,,78.89,2,157.78,99.45,2,198.9,80.81,,,48.06,8,384.48,213,,,120.08,4,480.32,91.9,,,50.8,,,63.93,10,639.3,181.71,,,107.91,,,46.25,,,0.77226,1861,0.8999,,1437,-0.72,1436,1800,-364,3270
11/02/2020,71.14,,,108.77,,,80.16,2,160.32,102.47,2,204.94,81.22,,,48.62,8,388.96,212.56,,,122.39,4,489.56,94.4,,,51.74,,,65.04,10,650.4,184.74,,,110.67,,,46.8,,,0.77376,1894,0.9006,,1466,-0.72,1465,1800,-335,3310
11/03/2020,72.88,,,110.44,,,83.11,2,166.22,104.91,2,209.82,82.28,,,49.35,8,394.8,216.8,,,124.59,4,498.36,94.47,,,53.99,,,66.33,10,663.3,188.34,,,114.71,,,47.59,,,0.7621,1933,0.8963,,1473,-0.72,1472,1800,-328,3369
11/04/2020,76.08,,,114.95,,,83.86,2,167.72,101.99,2,203.98,87.29,,,49.17,8,393.36,214.87,,,127.34,4,509.36,95.86,,,53.25,,,67.7,10,677,193.97,,,116.05,,,47.32,,,0.7712,1951,0.90473,,1505,-0.72,1504,1800,-296,3443
11/05/2020,77.78,,,119.03,,,83.01,2,166.02,104.53,2,209.06,88.13,,,49.44,8,395.52,216.31,,,129.7,4,518.8,97.29,,,54.61,,,68.47,10,684.7,197.64,,,119.69,,,47.82,,,0.76107,1974,0.89935,,1502,-0.72,1502,1800,-298,3510
11/06/2020,76.72,,,118.69,,,83.03,2,166.06,105.14,2,210.28,87.99,,,49.45,8,395.6,216.56,,,128.9,4,515.6,97.91,,,53.94,,,69.11,10,691.1,198.47,,,119.28,,,48.59,,,0.759878,1979,0.90233,,1504,-0.72,1503,1800,-297,3509
11/09/2020,74.86,,,116.32,,,81.78,2,163.56,107.92,2,215.84,88.07,,,52.57,8,420.56,213.22,,,128.95,4,515.8,90.39,,,60.9,,,68.88,10,688.8,212.68,,,120.96,,,47.85,,,0.75932,2005,0.89783,,1522,-0.72,1521,1800,-279,3551
11/10/2020,73.74,,,115.97,,,83.35,2,166.7,109.09,2,218.18,86.89,,,53.98,8,431.84,213.32,,,127.71,4,510.84,92.65,,,62.26,,,69.66,10,696.6,213.31,,,123.38,,,48.52,,,0.75406,2024,0.89116,,1526,-0.72,1526,1800,-274,3546
11/11/2020,74.1,,,119.49,,,84.93,2,169.86,108.69,2,217.38,87.36,,,53.58,8,428.64,218.02,,,127.66,4,510.64,92.72,,,60.12,,,70.82,10,708.2,212.7,,,122.8,,,49.33,,,0.75619,2035,0.89073,,1539,-0.72,1538,1800,-262,3573
11/12/2020,74.14,,,119.21,,,84.73,2,169.46,107.8,2,215.6,87.14,,,53.01,8,424.08,213.07,,,126.64,4,506.56,94.68,,,59.4,,,70.55,10,705.5,208.26,,,121.09,,,49.41,,,0.7621,2021,0.8998,,1540,-0.72,1540,1800,-260,3537
11/13/2020,73.48,,,119.26,,,85.36,2,170.72,108.52,2,217.04,88.61,,,53.45,11,587.95,213.28,,,128.28,4,513.12,95.66,,,59.63,,,70.57,10,705.7,210.48,,,121.92,,,50.18,,,0.757576,2195,0.89417,,1663,-1.18,1661,1900,-239,3585
11/16/2020,70.92,,,120.3,,,85.93,2,171.86,109.2,2,218.4,88.7,,,53.85,11,592.35,216.73,,,130.11,4,520.44,95.9,,,61.09,,,68.61,10,686.1,212.7,,,121.99,,,50.81,,,0.75631,2189,0.8968,,1656,-1.18,1654,1900,-246,3627
11/17/2020,70.1,,,119.39,,,85.35,2,170.7,108.82,2,217.64,88.08,,,53.68,11,590.48,216.01,,,132.21,4,528.84,94.93,,,61.14,,,67.82,10,678.2,210.71,,,121.3,,,49.79,,,0.7542,2186,0.8949,,1649,-0.62,1648,1900,-252,3610
11/18/2020,70.48,,,118.03,,,84.61,2,169.22,108.91,2,217.82,87.03,,,52.61,11,578.71,215.52,,,131.63,4,526.52,94.45,,,62.28,,,66.9,10,669,207.83,,,120.53,,,49.7,,,0.75435,2161,0.89366,,1630,-0.62,1630,1900,-270,3568
11/19/2020,71.14,,,118.64,,,85.38,2,170.76,109.34,2,218.68,87.93,,,53.13,11,584.43,215.11,,,131.91,4,527.64,94.27,,,61.56,,,66.58,10,665.8,207.57,,,120.58,,,50.71,,,0.75476,2167,0.8956,,1636,-0.62,1635,1900,-265,3582
11/20/2020,72.28,,,117.34,,,85.16,2,170.32,108.72,2,217.44,86.82,,,52.67,11,579.37,214.09,,,132.98,4,531.92,93.14,,,60.68,,,66.65,10,666.5,203.88,,,120.35,,,50.08,,,0.752587,2166,0.89144,,1630,-0.62,1629,1900,-271,3558
11/23/2020,70.9,,,113.85,,,84.54,2,169.08,109,2,218,86.38,,,52.68,11,579.48,217,,,134.13,4,536.52,92.93,,,61.8,,,65.53,10,655.3,208.16,,,120.11,,,50.31,,,0.75024,2158,0.88849,,1619,1.86,1621,1900,-279,3578
11/24/2020,69.88,,,115.17,,,84.71,2,169.42,110.84,2,221.68,88.2,,,53.22,11,585.42,219.71,,,134.7,4,538.8,88.63,,,64.33,,,65.37,10,653.7,209.68,,,120.43,,,50.45,,,0.74832,2169,0.89031,,1623,1.86,1625,1900,-275,3635
11/25/2020,69.7,,,116.03,,,84.75,2,169.5,110.39,2,220.78,88.21,,,52.93,11,582.23,219.34,,,135.54,4,542.16,89.4,,,62.8,,,68.94,10,689.4,210.89,,,119.64,,,50.61,,,0.74708,2204,0.8901,,1647,1.86,1648,1900,-252,3630
11/27/2020,69.76,,,116.59,,,84.9,2,169.8,109.34,2,218.68,89.35,,,52.7,11,579.7,218.33,,,134.25,4,537,88.43,,,63.22,,,68.07,10,680.7,211,,,119.19,,,50.53,,,0.7507,2186,0.8981,,1641,1.86,1643,1900,-257,3638
11/30/2020,70.3,,,119.05,,,85.64,2,171.28,107.05,2,214.1,87.72,,,51.6,11,567.6,217.44,,,134.7,4,538.8,87.11,,,63.51,,,68.69,10,686.9,210.35,,,119.13,,,50.93,,,0.7498,2179,0.89505,,1634,1.86,1635,1900,-265,3622
12/01/2020,69.74,,,122.72,,,86.26,4,345.04,106.58,2,213.16,89.77,,,52.04,11,572.44,216.14,,,135.44,4,541.76,89.16,,,64.88,,,67.24,10,672.4,211.2,,,119.64,,,50.88,,,0.74501,2345,0.89931,,1747,1.40,1748,2000,-252,3662
12/02/2020,68.78,,,123.08,,,85.74,4,342.96,106.47,2,212.94,91.25,,,52.11,11,573.21,210.86,,,135.58,4,542.32,89.2,,,65,,,66.5,10,665,210.18,,,117.13,,,50.17,,,0.7479,2336,0.90602,,1747,1.40,1749,2000,-251,3669
12/03/2020,68.16,,,122.94,,,85.19,4,340.76,106.85,2,213.7,91.09,,,52.78,11,580.58,211.51,,,136.96,4,547.84,88.3,,,65.91,,,65.23,10,652.3,208.05,,,117.14,,,49.77,,,0.74322,2335,0.90266,,1736,1.40,1737,2000,-263,3667
12/04/2020,68.5,,,122.25,,,85.03,4,340.12,108.81,2,217.62,91.19,,,53.85,11,592.35,210.74,,,137.19,4,548.76,89.52,,,66.63,,,65.78,10,657.8,212.68,,,117.54,,,49.64,,,0.744158,2357,0.90045,,1754,1.40,1755,2000,-245,3699
12/07/2020,67.68,,,123.75,,,85.39,4,341.56,109.07,2,218.14,90.85,,,52.99,11,582.89,208.89,,,138.75,4,555,90.25,,,65.88,,,65.25,10,652.5,212.65,,,116.77,,,49.37,,,0.74865,2350,0.90682,,1759,1.40,1761,2000,-239,3692
12/08/2020,69.58,,,124.38,,,85.17,4,340.68,108.75,2,217.5,90.57,,,53.18,11,584.98,208.39,,,139.12,4,556.48,92.84,,,65.42,,,65.89,10,658.9,212.77,,,116.75,,,49.82,,,0.74819,2359,0.9058,,1765,1.40,1766,2000,-234,3702
12/09/2020,69.42,,,121.78,,,84.75,4,339,110.65,2,221.3,88.89,,,53.33,11,586.63,208.69,,,138.79,4,555.16,93.6,,,66.72,,,66.07,10,660.7,209.58,,,116.58,,,49.42,,,0.74811,2363,0.90355,,1768,1.40,1769,2000,-231,3673
12/10/2020,68.74,,,123.24,,,84.59,4,338.36,109.95,2,219.9,88.38,,,53.05,11,583.55,208.04,,,137.58,4,550.32,94.2,,,66.52,,,65.94,10,659.4,207.61,,,114.94,,,49.01,,,0.75156,2352,0.91266,,1767,1.40,1769,2000,-231,3668
12/11/2020,68.82,,,122.41,,,84.68,4,338.72,110.4,2,220.8,88.74,,,53.35,11,586.85,207.76,,,137.41,4,549.64,94.39,,,66.06,,,66.36,10,663.6,206.24,,,115.41,,,49,,,0.755972,2360,0.9158,,1784,1.40,1785,2000,-215,3663
12/14/2020,68.16,,,121.78,,,84.19,4,336.76,109.13,2,218.26,87.61,,,53.27,11,585.97,211.92,,,136.28,4,545.12,94.1,,,65.34,,,65.43,10,654.3,207.25,,,114.78,,,48.55,,,0.75014,2340,0.91134,,1756,1.40,1757,2000,-243,3647
12/15/2020,67.72,,,127.88,,,84.75,4,339,110.71,2,221.42,88.05,,,53.84,11,592.24,214.86,,,139.39,4,557.56,96.69,,,66.74,,,65.61,10,656.1,208.36,,,116.78,,,48.53,,,0.7438,2366,0.90395,,1760,1.40,1761,2000,-239,3695
12/16/2020,68.24,,,127.81,,,85.04,4,340.16,110.21,2,220.42,87.86,,,53.06,11,583.66,213.8,,,138.34,4,553.36,96.36,,,66.62,,,66.8,10,668,208.27,,,116.08,,,48.48,,,0.74058,2366,0.90315,,1752,1.40,1753,2000,-247,3701
12/17/2020,68.36,,,128.7,,,85.66,4,342.64,111.15,2,222.3,87.03,,,53.27,11,585.97,214.25,,,140.5,4,562,96.31,,,67.51,,,66.67,10,666.7,211.18,,,117.51,,,48.7,,,0.73691,2380,0.90359,,1754,4.23,1758,2000,-242,3722
12/18/2020,69.36,,,126.66,,,85.93,4,343.72,110.67,2,221.34,86.31,,,53.74,11,591.14,215.08,,,137.28,4,549.12,96.95,,,67.7,,,66.14,10,661.4,211.31,,,117.41,,,48.65,,,0.739426,2367,0.9057,,1750,4.23,1754,2000,-246,3709
12/21/2020,68.68,,,128.23,,,85.31,4,341.24,109.19,2,218.38,86.73,,,52.81,11,580.91,211.67,,,144.02,4,576.08,97.94,,,67.24,,,65.33,10,653.3,209.01,,,116.51,,,48.66,,,0.74352,2370,0.9099,,1762,4.23,1766,2000,-234,3695
12/22/2020,69.1,,,131.88,,,84.4,4,337.6,108.87,2,217.74,86.01,,,52.76,11,580.36,211.92,,,142.45,4,569.8,97.99,,,66.97,,,65.27,10,652.7,205.84,,,117.92,,,48.07,,,0.7463,2358,0.90936,,1760,4.23,1764,2000,-236,3687
12/23/2020,68.8,,,130.96,,,84.43,4,337.72,108.92,2,217.84,86.41,,,53.08,11,583.88,212.02,,,141.76,4,567.04,97.51,,,67.34,,,65.69,10,656.9,205.3,,,116.25,,,47.74,,,0.74045,2363,0.90267,,1750,4.23,1754,2000,-246,3690
12/24/2020,68.66,,,131.97,,,85.04,4,340.16,109.72,2,219.44,86.71,,,53.44,11,587.84,211.39,,,141.6,4,566.4,98.31,,,66.98,,,66.02,10,660.2,208.7,,,117,,,47.83,,,0.737899,2374,0.89743,,1752,4.23,1756,2000,-244,3703
12/28/2020,69.38,,,136.69,,,85.41,4,341.64,110.69,2,221.38,88.7,,,54.16,11,595.76,214.02,,,142.43,4,569.72,98.12,,,68.4,,,66.48,10,664.8,212.63,,,118.09,,,48.41,,,0.74261,2393,0.90726,,1777,4.23,1782,2000,-218,3735
12/29/2020,70.5,,,134.87,,,85.03,4,340.12,110.08,2,220.16,87.89,,,54.13,11,595.43,212.71,,,141.57,4,566.28,97.69,,,67.99,,,67.65,10,676.5,214.37,,,116.82,,,48.1,,,0.740746,2398,0.90759,,1777,4.23,1781,2000,-219,3727
12/30/2020,69.9,,,133.72,,,84.73,4,338.92,109.44,2,218.88,86.81,,,54.44,11,598.84,211.56,,,141.58,4,566.32,97.41,,,68.3,,,68.51,10,685.1,218.36,,,116.93,,,48.06,,,0.73364,2408,0.90236,,1767,4.23,1771,2000,-229,3732
12/31/2020,69.06,,,132.69,,,85.51,4,342.04,109.85,2,219.7,87.63,,,54.84,11,603.24,214.58,,,141.47,4,565.88,98.88,,,68.29,,,67.91,10,679.1,218.73,,,117.93,,,48.05,,,0.731368,2410,0.88492,,1763,4.91,1767,2000,-233,3756
01/04/2021,70.86,,,129.41,,,84.33,4,337.32,109.58,2,219.16,86.31,,,52.76,11,580.36,210.22,,,140.1,4,560.4,97.13,,,66.81,,,68.1,10,681,217.76,,,114.83,,,48.84,,,0.736833,2378,0.9026,,1752,5.32,1758,2000,-242,3701
01/05/2021,69.68,,,131.01,,,84.52,4,338.08,111.05,2,222.1,87,,,52.18,11,573.98,211.48,,,141.23,4,564.92,96.95,,,66.72,,,68.13,10,681.3,214.51,,,115.21,,,48.58,,,0.7337,2380,0.90241,,1746,5.32,1752,2000,-248,3727
01/06/2021,69.72,,,126.6,,,82.25,4,329,112.97,2,225.94,86.14,,,50.52,11,555.72,211,,,142.35,4,569.4,98.79,,,69.65,,,68.23,10,682.3,212.62,,,117.76,,,48.89,,,0.73393,2362,0.90558,,1734,5.32,1739,2000,-261,3748
01/07/2021,69.68,,,130.92,,,81.8,4,327.2,113.73,2,227.46,88.72,,,49.96,11,549.56,211.98,,,144.95,4,579.8,94.74,,,69.9,,,67.3,10,673,213.81,,,118.05,,,48.88,,,0.73694,2357,0.90416,,1737,5.32,1742,2000,-258,3804
01/08/2021,70.66,,,132.05,,,82.35,4,329.4,116.06,2,232.12,89.89,,,51.08,11,561.88,215.87,,,146.35,4,585.4,94.5,,,70.22,,,68.1,10,681,215.45,,,118.6,,,48.88,,,0.73714,2390,0.899,,1762,5.32,1767,2000,-233,3825
01/11/2021,70.24,,,128.98,,,82.14,4,328.56,114.05,2,228.1,87.81,,,50.2,11,552.2,214.23,,,147.05,4,588.2,95.09,,,68.37,,,66.96,10,669.6,212.89,,,117.04,,,49.1,,,0.73942,2367,0.8991,,1750,5.32,1755,2000,-245,3800
01/12/2021,68.84,,,128.8,,,82.26,4,329.04,114.07,2,228.14,86.87,,,50.11,11,551.21,211.6,,,145.05,4,580.2,95.07,,,68.4,,,66.48,10,664.8,208.86,,,116.4,,,49.66,,,0.7315,2353,0.89308,,1722,5.32,1727,2000,-273,3801
01/13/2021,69.6,,,130.89,,,82.49,4,329.96,113.65,2,227.3,87.36,,,50.16,11,551.76,212.09,,,143.04,4,572.16,94.93,,,68.13,,,66.57,10,665.7,209.35,,,116.21,,,49.15,,,0.73264,2347,0.891,,1719,5.32,1725,2000,-275,3810
01/14/2021,69.72,,,128.91,,,81.94,4,327.76,112.37,2,224.74,86.55,,,49.23,11,541.53,208.5,,,141.3,4,565.2,93.45,,,68.02,,,67.32,10,673.2,201.86,,,114.64,,,48.99,,,0.7308,2332,0.88796,,1705,5.32,1710,2000,-290,3796
01/15/2021,70.1,,,127.14,,,81.88,4,327.52,111.58,2,223.16,86.38,,,48.7,11,535.7,209.91,,,140.72,4,562.88,94.8,,,68.46,,,67.14,10,671.4,201.59,,,114.72,,,48.21,,,0.735938,2321,0.8891,,1708,5.32,1713,2000,-287,3768
01/19/2021,70.02,,,127.83,,,80.85,4,323.4,109.68,2,219.36,89.22,,,48.51,11,533.61,209.09,,,139.27,4,557.08,96.19,,,67.18,,,66.8,10,668,201.66,,,115.01,,,47.8,,,0.73291,2301,0.8896,,1687,5.32,1692,2000,-308,3799
01/20/2021,70.14,,,132.03,,,80.2,4,320.8,110.13,2,220.26,94,,,48.68,11,535.48,213.63,,,142.8,4,571.2,96.06,,,68.29,,,66.99,10,669.9,206.01,,,115.05,,,48.5,,,0.73161,2318,0.88635,,1696,5.32,1701,2000,-299,3852
01/21/2021,69.8,,,136.87,,,79.28,4,317.12,108.26,2,216.52,94.21,,,48.95,11,538.45,213.53,,,141.61,4,566.44,94.26,,,68.06,,,67.41,10,674.1,205.14,,,114.58,,,48.28,,,0.72836,2313,0.88601,,1684,5.32,1690,2000,-310,3853
01/22/2021,69.74,,,139.07,,,78.19,4,312.76,106.62,2,213.24,94.63,,,48.49,11,533.39,213.38,,,139.35,4,557.4,92.31,,,66.91,,,67.12,10,671.2,202.02,,,115.36,,,48.78,,,0.730834,2288,0.88362,,1672,5.32,1677,2000,-323,3841
01/25/2021,69.72,,,142.92,,,78.61,4,314.44,107.99,2,215.98,94.71,,,48.78,11,536.58,213.34,,,137.55,4,550.2,92.42,,,65.68,,,68.59,10,685.9,200.98,,,114.19,,,48.73,,,0.731048,2303,0.888,,1684,5.32,1689,2000,-311,3855
01/26/2021,69.32,,,143.16,,,78.75,4,315,107.19,2,214.38,95.4,,,49.29,11,542.19,215.38,,,135.1,4,540.4,91.72,,,64.47,,,68.51,10,685.1,202.01,,,113.95,,,49.17,,,0.72772,2297,0.88509,,1672,5.32,1677,2000,-323,3850
01/27/2021,69.8,,,142.06,3,426.18,78.03,4,312.12,101.32,2,202.64,90.95,,,48.53,12,582.36,207,,,131.02,4,524.08,87.04,,,63.93,,,66.76,10,667.6,194.97,,,110.96,,,47.95,,,0.73156,2715,0.88538,,1986,4.43,1991,2350,-359,3751
01/28/2021,69.78,,,137.09,3,411.27,79.15,4,316.6,104.02,2,208.04,92.66,,,49.15,12,589.8,206.82,,,134.72,4,538.88,88.49,,,65.49,,,66.47,10,664.7,198.22,,,112.11,,,47.92,,,0.728597,2729,0.8831,,1989,4.43,1993,2350,-357,3787
01/29/2021,68.44,,,131.96,3,395.88,78,4,312,101.17,2,202.34,91.37,,,48.15,12,577.8,207.84,,,133.59,4,534.36,87.19,,,64.04,,,65.63,10,656.3,193.25,,,111.32,,,46.83,,,0.729182,2679,0.87868,,1953,4.43,1958,2350,-392,3714
02/01/2021,69.74,,,134.14,3,402.42,78.52,4,314.08,102.42,2,204.84,94.65,,,48.48,12,581.76,207.93,,,135.71,4,542.84,86.19,,,64.07,,,65.68,10,656.8,198.36,,,112.09,,,46.42,,,0.73106,2703,0.88233,,1976,-2.22,1974,2350,-376,3774
02/02/2021,71,,,134.99,3,404.97,78.85,4,315.4,105.68,2,211.36,95.96,,,48.96,12,587.52,209.76,,,139.59,4,558.36,86.75,,,65.83,,,66.04,10,660.4,202.61,,,113,,,46.92,,,0.7321,2738,0.88123,,2004,-2.22,2002,2350,-348,3826
02/03/2021,69.86,,,133.94,3,401.82,78.88,4,315.52,104.62,2,209.24,102.94,,,48.77,12,585.24,208.71,,,138.63,4,554.52,86.96,,,66.73,,,66.71,10,667.1,201.36,,,112.22,,,47.07,,,0.73265,2733,0.8823,,2003,-2.22,2000,2350,-350,3830
02/04/2021,69.76,,,137.39,3,412.17,78.93,4,315.72,104.39,2,208.78,102.68,,,49.01,12,588.12,211.03,,,140.63,4,562.52,88.14,,,68.58,,,62.83,10,628.3,209.25,,,113.08,,,47.51,,,0.7312,2716,0.87495,,1986,-2.22,1983,2350,-367,3872
02/05/2021,68.76,,,136.76,3,410.28,79.87,4,319.48,106.11,2,212.22,104.44,,,49.65,12,595.8,212.58,,,145.11,4,580.44,87.47,,,68.33,,,61.9,10,619,208.77,,,113.73,,,48.12,,,0.727908,2737,0.87334,,1992,-2.22,1990,2350,-360,3887
02/08/2021,68.68,,,136.91,3,410.73,79.7,4,318.8,106.37,2,212.74,104.23,,,49.92,12,599.04,211.58,,,143.41,4,573.64,86.17,,,69.97,,,61.9,10,619,206.89,,,114.38,,,48.34,,,0.7275,2734,0.87676,,1989,-2.22,1987,2350,-363,3916
02/09/2021,69.18,,,136.01,3,408.03,78.7,4,314.8,107.21,2,214.42,103.77,,,49.7,12,596.4,215.98,,,141.79,4,567.16,86.27,,,69,,,61.29,10,612.9,206.52,,,113.55,,,48.61,,,0.723694,2714,0.87691,,1964,-2.22,1962,2350,-388,3911
02/10/2021,68.58,,,135.39,3,406.17,79.11,4,316.44,106.57,2,213.14,104.32,,,49.6,12,595.2,214.4,,,142.46,4,569.84,85.53,,,68.6,,,61.03,10,610.3,206.44,,,113.69,,,48.04,,,0.72293,2711,0.87607,,1960,-2.22,1958,2350,-392,3910
02/11/2021,69.14,,,135.13,3,405.39,78.41,4,313.64,108.18,2,216.36,104.44,,,50.3,12,603.6,214.27,,,143.54,4,574.16,86.37,,,69.02,,,61.14,10,611.4,210.66,,,113.22,,,48.01,,,0.7241,2725,0.87817,,1973,-2.22,1971,2350,-379,3916
02/12/2021,70.46,,,135.37,3,406.11,78.43,4,313.72,110.62,2,221.24,104.75,,,50.69,12,608.28,213.9,,,142.12,4,568.48,86.27,,,68,,,61.93,10,619.3,209.96,,,113.25,,,48.16,,,0.7223,2737,0.8753,,1977,-2.22,1975,2350,-375,3935
02/16/2021,70.6,,,133.19,3,399.57,78.19,4,312.76,110.13,2,220.26,105.54,,,50.27,12,603.24,215.03,,,141.71,4,566.84,85.13,,,67.5,,,62.71,10,627.1,207.9,,,112.6,,,48.55,,,0.72004,2730,0.8705,,1966,-1.84,1964,2350,-386,3933
02/17/2021,70.16,,,130.84,3,392.52,78.44,4,313.76,108.93,2,217.86,105.93,,,50.13,12,601.56,213.45,,,143.99,4,575.96,86.25,,,66.83,,,61.94,10,619.4,207.51,,,112.21,,,49.07,,,0.72117,2721,0.86867,,1962,-0.77,1962,2350,-388,3931
02/18/2021,70.02,,,129.71,5,648.55,78.72,4,314.88,108.02,3,324.06,105.29,,,50.77,12,609.24,215.43,,,145.09,6,870.54,88.1,,,68.3,,,62.57,11,688.27,209.35,,,113.43,,,45.89,,,0.71595,3456,0.86565,,2474,-2.51,2471,2850,-379,3914
02/19/2021,69.5,,,129.87,5,649.35,77.2,4,308.8,109.08,3,327.24,104.44,,,50.11,12,601.32,212.24,,,142.02,6,852.12,87.06,,,67.69,,,61.18,11,672.98,204.73,,,111.63,,,46.11,,,0.713827,3412,0.85898,,2435,-2.51,2433,2850,-417,3907
02/22/2021,68.52,,,126,5,630,77.27,4,309.08,107.38,3,322.14,102.71,,,50.63,12,607.56,212.06,,,136.67,6,820.02,87.79,,,69.55,,,61.1,11,672.1,208.32,,,110.56,,,45.9,,,0.71067,3361,0.86458,,2388,-2.51,2386,2850,-464,3877
02/23/2021,68.14,,,125.86,5,629.3,77.49,4,309.96,108.91,3,326.73,103.01,,,50.54,12,606.48,211.32,,,136.13,6,816.78,89.75,,,70.23,,,62.35,11,685.85,212.11,,,109.92,,,45.16,,,0.7082,3375,0.8607,,2390,-2.51,2388,2850,-462,3881
02/24/2021,63.88,,,125.35,5,626.75,76.64,4,306.56,110.66,3,331.98,104.19,,,50.71,12,608.52,213.27,,,135.65,6,813.9,87.74,,,69.86,,,61.04,11,671.44,219.43,,,111.87,,,44.4,,,0.7068,3359,0.8602,,2374,-2.51,2372,2850,-478,3925
02/25/2021,65.52,,,120.99,5,604.95,76.69,4,306.76,110.66,3,331.98,100.8,,,50.17,12,602.04,210.95,,,135.54,6,813.24,87.11,,,67.68,,,60.54,11,665.94,213.75,,,112.27,,,43.98,,,0.71387,3325,0.8679,,2374,-2.51,2371,2850,-479,3829
02/26/2021,65.68,,,121.26,5,606.3,75.2,4,300.8,109.32,3,327.96,101.1,,,48.99,12,587.88,206.14,,,134.78,6,808.68,85.95,,,65.99,,,58.57,11,644.27,212.39,,,110.89,,,43.31,,,0.717875,3276,0.86262,,2352,-2.51,2349,2850,-501,3811
03/01/2021,65.98,,,127.79,5,638.95,75.6,4,302.4,111.9,3,335.7,103.48,,,49.9,12,598.8,208.25,,,137.65,6,825.9,87.64,,,67.25,,,59.22,11,651.42,216.63,,,112.48,,,43.79,,,0.7179,3353,0.86477,,2407,-2.51,2405,2850,-445,3902
03/02/2021,66.74,,,125.12,5,625.6,75.42,4,301.68,111.95,3,335.85,103.22,,,50.1,12,601.2,208.67,,,137.02,6,822.12,88.71,,,66.21,,,59.92,11,659.12,215.77,,,114.33,,,43.37,,,0.71659,3346,0.86599,,2397,-2.51,2395,2850,-455,3870
03/03/2021,66.08,,,122.06,5,610.3,74.61,4,298.44,111.47,3,334.41,100.57,,,49.98,12,599.76,205.82,,,134.26,6,805.56,88.86,,,63.66,,,60.12,11,661.32,214.85,,,113.97,,,42.53,,,0.71803,3310,0.86523,,2377,-2.51,2374,2850,-476,3820
03/04/2021,66.68,,,120.13,5,600.65,74.44,4,297.76,108.97,3,326.91,101.7,,,49.94,12,599.28,204.84,,,132.04,6,792.24,86.99,,,62.55,,,60.17,11,661.87,211.5,,,115.52,,,42.51,,,0.71973,3279,0.86131,,2360,-2.51,2357,2850,-493,3768
03/05/2021,66.06,,,121.42,5,607.1,76.06,4,304.24,112.37,3,337.11,104.85,,,50.79,12,609.48,207.37,,,133.35,6,800.1,89.56,,,62.72,,,60.77,11,668.47,215.41,,,118.68,,,43.04,,,0.722543,3327,0.86068,,2404,-2.51,2401,2850,-449,3842
03/08/2021,67.36,,,116.36,5,581.8,76.45,4,305.8,113.35,3,340.05,100.38,,,51.64,12,619.68,209.11,,,134.56,6,807.36,91.02,,,65.18,,,60.73,11,668.03,220.27,,,121.73,,,42.63,,,0.7234,3323,0.85731,,2404,-2.51,2401,2850,-449,3821
03/09/2021,68.36,,,121.09,5,605.45,74.94,4,299.76,112.92,3,338.76,102.02,,,50.86,12,610.32,208.55,,,135.95,6,815.7,90.18,,,66.08,,,60.87,11,669.57,220.36,,,119.6,,,42.96,,,0.71992,3340,0.8566,,2404,-2.51,2402,2850,-448,3875
03/10/2021,69.08,,,119.98,5,599.9,75.8,4,303.2,114.42,3,343.26,101.81,,,51.44,12,617.28,213.31,,,137.59,6,825.54,92.22,,,65.6,,,61.68,11,678.48,223.17,,,121.69,,,44.06,,,0.7178,3368,0.8558,,2417,-2.51,2415,2850,-435,3899
03/11/2021,68.62,,,121.96,5,609.8,75.27,4,301.08,115.27,3,345.81,105.03,,,50.88,12,610.56,211.57,,,141.19,6,847.14,92.79,,,66.08,,,61.41,11,675.51,226.15,,,120,,,44.04,,,0.7148,3390,0.85655,,2423,-2.51,2421,2850,-429,3939
03/12/2021,68.26,,,121.03,5,605.15,75.51,4,302.04,115.69,3,347.07,102.5,,,50.36,12,604.32,212.34,,,140.45,6,842.7,93.04,,,66.84,,,62.02,11,682.22,224.36,,,121.79,,,44.71,,,0.7183,3384,0.85721,,2430,-2.51,2428,2850,-422,3943
03/15/2021,69.5,,,123.99,5,619.95,75.68,4,302.72,116.69,3,350.07,102.72,,,51.03,12,612.36,220.46,,,144.94,6,869.64,93.38,,,68.02,,,62.04,11,682.44,223.27,,,122.62,,,44.48,,,0.71947,3437,0.858,,2473,-2.51,2470,2850,-380,3969
03/16/2021,70.18,,,125.57,5,627.85,75.86,4,303.44,117.56,3,352.68,104.19,,,51.22,12,614.64,219.86,,,144.65,6,867.9,93.37,,,66.72,,,63.12,11,694.32,224.7,,,122.91,,,44.46,,,0.71931,3461,0.8561,,2489,-2.51,2487,2850,-363,3963
03/17/2021,70.14,,,124.76,5,623.8,75.8,4,303.2,118.06,3,354.18,104.11,,,51.24,12,614.88,224.11,,,144.82,6,868.92,91.1,,,67.34,,,62.72,11,689.92,223.02,,,118.99,,,44.09,,,0.71552,3455,0.85739,,2472,-2.51,2470,2850,-380,3974
03/18/2021,70.3,,,120.53,5,602.65,76.07,4,304.28,118.12,3,354.36,101.07,,,50.57,12,606.84,222.9,,,143.17,6,859.02,90.35,,,66.52,,,62.91,11,692.01,220.66,,,121.9,,,43.34,,,0.71813,3419,0.85586,,2455,-2.51,2453,2850,-397,3915
03/19/2021,70.52,,,119.99,5,599.95,74.98,4,299.92,116.82,3,350.46,101.35,,,50.81,12,609.72,222.44,,,137.49,6,824.94,90.94,,,66.61,,,62.09,11,682.99,206.9,,,121.57,,,43.91,,,0.720929,3368,0.86,,2428,1.50,2430,2850,-420,3913
03/22/2021,71.02,,,123.39,5,616.95,75.77,4,303.08,113.16,3,339.48,101.53,,,51,12,612,225.07,,,138.27,6,829.62,90.13,,,66.5,,,62.63,11,688.93,208,,,123.37,,,44.12,,,0.72137,3390,0.86083,,2445,1.50,2447,2850,-403,3941
03/23/2021,72.04,,,122.54,5,612.7,77.75,4,311,113.86,3,341.58,102.07,,,51.39,12,616.68,224.37,,,137.12,6,822.72,90.75,,,64.53,,,63.02,11,693.22,208.15,,,124.1,,,44.65,,,0.72831,3398,0.86229,,2475,1.50,2476,3050,-574,3911
03/24/2021,72,,,120.09,5,600.45,77.77,4,311.08,116.25,3,348.75,101.63,,,51.52,12,618.24,224.05,,,133.16,6,798.96,92.49,,,64.33,,,62.62,11,688.82,208.07,,,124.82,,,44.37,,,0.73052,3366,0.86241,,2459,1.50,2461,3050,-589,3889
03/25/2021,72.58,,,120.59,7,844.13,77.89,4,311.56,116.18,3,348.54,101.62,,,52.02,12,624.24,224.2,,,128.64,6,771.84,94.23,,,65.08,,,62.98,11,692.78,207.97,,,127.43,,,44.67,,,0.72732,3593,0.85649,,2613,1.06,2614,3050,-436,3910
03/26/2021,72.7,,,121.21,7,848.47,79.22,4,316.88,116.84,3,350.52,101.24,,,53.04,12,636.48,225.21,,,132.99,6,797.94,95.25,,,66.04,,,63.21,11,695.31,213.53,,,129.8,,,45.04,,,0.725263,3646,0.8572,,2644,1.06,2645,3050,-405,3975
03/29/2021,73.78,,,121.39,7,849.73,79.9,4,319.6,116.76,3,350.28,102.29,,,53.85,12,646.2,227.35,,,133.49,6,800.94,96.2,,,65.53,,,63.75,11,701.25,214.51,,,130.34,,,45.56,,,0.72595,3668,0.85434,,2663,1.06,2664,3050,-386,3971
03/30/2021,73.66,,,119.9,7,839.3,79.33,4,317.32,115.98,3,347.94,102.32,,,53.15,12,637.8,224.98,,,132.95,6,797.7,95.55,,,66.52,,,62.91,11,692.01,211.9,,,129.28,,,45.25,,,0.72745,3632,0.85279,,2642,1.06,2643,3050,-407,3959
03/31/2021,74.12,,,122.15,7,855.05,78.83,4,315.32,115.98,3,347.94,103.13,,,52.71,12,632.52,224.14,,,132.89,6,797.34,95.61,,,66.15,,,62.81,11,690.91,211.73,,,129.02,,,45.28,,,0.72536,3639,0.85065,,2640,1.06,2641,3050,-409,3973
04/01/2021,74.76,,,123,7,861,78.55,4,314.2,117.76,3,353.28,106.49,,,52.51,12,630.12,225.21,,,132.53,6,795.18,95.55,,,65.98,,,62.84,11,691.24,216.86,,,129.28,,,45.21,,,0.7228,3645,0.8512,,2635,1.06,2636,3050,-414,4020
04/05/2021,74.76,,,125.9,7,881.3,79.53,4,318.12,118.23,3,354.69,110.95,,,52.81,12,633.72,228.85,,,135.12,6,810.72,96.72,,,67.76,,,63.34,11,696.74,219.04,,,130.99,,,46.48,,,0.7187,3695,0.84931,,2656,5.96,2662,3050,-388,4078
04/06/2021,75.14,,,126.21,7,883.47,79.86,4,319.44,116.67,3,350.01,110.46,,,53.19,12,638.28,231.91,,,137.16,6,822.96,95.43,,,67.64,,,63.54,11,698.94,218.65,,,131.6,,,46.7,,,0.723,3713,0.8587,,2685,5.96,2691,3050,-359,4074
04/07/2021,75,,,127.9,7,895.3,79.62,4,318.48,116.6,3,349.8,111.95,,,53.28,12,639.36,232.61,,,136.54,6,819.24,95.86,,,67.78,,,63.78,11,701.58,219.27,,,132.41,,,46.6,,,0.7276,3724,0.864,,2709,5.96,2715,3050,-335,4080
04/08/2021,76.22,,,130.36,7,912.52,79.64,4,318.56,116.1,3,348.3,112.52,,,53.12,12,637.44,230.25,,,133.68,6,802.08,94.98,,,69.03,,,64.15,11,705.65,220.7,,,132.84,,,46.57,,,0.7281,3725,0.86739,,2712,5.96,2718,3050,-332,4097
04/09/2021,76.12,,,133,7,931,79.78,4,319.12,117.5,3,352.5,113.53,,,53.18,12,638.16,231.48,,,135.45,6,812.7,95.68,,,69.45,,,63.84,11,702.24,222.52,,,134.68,,,46.59,,,0.729395,3756,0.86144,,2739,5.96,2745,3050,-305,4129
04/12/2021,76.22,,,131.24,7,918.68,80.16,4,320.64,117.01,3,351.03,112.23,,,53.35,12,640.2,230.96,,,136.64,6,819.84,96.43,,,69.52,,,63.97,11,703.67,221.47,,,134.47,,,46.6,,,0.72707,3754,0.866,,2729,5.96,2735,3050,-315,4128
04/13/2021,76.38,,,134.43,7,941.01,79.73,4,318.92,117.07,3,351.21,112.72,,,53.09,12,637.08,231.32,,,133.54,6,801.24,97.29,,,68.46,,,63.95,11,703.45,221.02,,,134.46,,,46.46,,,0.72676,3753,0.86872,,2727,5.96,2733,3050,-317,4142
04/14/2021,75.98,,,132.03,7,924.21,79.4,4,317.6,116.96,3,350.88,112.1,,,53.08,12,636.96,230.31,,,132.26,6,793.56,97.18,,,68.61,,,63.74,11,701.14,221.98,,,133.88,,,46.44,,,0.72573,3724,0.8697,,2703,6.89,2710,3050,-340,4125
04/15/2021,76.3,,,134.5,7,941.5,80.46,4,321.84,117.43,3,352.29,114.26,,,53.33,12,639.96,231.28,,,133.67,6,802.02,100.4,,,69.24,,,64.6,11,710.6,226.28,,,134.52,,,46.72,,,0.7254,3768,0.86826,,2733,6.89,2740,3050,-310,4170
04/16/2021,76.86,,,134.16,7,939.12,80.7,4,322.8,118.77,3,356.31,114.14,,,53.68,12,644.16,233.08,,,134.31,6,805.86,98.76,,,69.99,,,64.77,11,712.47,226.41,,,135.05,,,46.87,,,0.722543,3781,0.86354,,2732,6.89,2739,3050,-311,4185
04/19/2021,76.78,,,134.84,7,943.88,80.37,4,321.48,118.13,3,354.39,114.49,,,54,12,648,231.81,,,132.57,6,795.42,99.29,,,69,,,64.89,11,713.79,225.79,,,134.43,,,46.57,,,0.7146,3777,0.8606,,2699,7.97,2707,3050,-343,4163
04/20/2021,76.88,,,133.11,7,931.77,81.33,4,325.32,110.15,3,330.45,113.95,,,54.17,12,650.04,233.01,,,127.11,6,762.66,99.79,,,67.75,,,65.04,11,715.44,223.28,,,134.87,,,46.93,,,0.71742,3716,0.86322,,2666,7.97,2674,3050,-376,4135
04/21/2021,77.12,,,133.5,7,934.5,81.15,4,324.6,110.97,3,332.91,113.92,,,54.61,12,655.32,232.26,,,129.9,6,779.4,101.21,,,68.48,,,64.92,11,714.12,227.45,,,135.56,,,47.07,,,0.71778,3741,0.86399,,2685,7.97,2693,3050,-357,4173
04/22/2021,77.44,,,131.94,7,923.58,81.05,4,324.2,109.91,3,329.73,112.63,,,54.44,12,653.28,232.96,,,129.18,6,775.08,100.15,,,69.17,,,64.31,11,707.41,227.57,,,134.75,,,46.56,,,0.72253,3713,0.86811,,2683,7.97,2691,3050,-359,4135
04/23/2021,77.08,,,134.32,7,940.24,79.79,4,319.16,108.86,3,326.58,115,,,54.47,12,653.64,234.58,,,130.19,6,781.14,100.76,,,70.39,,,63.99,11,703.89,230,,,135.5,,,46.63,,,0.720461,3725,0.86221,,2683,7.97,2691,3050,-359,4180
04/26/2021,75.62,,,134.72,7,943.04,79.28,4,317.12,109.46,3,328.38,115.5,,,53.66,12,643.92,232.31,,,131.6,6,789.6,99.86,,,69.28,,,64.01,11,704.11,230.34,,,133.93,,,45.97,,,0.71965,3726,0.86927,,2682,7.97,2690,3050,-360,4188
04/27/2021,75.6,,,134.39,7,940.73,78.56,4,314.24,108,3,324,114.55,,,53.58,12,642.96,234.98,,,132.11,6,792.66,99.91,,,69.8,,,63.55,11,699.05,229.91,,,135.06,,,46.13,,,0.71924,3714,0.8694,,2671,7.97,2679,3250,-571,4187
04/28/2021,75.62,,,133.58,7,935.06,78.77,4,315.08,108.99,3,326.97,117.95,,,53.59,12,643.08,232.41,,,130.71,6,784.26,100.36,,,69.95,,,63.89,11,702.79,233.45,,,136.23,,,45.96,,,0.7165,3707,0.8694,,2656,7.97,2664,3250,-586,4183
04/29/2021,75.2,,,133.48,7,934.36,79.82,4,319.28,108.3,3,324.9,119.64,,,54.26,12,651.12,235.21,,,133.26,6,799.56,101.95,,,71.42,,,66.29,11,729.19,236.86,,,137.18,,,46.54,,,0.7167,3758,0.8691,,2694,7.97,2702,3250,-548,4211
04/30/2021,75.26,,,131.46,7,920.22,80.7,4,322.8,107.65,3,322.95,117.68,,,53.98,12,647.76,236.08,,,132.62,6,795.72,100.74,,,71,,,66.06,11,726.66,233.56,,,137.97,,,46.64,,,0.723694,3736,0.86828,,2704,7.97,2712,3250,-538,4181
05/03/2021,75.98,,,132.54,7,927.78,81.07,4,324.28,109.11,3,327.33,117.15,,,54.48,12,653.76,235.56,,,133.03,6,798.18,102.56,,,72.08,,,66.61,11,732.71,232.61,,,140.34,,,47.37,,,0.71923,3764,0.86722,,2707,7.97,2715,3250,-535,4193
05/04/2021,75.8,,,127.85,7,894.95,81.09,4,324.36,108.71,3,326.13,115.34,,,54.14,12,649.68,233.86,,,131.55,6,789.3,103.13,,,70.82,,,65.6,11,721.6,232.03,,,140.88,,,46.91,,,0.72004,3706,0.865,,2668,7.97,2676,3350,-674,4165
05/05/2021,78.06,,,128.1,7,896.7,81.32,4,325.28,109.94,3,329.82,115.74,,,54,12,648,235.04,,,132.21,6,793.26,103.8,,,71.03,,,66.31,11,729.41,229.21,,,141.64,,,46.87,,,0.71892,3722,0.86323,,2676,7.97,2684,3350,-666,4168
05/06/2021,78.18,,,129.74,7,908.18,82.31,4,329.24,110.21,3,330.63,116.87,,,54.54,12,654.48,234.86,,,133.49,6,800.94,104.2,,,71.76,,,67.15,11,738.65,231.32,,,141.48,,,47.02,,,0.7195,3762,0.86822,,2707,7.97,2715,3350,-635,4202
05/07/2021,79,,,130.21,7,911.47,82.18,4,328.72,112.36,3,337.08,117.6,,,54.51,12,654.12,234.84,,,137.81,6,826.86,105.18,,,73.78,,,67.21,11,739.31,232.12,,,141.38,,,46.73,,,0.714845,3798,0.86801,,2715,7.97,2723,3350,-627,4233
05/10/2021,78.34,,,126.85,7,887.95,83.34,4,333.36,113.17,3,339.51,114.59,,,54.91,12,658.92,237.11,,,136.4,6,818.4,105.74,,,72.99,,,68.01,11,748.11,225.97,,,143.26,,,46.94,,,0.70765,3786,0.85912,,2679,7.97,2687,3350,-663,4188
05/11/2021,77.02,,,125.91,7,881.37,82.44,4,329.76,112.47,3,337.41,113.5,,,54.32,12,651.84,233.86,,,137.12,6,822.72,105.08,,,72.01,,,67.53,11,742.83,225.48,,,141.2,,,46.52,,,0.7073,3766,0.8589,,2664,7.97,2672,3350,-678,4152
05/12/2021,77.26,,,122.77,7,859.39,82.05,4,328.2,110.76,3,332.28,110.01,,,54.04,12,648.48,227.94,,,133.39,6,800.34,104.76,,,69.53,,,67.4,11,741.4,220.63,,,138.18,,,45.31,,,0.71105,3710,0.85879,,2638,7.97,2646,3350,-704,4063
05/13/2021,77.64,,,124.97,7,874.79,83.26,4,333.04,111.05,3,333.15,111.45,,,54.51,12,654.12,229.77,,,133.61,6,801.66,106.05,,,70.9,,,67.78,11,745.58,223.74,,,141.42,,,46.08,,,0.7117,3742,0.85973,,2663,7.97,2671,3350,-679,4113
05/14/2021,78.12,,,127.45,7,892.15,83.56,4,334.24,107.33,3,321.99,113.92,,,54.73,12,656.76,231.72,,,135.93,6,815.58,107.1,,,72.43,,,68.16,11,749.76,226.94,,,141.94,,,46.51,,,0.70922,3770,0.86107,,2674,7.97,2682,3350,-668,4174
05/17/2021,78.08,,,126.27,7,883.89,83.55,4,334.2,108.51,3,325.53,114.45,,,54.64,12,655.68,231.68,,,136.41,6,818.46,106.56,,,72.01,,,68.68,11,755.48,226.44,,,141.51,,,46.3,,,0.70678,3773,0.85919,,2667,7.97,2675,3350,-675,4163
05/18/2021,78.12,,,124.85,7,873.95,83.11,4,332.44,108.44,3,325.32,113.12,,,54.34,12,652.08,231.93,,,135.56,6,813.36,105.98,,,71.14,,,68.42,11,752.62,225.57,,,140.47,,,47.3,,,0.70482,3750,0.86144,,2643,7.97,2651,3350,-699,4128
05/19/2021,77.8,,,124.69,7,872.83,83.21,4,332.84,106.41,3,319.23,113.58,,,54.17,12,650.04,230.15,,,132.96,6,797.76,101,,,67.38,,,68.13,11,749.43,224.59,,,139.15,,,47.31,,,0.70891,3722,0.8626,,2639,7.97,2647,3350,-703,4116
05/20/2021,79.06,,,127.31,7,891.17,84.09,4,336.36,106.39,3,319.17,115.35,,,54.65,12,655.8,232.18,,,133.27,6,799.62,102.04,,,67.37,,,68.38,11,752.18,226.44,,,140.43,,,47.47,,,0.70494,3754,0.8616,,2647,7.97,2655,3350,-695,4159
05/21/2021,79.22,,,125.43,7,878.01,84.23,4,336.92,104.29,3,312.87,114.71,,,54.62,12,655.44,231.24,,,132.66,6,795.96,99.14,,,67.04,,,68.06,11,748.66,226.77,,,140.97,,,47.25,,,0.706554,3728,0.85967,,2634,7.97,2642,3350,-708,4156
05/24/2021,79.48,,,127.1,7,889.7,84.4,4,337.6,102.63,3,307.89,118.05,,,54.8,12,657.6,231.91,,,134.06,6,804.36,97.46,,,66.36,,,68.1,11,749.1,229.32,,,141.11,,,47.25,,,0.70641,3746,0.86281,,2646,7.97,2654,3350,-696,4197
05/25/2021,79.5,,,126.9,7,888.3,84.59,4,338.36,105.39,3,316.17,118.14,,,54.79,12,657.48,232.14,,,134.32,6,805.92,97.28,,,67.27,,,68.52,11,753.72,229.02,,,140.69,,,47.45,,,0.70702,3760,0.866,,2658,7.97,2666,3350,-684,4188
05/26/2021,79.34,,,126.85,7,887.95,84.43,4,337.72,107.77,3,323.31,119.02,,,55.03,12,660.36,232.35,,,136.89,6,821.34,98.4,,,67.86,,,68.32,11,751.52,227.07,,,139.77,,,47.39,,,0.70841,3782,0.8635,,2679,7.97,2687,3350,-663,4196
05/27/2021,78.6,,,125.28,7,876.96,83.69,4,334.76,110.81,3,332.43,118.13,,,55.49,12,665.88,234.86,,,136.56,6,819.36,99.15,,,67.24,,,66.98,11,736.78,226.86,,,140.55,,,47.23,,,0.70404,3766,0.8584,,2652,7.97,2660,3350,-690,4201
05/28/2021,78.74,,,124.61,7,872.27,83.78,4,335.12,112.57,3,337.71,117.84,,,55.29,12,663.48,233.89,,,136.46,6,818.76,99.08,,,67.54,,,67.47,11,742.17,227.3,,,140.68,,,47.34,,,0.704722,3770,0.85192,,2656,7.97,2664,3450,-786,4204
06/01/2021,78.18,,,124.28,7,869.96,82.48,4,329.92,112.13,3,336.39,119.06,,,55.28,12,663.36,233.24,,,134.51,6,807.06,99.31,,,67.19,,,67.48,11,742.28,226.63,,,140.07,4,560.28,47.22,,,0.70636,4309,0.86297,,3044,7.53,3051,3450,-399,4202
06/02/2021,78.56,,,125.06,7,875.42,82.88,4,331.52,111.59,3,334.77,118.53,,,55.5,12,666,233.78,,,134.17,6,805.02,100.47,,,65.98,,,67.98,11,747.78,229.66,,,141.12,4,564.48,47.12,,,0.70562,4325,0.86153,,3052,7.53,3059,3450,-391,4208
06/03/2021,79.04,,,123.54,7,864.78,83.95,4,335.8,111.74,3,335.22,117.38,,,55.64,12,667.68,232.45,,,134.17,6,805.02,99.96,,,65.84,,,68.07,11,748.77,228.11,,,140.58,4,562.32,47.2,,,0.70872,4320,0.8599,,3061,7.53,3069,3450,-381,4193
06/04/2021,79.36,,,125.89,7,881.23,83.97,4,335.88,112.48,3,337.44,119.68,,,56.24,12,674.88,233.38,,,133.74,6,802.44,100.36,,,65.64,,,68.19,11,750.09,230.14,,,140.75,4,563,47.28,,,0.70609,4345,0.85624,,3068,7.53,3075,3450,-375,4230
06/07/2021,79.08,,,125.9,7,881.3,83.9,4,335.6,110.96,3,332.88,120.12,,,56.04,12,672.48,231.69,,,133.95,6,803.7,96.39,,,65.32,,,68.25,11,750.75,231.32,,,139.57,4,558.28,46.97,,,0.70539,4335,0.85988,,3058,7.53,3065,3450,-385,4227
06/08/2021,79.62,,,126.74,7,887.18,82.93,4,331.72,110.16,3,330.48,119.92,,,55.65,12,667.8,232.64,,,133.35,6,800.1,95.86,,,65.75,,,67.95,11,747.45,232.05,,,139.34,4,557.36,46.61,,,0.70672,4322,0.86023,,3055,7.53,3062,3450,-388,4227
06/09/2021,80.52,,,127.13,7,889.91,82.56,4,330.24,109.96,3,329.88,120.4,,,55.48,12,665.76,231.47,,,131.84,6,791.04,94.82,,,65.03,,,67.43,11,741.73,232.31,,,139.58,4,558.32,46.36,,,0.7086,4307,0.863,,3052,7.53,3059,3450,-391,4220
06/10/2021,80.56,,,126.11,7,882.77,83.6,4,334.4,110.23,3,330.69,121.76,,,55.91,12,670.92,234.59,,,130.98,6,785.88,94.02,,,64.77,,,68.07,11,748.77,233.95,,,139.93,4,559.72,46.63,,,0.70571,4313,0.859,,3044,7.53,3051,3450,-399,4239
06/11/2021,80.6,,,127.35,7,891.45,83.63,4,334.52,110.32,3,330.96,121.51,,,56.16,12,673.92,236.93,,,131.94,6,791.64,93.6,,,65.76,,,67.92,11,747.12,234.96,,,139.91,4,559.64,46.92,,,0.708717,4329,0.85333,,3068,7.53,3076,3450,-374,4247
06/14/2021,80.96,,,130.48,7,913.36,83.41,4,333.64,111.04,3,333.12,122.45,,,55.55,12,666.6,236.98,,,131.36,6,788.16,93.12,,,65.13,,,68.44,11,752.84,234.08,,,140.25,4,561,46.85,,,0.70872,4349,0.85908,,3082,11.54,3094,3450,-356,4255
06/15/2021,81.44,,,129.64,7,907.48,83.27,4,333.08,110.24,3,330.72,121.42,,,55.41,12,664.92,236.35,,,130.29,6,781.74,93.76,,,65.4,,,68.44,11,752.84,232.98,,,140.86,4,563.44,46.67,,,0.71015,4334,0.86101,,3078,11.54,3089,3450,-361,4247
06/16/2021,82.02,,,130.15,7,911.05,81.95,4,327.8,107.95,3,323.85,120.77,,,54.67,12,656.04,235.58,,,130.4,6,782.4,92.92,,,65.2,,,68.18,11,749.98,229.6,,,139.82,4,559.28,45.72,,,0.71476,4310,0.8572,,3081,11.50,3092,3450,-358,4224
06/17/2021,82.46,,,131.79,7,922.53,82.43,4,329.72,106,3,318,121.74,,,54.95,12,659.4,233.88,,,128.92,6,773.52,91.84,,,64.7,,,68.47,11,753.17,232.15,,,139.3,4,557.2,45.91,,,0.71743,4314,0.85464,,3095,11.50,3106,3450,-344,4222
06/18/2021,82.68,,,130.46,7,913.22,81.02,4,324.08,104.68,3,314.04,120.11,,,53.77,12,645.24,229.62,,,128.41,6,770.46,92.31,,,63.37,,,66.94,11,736.34,230.41,,,137.07,4,548.28,45.06,,,0.723956,4252,0.8553,,3078,11.50,3090,3450,-360,4166
06/21/2021,83.28,,,132.3,7,926.1,81.44,4,325.76,105.04,3,315.12,121.81,,,54.36,12,652.32,232.9,,,130.08,6,780.48,94.6,,,64.91,,,67.48,11,742.28,234.32,,,139.36,4,557.44,45.47,,,0.718112,4300,0.85542,,3088,12.91,3100,3450,-350,4225
06/22/2021,83.84,,,133.98,7,937.86,81.29,4,325.16,105.57,3,316.71,122.33,,,54.56,12,654.72,233.88,,,132.48,6,794.88,94.95,,,65.91,,,67.48,11,742.28,235.93,,,139.67,4,558.68,45.68,,,0.71685,4330,0.8556,,3104,12.91,3117,3450,-333,4246
06/23/2021,83.62,,,133.7,7,935.9,80.25,4,321,105.34,3,316.02,122.13,,,54.12,12,649.44,233.24,,,133.1,6,798.6,94.92,,,65.86,,,66.97,11,736.67,234.68,,,138.52,4,554.08,45.32,,,0.71595,4312,0.854,,3087,12.91,3100,3450,-350,4242
06/24/2021,84.94,,,133.41,7,933.87,80.56,4,322.24,105.98,3,317.94,122.5,,,54.39,12,652.68,233.33,,,133.6,6,801.6,95.69,,,66.97,,,66.63,11,732.93,236.24,,,138.54,4,554.16,45.64,,,0.71855,4315,0.85707,,3101,12.91,3114,3450,-336,4266
06/25/2021,84.6,,,133.11,7,931.77,81.46,4,325.84,106.56,3,319.68,122.51,,,54.32,12,651.84,232.42,,,154.35,6,926.1,96.85,,,67.53,,,67.03,11,737.33,237.32,,,139.11,4,556.44,46.18,,,0.719942,4449,0.85977,,3203,12.91,3216,3450,-234,4281
06/28/2021,85,,,134.78,7,943.46,81.72,4,326.88,105.56,3,316.68,122.54,,,54.26,12,651.12,231.09,,,152.36,6,914.16,97.33,,,66.49,,,66.95,11,736.45,234.09,,,139.18,4,556.72,46.03,,,0.72051,4445,0.8594,,3203,12.91,3216,3450,-234,4291
06/29/2021,84.24,,,136.33,7,954.31,81.25,4,325,106.31,3,318.93,122.27,,,53.86,12,646.32,230.37,,,155.95,6,935.7,98.44,,,66.7,,,66.67,11,733.37,235.95,,,139.46,4,557.84,45.77,,,0.7224,4471,0.85977,,3230,12.91,3243,3450,-207,4292
06/30/2021,84.72,,,136.96,7,958.72,81.35,4,325.4,105.52,3,316.56,122.09,,,54.11,12,649.32,230.99,,,154.49,6,926.94,98.21,,,67.42,,,65.81,11,723.91,233.82,,,140.11,4,560.44,47.01,,,0.72311,4461,0.85729,,3226,12.91,3239,3450,-211,4298
07/01/2021,85.06,,,137.27,7,960.89,81.74,4,326.96,105.62,3,316.86,122.44,,,53.96,12,647.52,232.27,,,158,6,948,98.84,,,67.88,,,66.13,11,727.43,235.15,,,141.17,4,564.68,46.44,,,0.72677,4492,0.86089,,3265,13.71,3279,3550,-271,4320
07/02/2021,85.66,,,139.96,7,979.72,81.7,4,326.8,106.78,3,320.34,125.26,,,54.18,12,650.16,233.63,,,159.74,6,958.44,98.97,,,68.25,,,66.32,11,729.52,238.63,,,141.97,4,567.88,46.7,,,0.723066,4533,0.85429,,3278,13.71,3291,3550,-259,4352
07/06/2021,86.06,,,142.02,7,994.14,81.97,4,327.88,104.21,3,312.63,126.19,,,53.88,12,646.56,232.75,,,160.11,6,960.66,97.86,,,68.13,,,66.59,11,732.49,239.6,,,142.77,4,571.08,46.65,,,0.72434,4545,0.85636,,3292,17.81,3310,3550,-240,4344
07/07/2021,87.46,,,144.57,7,1011.99,82.66,4,330.64,106.03,3,318.09,126.47,,,54.32,12,651.84,234.63,,,160.16,6,960.96,99.11,,,67.65,,,67.41,11,741.51,240,,,144.04,4,576.16,46.57,,,0.72458,4591,0.8545,,3327,17.81,3344,3550,-206,4358
07/08/2021,86.52,,,143.24,7,1002.68,82.34,4,329.36,105.32,3,315.96,125.04,,,54.13,12,649.56,232.84,,,160.63,6,963.78,98.49,,,66.87,,,66.59,11,732.49,236.61,,,142.17,4,568.68,46.53,,,0.72512,4563,0.85898,,3308,17.81,3326,3550,-224,4321
07/09/2021,86.6,,,145.11,7,1015.77,82.43,4,329.72,107.32,3,321.96,125.52,,,54.46,12,653.52,235.68,,,161,6,966,99.63,,,68.36,,,66.93,11,736.23,238.47,,,143.04,4,572.16,46.77,,,0.718954,4595,0.84488,,3304,17.81,3322,3550,-228,4370
07/12/2021,88.56,,,144.5,7,1011.5,82.93,4,331.72,105.75,3,317.25,126.98,,,54.48,12,653.76,235.61,,,161.82,6,970.92,99.88,,,68.22,,,67.21,11,739.31,237.87,,,143.11,4,572.44,46.68,,,0.7201,4597,0.8542,,3310,17.81,3328,3550,-222,4385
07/13/2021,90.12,,,145.64,7,1019.48,82.64,4,330.56,105.42,3,316.26,127.34,,,55.02,12,660.24,236.17,,,161.59,6,969.54,97.79,,,67.64,,,67.28,11,740.08,242.35,,,142.52,4,570.08,46.86,,,0.72432,4606,0.85271,,3336,17.81,3354,3550,-196,4369
07/14/2021,90.12,,,149.15,7,1044.05,83.23,4,332.92,105.06,3,315.18,128.24,,,56.26,12,675.12,237.13,,,161.54,6,969.24,97.45,,,68.64,,,67.24,11,739.64,245.99,,,143.99,4,575.96,47.18,,,0.7216,4652,0.8537,,3357,17.81,3375,3550,-175,4374
07/15/2021,90.06,,,148.48,7,1039.36,83.63,4,334.52,105.12,3,315.36,127.01,,,56.44,12,677.28,236.88,,,161.69,6,970.14,94.95,,,68.07,,,67.1,11,738.1,248.55,,,145.36,4,581.44,47.22,,,0.72308,4656,0.85409,,3367,17.81,3385,3550,-165,4360
07/16/2021,90.82,,,146.39,7,1024.73,84.39,4,337.56,104.38,3,313.14,126.97,,,56.4,12,676.8,234.75,,,159.85,6,959.1,96.18,,,67.41,,,67.67,11,744.37,248.12,,,145.8,4,583.2,47.19,,,0.726216,4639,0.85725,,3369,17.81,3387,3550,-163,4327
07/19/2021,90.82,,,142.45,7,997.15,83.97,4,335.88,101.48,3,304.44,124.58,,,55.73,12,668.76,229.26,,,157.87,6,947.22,94.57,,,65.03,,,67.02,11,737.22,240.41,,,143.63,4,574.52,47.08,,,0.73153,4565,0.8626,,3340,17.81,3357,3550,-193,4258
07/20/2021,91.72,,,146.15,7,1023.05,82.69,4,330.76,102.3,3,306.9,126.21,,,55.83,12,669.96,234.27,,,159.74,6,958.44,94.42,,,66.5,,,66.17,11,727.87,242.7,,,145.17,4,580.68,47.29,,,0.7335,4598,0.86403,,3372,17.81,3390,3550,-160,4323
07/21/2021,92.2,,,145.4,7,1017.8,82.18,4,328.72,104.22,3,312.66,127.55,,,56.55,12,678.6,235.93,,,161.08,6,966.48,94.01,,,67.48,,,66.05,11,726.55,243.66,,,144.85,4,579.4,47.06,,,0.72918,4610,0.85981,,3362,17.81,3379,3550,-171,4359
07/22/2021,94.26,,,146.8,7,1027.6,81.84,4,327.36,104.93,3,314.79,128.42,,,56.47,12,677.64,238.67,,,163.68,6,982.08,93.4,,,67.27,,,62.46,14,874.44,244.14,,,144.98,4,579.92,47.09,,,0.726011,4784,0.85469,,3473,17.37,3490,3550,-60,4367
07/23/2021,94.74,,,148.56,7,1039.92,83.28,4,333.12,105.89,3,317.67,133.01,,,57.01,12,684.12,242.96,,,166.36,6,998.16,94.73,,,68.18,,,64.13,14,897.82,249.02,,,146.39,4,585.56,47.48,,,0.727379,4856,0.8539,,3532,17.37,3550,3550,0,4412
07/26/2021,93.58,,,148.99,7,1042.93,84.09,4,336.36,104.97,3,314.91,134.04,,,57.06,12,684.72,243.98,,,165.09,6,990.54,94.64,,,68.72,,,62.71,14,877.94,250.25,,,146.69,4,586.76,47.54,,,0.72311,4834,0.85374,,3496,17.37,3513,3550,-37,4422
07/27/2021,94.14,,,146.77,7,1027.39,83.95,4,335.8,106.44,3,319.32,131.9,,,57.26,12,687.12,246.35,,,164.57,6,987.42,95.88,,,68.45,,,63.52,14,889.28,250.93,,,146.96,4,587.84,47.55,,,0.72032,4834,0.85144,,3482,17.37,3500,3550,-50,4401
07/28/2021,94.18,,,144.98,7,1014.86,83.18,4,332.72,106.41,3,319.23,136.09,,,56.74,12,680.88,241.78,,,165.46,6,992.76,94.52,,,67.88,,,63.68,14,891.52,246.94,,,145.67,4,582.68,47.35,,,0.71907,4815,0.8516,,3462,17.37,3479,3550,-71,4401
07/29/2021,96.08,,,145.64,7,1019.48,83.52,4,334.08,107.48,3,322.44,135.78,,,57.05,12,684.6,244.02,,,166.99,6,1001.94,95.76,,,68.84,,,64.71,14,905.94,247.92,,,146.21,4,584.84,47.41,,,0.71611,4853,0.8515,,3476,17.37,3493,3550,-57,4419
07/30/2021,96.08,,,145.86,7,1021.02,79.5,4,318,108.63,3,325.89,134.73,,,57.03,12,684.36,242.71,,,167.51,6,1005.06,95.16,,,68.81,,,64.72,14,906.08,246.39,,,148.26,4,593.04,47.52,,,0.719218,4853,0.84771,,3491,17.37,3508,3550,-42,4395
08/02/2021,95.8,,,145.52,7,1018.64,79.54,4,318.16,107.16,3,321.48,134.85,,,56.88,12,682.56,240.1,,,168.75,6,1012.5,95.04,,,67.95,,,64.43,14,902.02,239.78,,,147.27,4,589.08,47.41,,,0.7198,4844,0.8547,,3487,17.37,3504,3550,-46,4387
08/03/2021,95.8,,,147.36,7,1031.52,79.42,4,317.68,107.87,3,323.61,135.63,,,56.92,12,683.04,236.95,,,171.23,6,1027.38,96.61,,,68.98,,,65.06,14,910.84,237.09,,,149.41,4,597.64,47.94,,,0.7185,4892,0.85279,,3515,17.37,3532,3650,-118,4423
08/04/2021,96.36,,,146.95,7,1028.65,78.25,4,313,107.69,3,323.07,135.13,,,56.1,12,673.2,234.83,,,171.91,6,1031.46,95.35,,,67.25,,,64.56,14,903.84,236.67,,,148.86,4,595.44,47.61,,,0.71992,4869,0.85216,,3505,17.37,3522,3650,-128,4403
08/05/2021,95.88,,,147.06,7,1029.42,78.9,4,315.6,108.7,3,326.1,136.25,,,56.5,12,678,236.42,,,173.85,6,1043.1,95.42,,,68.58,,,64.35,14,900.9,240.21,,,148.33,4,593.32,48.5,,,0.718,4886,0.84957,,3508,17.37,3526,3650,-124,4429
08/06/2021,94.7,,,146.14,7,1022.98,78.63,4,314.52,107.86,3,323.58,135.74,,,56.64,12,679.68,236.26,,,172.8,6,1036.8,96.92,,,69.31,,,63.89,14,894.46,241.4,,,147.84,4,591.36,48.41,,,0.720561,4863,0.84676,,3504,17.37,3522,3750,-228,4437
08/09/2021,95.18,,,146.09,7,1022.63,78.34,4,313.36,108.01,3,324.03,136.91,,,56.65,12,679.8,234.68,,,171.77,6,1030.62,97.12,,,68.93,,,64.42,14,901.88,240,,,147.23,4,588.92,48.53,,,0.72207,4861,0.8474,,3510,17.37,3528,3750,-222,4432
08/10/2021,95.16,,,145.6,7,1019.2,78.73,4,314.92,107.31,3,321.93,136.81,,,56.8,12,681.6,233.45,,,172.27,6,1033.62,96.35,,,71.43,,,64.23,14,899.22,238.07,,,146.98,4,587.92,49.56,,,0.72275,4858,0.84702,,3511,17.37,3529,3750,-221,4437
08/11/2021,95.54,,,145.86,7,1021.02,79.1,4,316.4,108.08,3,324.24,136.28,,,56.73,12,680.76,235.55,,,171.27,6,1027.62,97.09,,,71.71,,,64.51,14,903.14,235.06,,,149.13,4,596.52,50,,,0.72114,4870,0.84655,,3512,17.37,3529,3750,-221,4448
08/12/2021,96.4,,,148.89,7,1042.23,78.79,4,315.16,108.25,3,324.75,137.19,,,56.84,12,682.08,236.67,,,170.64,6,1023.84,96.94,,,71.55,,,64.16,14,898.24,231.79,,,150.08,4,600.32,49.69,,,0.72403,4887,0.84968,,3538,17.37,3555,3750,-195,4461
08/13/2021,96.12,,,149.1,7,1043.7,79.44,4,317.76,107.46,3,322.38,137.73,,,57.23,12,686.76,238.82,,,171.69,6,1030.14,96.12,,,70.49,,,64.99,14,909.86,232.65,,,150.61,4,602.44,49.84,,,0.721137,4913,0.84839,,3543,17.37,3560,3750,-190,4468
08/16/2021,96.12,,,151.12,7,1057.84,79.78,4,319.12,106.63,3,319.89,138.31,,,57.48,12,689.76,240.97,,,172.36,6,1034.16,97.1,,,70.35,,,64.35,14,900.9,235.36,,,151.93,4,607.72,50.25,,,0.7224,4929,0.85083,,3561,18.31,3579,3750,-171,4480
08/17/2021,96.96,,,150.19,7,1051.33,80.03,4,320.12,105.95,3,317.85,136.66,,,57.28,12,687.36,240.28,,,170.66,6,1023.96,95.67,,,69.15,,,64.24,14,899.36,234.53,,,151.7,4,606.8,50.23,,,0.72778,4907,0.852,,3571,18.31,3589,3750,-161,4448
08/18/2021,96.3,,,146.36,7,1024.52,78.16,4,312.64,106.24,3,318.72,135.45,,,56.5,12,678,238.08,,,168.81,6,1012.86,95.57,,,73,,,63.35,14,886.9,231.63,,,149.56,4,598.24,49.7,,,0.7276,4832,0.85148,,3516,19.42,3535,3750,-215,4400
08/19/2021,96.38,,,146.7,7,1026.9,78.97,4,315.88,106.47,3,319.41,135.68,,,56.86,12,682.32,237.23,,,165.59,6,993.54,96.2,,,73.59,,,62.94,14,881.16,231.57,,,151.62,4,606.48,50.04,,,0.73363,4826,0.85658,,3540,19.42,3560,3750,-190,4406
08/20/2021,96.6,,,148.19,7,1037.33,78.8,4,315.2,105.95,3,317.85,137.43,,,56.64,12,679.68,238.49,,,167.79,6,1006.74,97.57,,,74.04,,,63.42,14,887.88,231.36,,,152.94,4,611.76,50.48,,,0.733676,4856,0.85566,,3563,19.42,3582,3750,-168,4442
08/23/2021,96.74,,,149.71,7,1047.97,78.38,4,313.52,107.66,3,322.98,140.04,,,56.44,12,677.28,239.66,,,169.72,6,1018.32,97.29,,,75.13,,,63.43,14,888.02,234.14,,,151.76,4,607.04,50.15,,,0.72861,4875,0.8556,,3552,19.42,3571,3750,-179,4480
08/24/2021,97,,,149.62,7,1047.34,77.67,4,310.68,108.1,3,324.3,141.26,,,56.01,12,672.12,238.43,,,169.98,6,1019.88,96.63,,,75.31,,,62.93,14,881.02,234.24,,,152.39,4,609.56,49.63,,,0.72857,4865,0.85624,,3544,19.42,3564,3750,-186,4486
08/25/2021,96.74,,,148.36,7,1038.52,77.65,4,310.6,108.4,3,325.2,142.08,,,56.07,12,672.84,238.83,,,169.84,6,1019.04,96.22,,,75.81,,,62.52,14,875.28,232.59,,,152.83,4,611.32,49.65,,,0.7264,4853,0.85515,,3525,19.42,3544,3750,-206,4496
08/26/2021,97.38,,,147.54,7,1032.78,77.31,4,309.24,109.15,3,327.45,141.44,,,55.54,12,666.48,236.95,,,166.92,6,1001.52,96.23,,,73.84,,,62.71,14,877.94,230.52,,,153.6,4,614.4,49.12,,,0.7298,4830,0.85789,,3525,19.42,3544,3850,-306,4470
08/27/2021,97.56,,,148.6,7,1040.2,77.44,4,309.76,110.35,3,331.05,144,,,55.65,12,667.8,237.48,,,167.58,6,1005.48,97.49,,,73.64,,,62.45,14,874.3,232.69,,,154.15,4,616.6,48.84,,,0.726216,4845,0.85125,,3519,19.42,3538,3850,-312,4509
08/30/2021,98.46,,,153.12,7,1071.84,77.65,4,310.6,109.68,3,329.04,144.59,,,56.18,12,674.16,236.59,,,168.03,6,1008.18,96.15,,,72.8,,,62.78,14,878.92,231.23,,,155.13,4,620.52,49.23,,,0.72672,4893,0.8572,,3556,19.42,3575,3850,-275,4529
08/31/2021,97.42,,,151.83,7,1062.81,77.95,4,311.8,117.63,3,352.89,144.7,,,56.31,12,675.72,237.46,,,164.74,6,988.44,96.34,,,72.72,,,62.64,14,876.96,229.1,,,155.11,4,620.44,49.37,,,0.727093,4889,0.8587,,3555,19.42,3574,3850,-276,4523
09/01/2021,97.3,,,152.51,7,1067.57,78.33,4,313.32,121.92,3,365.76,145.22,,,56.69,12,680.28,238.15,,,164.56,6,987.36,96.41,,,72.08,,,63.02,14,882.28,230.12,,,155.85,4,623.4,49.26,,,0.72613,4920,0.8597,,3573,19.42,3592,3850,-258,4524
09/02/2021,97.46,,,153.65,7,1075.55,78.52,4,314.08,124.35,3,373.05,143.29,,,56.77,12,681.24,239.87,,,163.67,6,982.02,96.35,,,71.87,,,61.72,14,864.08,224.18,,,155.81,4,623.24,49.52,,,0.72271,4913,0.85811,,3551,19.42,3570,3950,-380,4537
09/03/2021,97.32,,,154.3,7,1080.1,77.91,4,311.64,127.22,3,381.66,143.74,,,56.73,12,680.76,238.82,,,163.29,6,979.74,96.23,,,71.07,,,62.04,14,868.56,225.11,,,155.4,4,621.6,49.75,,,0.721505,4924,0.84915,,3553,19.42,3572,4050,-478,4535
09/07/2021,97.9,,,156.69,7,1096.83,76.9,4,307.6,122.83,3,368.49,144.28,,,55.67,12,668.04,236.19,,,162.64,6,975.84,94.26,,,69.85,,,61.92,14,866.88,226.27,,,153.26,4,613.04,49.09,,,0.7257,4897,0.85943,,3554,19.42,3573,4050,-477,4520
09/08/2021,97.42,,,155.11,7,1085.77,77.78,4,311.12,122.13,3,366.39,143.69,,,56.42,12,677.04,238.62,,,160.71,6,964.26,94.29,,,69.82,,,62.35,14,872.9,229.09,,,154.24,4,616.96,49.15,,,0.72634,4894,0.85844,,3555,19.42,3574,4050,-476,4514
09/09/2021,96.7,,,154.07,7,1078.49,77.3,4,309.2,119.99,3,359.97,143.54,,,55.86,12,670.32,238.61,,,163.34,6,980.04,93.22,,,69.45,,,61.71,14,863.94,227.49,,,153.8,4,615.2,48.81,,,0.72256,4877,0.85423,,3524,19.42,3543,4050,-507,4493
09/10/2021,96.4,,,148.97,7,1042.79,77.04,4,308.16,118.9,3,356.7,140.88,,,55.61,12,667.32,239.18,,,163.59,6,981.54,93.12,,,68.87,,,61.57,14,861.98,224.91,,,154.45,4,617.8,48.63,,,0.722543,4836,0.84786,,3494,24.45,3519,4050,-531,4459
09/13/2021,96.18,,,149.55,7,1046.85,77.38,4,309.52,116.89,3,350.67,142.33,,,56.07,12,672.84,241.21,,,159.52,6,957.12,94,,,68.7,,,62.12,14,869.68,224.63,,,155.13,4,620.52,48.35,,,0.72264,4827,0.8534,,3488,24.45,3513,4050,-537,4469
09/14/2021,96.92,,,148.12,7,1036.84,77.3,4,309.2,114.9,3,344.7,142.54,,,55.69,12,668.28,241.13,,,158.76,6,952.56,93.2,,,69.48,,,62.29,14,872.06,223.03,,,154.58,4,618.32,48.1,,,0.7241,4802,0.85463,,3477,24.45,3502,4050,-548,4443
09/15/2021,95.72,,,149.03,7,1043.21,77.21,4,308.84,117.3,3,351.9,144.43,,,55.88,12,670.56,240.98,,,157.91,6,947.46,93.31,,,69.48,,,61.83,14,865.62,223.81,,,155.63,4,622.52,48.18,,,0.72208,4810,0.85339,,3473,24.45,3498,4050,-552,4481
09/16/2021,96.98,,,148.79,7,1041.53,76.47,4,305.88,115.8,3,347.4,143.61,,,55.35,12,664.2,243.21,,,157.6,6,945.6,92.99,,,70.48,,,61.36,14,859.04,224.33,,,153.89,4,615.56,48.34,,,0.724795,4779,0.85257,,3464,24.45,3488,4050,-562,4474
09/17/2021,96.12,,,146.06,7,1022.42,76.23,4,304.92,118.31,3,354.93,140.8,,,54.44,12,653.28,242.49,,,156.42,6,938.52,92.61,,,70.41,,,60.69,14,849.66,221.75,,,152.68,4,610.72,48.24,,,0.727696,4734,0.85084,,3445,24.45,3470,4050,-580,4433
09/20/2021,95.76,,,142.94,7,1000.58,76.17,4,304.68,113.96,3,341.88,138.72,,,54.06,12,648.72,239.09,,,154.25,6,925.5,92.21,,,69.11,,,61.01,14,854.14,220.05,,,152.73,4,610.92,47.58,,,0.73192,4686,0.85829,,3430,24.45,3455,4050,-595,4358
09/21/2021,97.12,,,143.43,7,1004.01,76.39,4,305.56,115.31,3,345.93,139.03,,,54.05,12,648.6,240.5,,,155.02,6,930.12,92.07,,,69.29,,,61.28,14,857.92,220.17,,,152.75,4,611,47.67,,,0.7322,4703,0.8583,,3444,25.87,3470,4050,-580,4354
09/22/2021,96.24,,,145.85,7,1020.95,76.43,4,305.72,115,3,345,140.28,,,54.13,12,649.56,243.13,,,157.44,6,944.64,92.04,,,69.53,,,61.43,14,860.02,222.75,,,153.42,4,613.68,47.56,,,0.73437,4740,0.85826,,3481,25.87,3506,4050,-544,4396
09/23/2021,96.46,,,146.83,7,1027.81,76.67,4,306.68,116.33,3,348.99,141.22,,,54.04,12,648.48,244.78,,,159.58,6,957.48,91.57,,,70.7,,,61.72,14,864.08,228.31,,,153.5,4,614,47.59,,,0.72873,4768,0.8556,,3474,25.87,3500,4050,-550,4449
09/24/2021,95.42,,,146.92,7,1028.44,76.63,4,306.52,115.74,3,347.22,142.22,,,53.89,12,646.68,246.42,,,149.59,6,897.54,91.56,,,71.1,,,61.39,14,859.46,231.59,,,154.19,4,616.76,47.72,,,0.731103,4703,0.85132,,3438,25.87,3464,4050,-586,4455
09/27/2021,91.98,,,145.37,7,1017.59,76.01,4,304.04,117.5,3,352.5,141.07,,,53.61,12,643.32,248.11,,,148.04,6,888.24,90.68,,,71.14,,,61.03,14,854.42,229.6,,,152.05,4,608.2,47.42,,,0.72984,4668,0.85359,,3407,25.87,3433,4050,-617,4443
09/28/2021,90.92,,,141.91,7,993.37,75.82,4,303.28,116.04,3,348.12,135.83,,,52.64,12,631.68,243.77,,,145.3,6,871.8,90.35,,,70.08,,,61.22,14,857.08,225.56,,,149.92,4,599.68,46.83,,,0.73843,4605,0.8631,,3400,25.87,3426,4050,-624,4353
09/29/2021,91.42,,,142.83,7,999.81,77.08,4,308.32,115.72,3,347.16,134.35,,,52.96,12,635.52,244.28,,,146.02,6,876.12,91.14,,,69.9,,,61.7,14,863.8,226.68,,,151.6,4,606.4,46.81,,,0.7448,4637,0.8638,,3454,25.87,3480,4050,-570,4359
09/30/2021,91.58,,,141.5,7,990.5,75.58,4,302.32,115.65,3,346.95,133.68,,,52.47,12,629.64,241.11,,,145.23,6,871.38,90.39,,,65.98,,,61,14,854,222.75,,,149.36,4,597.44,46.46,,,0.7424,4592,0.85927,,3409,26.68,3436,4050,-614,4308
10/01/2021,92.16,,,142.65,7,998.55,75.58,4,302.32,118.01,3,354.03,136.54,,,53.02,12,636.24,242.93,,,147.06,6,882.36,90.94,,,66.61,,,60.99,14,853.86,230.46,,,149.84,4,599.36,45.68,,,0.738007,4627,0.85139,,3415,26.68,3441,4050,-609,4357
10/04/2021,91.12,,,139.14,7,973.98,75.06,4,300.24,116.78,3,350.34,133.66,,,52.99,12,635.88,243.08,,,147.14,6,882.84,90.31,,,65.86,,,60.54,14,847.56,224.73,,,148.83,4,595.32,45.24,,,0.73489,4586,0.85365,,3370,26.68,3397,4250,-853,4300
10/05/2021,92.2,,,141.11,7,987.77,74.42,4,297.68,117.39,3,352.17,136.02,,,53.08,12,636.96,245.22,,,149.46,6,896.76,91.26,,,65.11,,,60.12,14,841.68,224.28,,,149.85,4,599.4,45.54,,,0.7338,4612,0.85092,,3385,30.85,3415,4250,-835,4346
10/06/2021,90.84,,,142,7,994,75.1,4,300.4,117.9,3,353.7,137.57,,,53.71,12,644.52,247.1,,,148.8,6,892.8,92.27,,,64.33,,,59.68,14,835.52,226.51,,,151.28,4,605.12,45.87,,,0.73572,4626,0.8501,,3403,30.85,3434,4250,-816,4364
10/07/2021,91.5,,,143.29,7,1003.03,75.59,4,302.36,116.93,3,350.79,139.23,,,53.88,12,646.56,248.32,,,151.85,6,911.1,91.14,,,64.98,,,59.55,14,833.7,230.55,,,153.99,4,615.96,46.41,,,0.7342,4664,0.8486,,3424,30.85,3455,4250,-795,4400
10/08/2021,90.32,,,142.9,7,1000.3,75.59,4,302.36,116.91,3,350.73,139.79,,,54.12,12,649.44,247.7,,,152.48,6,914.88,90.93,,,64.74,,,59.22,14,829.08,230.27,,,154.72,4,618.88,46.55,,,0.734484,4666,0.84726,,3427,30.85,3458,4250,-792,4391
10/11/2021,89.32,,,142.81,7,999.67,75.8,4,303.2,116.4,3,349.2,138.91,,,54.23,12,650.76,246.58,,,150.28,6,901.68,91.2,,,63.02,,,59.06,14,826.84,225.11,,,154.08,4,616.32,46.51,,,0.7358,4648,0.8498,,3420,30.85,3451,4250,-799,4361
10/12/2021,89.76,,,141.51,7,990.57,75.67,4,302.68,116.15,3,348.45,136.45,,,54.23,12,650.76,244.52,,,153.35,6,920.1,90.52,,,62.97,,,58.82,14,823.48,224.05,,,154.46,4,617.84,46.46,,,0.73644,4654,0.8492,,3427,30.85,3458,4250,-792,4351
10/13/2021,90.96,,,140.91,7,986.37,76.07,4,304.28,118.76,3,356.28,137.58,,,54.24,12,650.88,242.65,,,156.3,6,937.8,90.82,,,63.5,,,59.59,14,834.26,222.46,,,154.97,4,619.88,46.12,,,0.73157,4690,0.84835,,3431,30.85,3462,4250,-788,4364
10/14/2021,91.78,,,143.76,7,1006.32,76.6,4,306.4,121.63,3,364.89,141.15,,,54.61,12,655.32,244.55,,,157.14,6,942.84,90.01,,,64.14,,,59.78,14,836.92,225.18,,,157.96,4,631.84,46.62,,,0.73159,4745,0.84792,,3471,30.85,3502,4250,-748,4438
10/15/2021,91.66,,,144.84,7,1013.88,76.25,4,305,122.69,3,368.07,141.37,,,54.48,12,653.76,242.25,,,158.01,6,948.06,91.25,,,64.35,,,59.58,14,834.12,230.99,,,158.17,4,632.68,46.85,,,0.727273,4756,0.8395,,3459,30.85,3489,4250,-761,4471
10/18/2021,91.84,,,146.55,7,1025.85,75.28,4,301.12,123.53,3,370.59,142.78,,,53.94,12,647.28,242.26,,,159.43,6,956.58,90.34,,,64.64,,,59.31,14,830.34,230.65,,,157.16,4,628.64,47.23,,,0.72799,4760,0.8454,,3466,30.85,3496,4250,-754,4486
10/19/2021,91.98,,,148.76,7,1041.32,74.78,4,299.12,124.29,3,372.87,143.24,,,54.15,12,649.8,242.77,,,157.82,6,946.92,92.62,,,63.9,,,59.07,14,826.98,233.52,,,158.84,4,635.36,48.23,,,0.724995,4772,0.8432,,3460,30.85,3491,4250,-759,4520
10/20/2021,92.44,,,149.26,7,1044.82,75.1,4,300.4,130.79,3,392.37,141.77,,,54.63,12,655.56,239.72,,,158.45,6,950.7,94.5,,,63.86,,,59.4,14,831.6,231.42,,,160.5,4,642,48.67,,,0.723432,4817,0.84298,,3485,30.85,3516,4250,-734,4536
10/21/2021,93.06,,,149.48,7,1046.36,74.89,4,299.56,132.74,3,398.22,141.89,,,54.35,12,652.2,241.4,,,162.18,6,973.08,94.63,,,64.68,,,60.05,14,840.7,230.24,,,161.88,4,647.52,48.94,,,0.7251,4858,0.8429,,3522,30.85,3553,4250,-697,4550
10/22/2021,93.08,,,148.69,7,1040.83,75.5,4,302,135.53,3,406.59,137.57,,,54.45,12,653.4,238.44,,,163.48,6,980.88,95.62,,,64.16,,,60.42,14,845.88,231.23,,,164.42,4,657.68,49.45,,,0.726797,4887,0.84054,,3552,30.85,3583,4250,-667,4545
10/25/2021,92,,,148.64,7,1040.48,75.14,4,300.56,133.52,3,400.56,137.45,,,54.23,12,650.76,237.34,,,164.22,6,985.32,96.35,,,65.26,,,60.2,14,842.8,233.88,,,161.15,4,644.6,50.02,,,0.72651,4865,0.84338,,3535,30.85,3565,4250,-685,4566
10/26/2021,91.86,,,149.32,7,1045.24,76.16,4,304.64,133.16,3,399.48,139.31,,,54.47,12,653.64,236.42,,,163.79,6,982.74,96.25,,,65.33,,,60.75,14,850.5,231.82,,,159.28,4,637.12,49.58,,,0.72642,4873,0.84235,,3540,30.85,3571,4250,-679,4575
10/27/2021,91.16,,,148.85,7,1041.95,75.9,4,303.6,132.81,3,398.43,146.22,,,55.52,12,666.24,242.73,,,162.35,6,974.1,94.3,,,64.56,,,60.23,14,843.22,215.78,,,155.15,4,620.6,49.18,,,0.72818,4848,0.84461,,3530,30.85,3561,4250,-689,4552
10/28/2021,91.4,,,152.57,7,1067.99,76.88,4,307.52,132.87,3,398.61,145.85,,,56.04,12,672.48,245.5,,,164.46,6,986.76,95.69,,,65.2,,,60.62,14,848.68,209.84,,,157.5,4,630,49.48,,,0.7246,4912,0.84638,,3559,30.85,3590,4250,-660,4596
10/29/2021,90.64,,,149.8,7,1048.6,76.19,4,304.76,132.91,3,398.73,148.05,,,56.37,12,676.44,245.55,,,167.29,6,1003.74,94.88,,,65.49,,,60.28,14,843.92,211.77,,,160.23,4,640.92,49.81,,,0.730194,4917,0.84297,,3590,30.85,3621,4250,-629,4605
11/01/2021,91.6,,,148.96,7,1042.72,75.95,4,303.8,133.28,3,399.84,143.5,,,56.17,12,674.04,250.58,,,166.33,6,997.98,94.7,,,66.65,,,60.49,14,846.86,212.46,,,159.28,4,637.12,49.93,,,0.73231,4902,0.8494,,3590,30.85,3621,4250,-629,4614
11/02/2021,93.44,,,150.02,7,1050.14,76.27,4,305.08,132.46,3,397.38,145.43,,,56.1,12,673.2,249.24,,,167.83,6,1006.98,94.62,,,67.32,,,60.55,14,847.7,209.14,,,161.23,4,644.92,49.91,,,0.734355,4925,0.8503,,3617,30.85,3648,4450,-802,4631
11/03/2021,95.1,,,151.49,7,1060.43,77.27,4,309.08,132.65,3,397.95,146.6,,,56.29,12,675.48,250.4,,,172.5,6,1035,95.15,,,68.43,,,60.82,14,851.48,208.1,,,159.72,4,638.88,50.06,,,0.7302,4968,0.84815,,3628,30.85,3659,4450,-791,4661
11/04/2021,96.14,,,150.96,7,1056.72,77.29,4,309.16,131.81,3,395.43,148.27,,,56.6,12,679.2,253.46,,,175.44,6,1052.64,94.57,,,69.74,,,59.48,14,832.72,208.78,,,160.71,4,642.84,50.43,,,0.740269,4969,0.85538,,3678,30.85,3709,4450,-741,4680
11/05/2021,94.2,,,151.28,7,1058.96,77.84,4,311.36,132.9,3,398.7,148.85,,,56.84,12,682.08,254.71,,,177.51,6,1065.06,95.84,,,71.2,,,59.47,14,832.58,216.67,,,159.89,4,639.56,50.08,,,0.740521,4988,0.8568,,3694,30.85,3725,4450,-725,4698
11/08/2021,93.96,,,150.44,7,1053.08,77.74,4,310.96,131.88,3,395.64,149.03,,,56.33,12,675.96,253.1,,,171.85,6,1031.1,96.41,,,69.89,,,59.41,14,831.74,220.49,,,160.05,4,640.2,49.76,,,0.737219,4939,0.8542,,3641,30.85,3672,4450,-778,4702
11/09/2021,94.54,,,150.81,7,1055.67,78.05,4,312.2,132.05,3,396.15,148.92,,,56.49,12,677.88,252.65,,,173.82,6,1042.92,95.45,,,69.68,,,59.57,14,833.98,220.49,,,159.58,4,638.32,49.93,,,0.737463,4957,0.855,,3656,30.85,3687,4450,-763,4685
11/10/2021,94.88,,,147.92,7,1035.44,78.48,4,313.92,130.86,3,392.58,145.89,,,56.72,12,680.64,253.13,,,168.26,6,1009.56,95.71,,,68.96,,,59.59,14,834.26,215.56,,,162.08,4,648.32,49.48,,,0.74556,4915,0.85609,,3664,30.85,3695,4450,-755,4647
11/11/2021,94.86,,,147.87,7,1035.09,77.99,4,311.96,129.9,3,389.7,145.77,,,56.74,12,680.88,250.16,,,166.97,6,1001.82,95.86,,,68.22,,,59.02,14,826.28,210.42,,,161.24,4,644.96,49.5,,,0.74814,4891,0.85643,,3659,30.85,3690,4450,-760,4649
11/12/2021,96.62,,,149.99,7,1049.93,78.03,4,312.12,129.85,3,389.55,148.68,,,56.61,12,679.32,250.67,,,169.09,6,1014.54,96.17,,,68.8,,,59.02,14,826.28,212.09,,,162.98,4,651.92,49.25,,,0.745157,4924,0.85254,,3669,30.85,3700,4450,-750,4683
11/15/2021,97.52,,,150,7,1050,78.3,4,313.2,129.13,3,387.39,148.45,,,56.62,12,679.44,252.94,,,168.85,6,1013.1,93.98,,,69.32,,,58.86,14,824.04,212.3,,,163,4,652,48.97,,,0.7458,4919,0.84755,,3669,31.82,3701,4450,-749,4683
11/16/2021,97.74,,,151,7,1057,77.88,4,311.52,129.53,3,388.59,147.88,,,56.22,12,674.64,252.46,,,171.83,6,1030.98,93.88,,,69.5,,,58.51,14,819.14,215.18,,,164.63,4,658.52,47.72,,,0.7449,4940,0.8429,,3680,31.82,3712,4450,-738,4701
11/17/2021,98.68,,,153.49,7,1074.43,77.58,4,310.32,127.69,3,383.07,148.05,,,55.91,12,670.92,252.69,,,171.74,6,1030.44,90.73,,,73.55,,,58.24,14,815.36,205.06,,,165.41,4,661.64,47.31,,,0.7412,4946,0.839,,3666,32.95,3699,4450,-751,4689
11/18/2021,99.14,,,157.87,7,1105.09,76.39,4,305.56,129.29,3,387.87,149.84,,,55.41,12,664.92,253.48,,,171.35,6,1028.1,90.72,,,73.1,,,57.74,14,808.36,203.33,,,164.49,4,657.96,47.72,,,0.74076,4958,0.84206,,3673,32.95,3706,4450,-744,4705
11/19/2021,100.4,,,160.55,7,1123.85,77.2,4,308.8,129.38,3,388.14,148.93,,,55.13,12,661.56,251.95,,,174.88,6,1049.28,90.3,,,71.02,,,57.89,14,810.46,200.86,6,1205.16,163.39,4,653.56,47.46,,,0.743394,6201,0.83003,,4610,32.51,4642,4450,192,4698
11/22/2021,100.85,,,161.02,7,1127.14,77.56,4,310.24,129.33,3,387.99,146.3,,,55.47,12,665.64,253.48,,,174.24,6,1045.44,92.05,,,69.88,,,57.68,14,807.52,195.58,6,1173.48,163.02,4,652.08,48.26,,,0.7464,6170,0.83904,,4605,32.51,4637,4450,187,4683
11/23/2021,99.06,,,161.41,7,1129.87,77.93,4,311.72,130.57,3,391.71,145.78,,,55.88,12,670.56,255.65,,,172.15,6,1032.9,94.52,,,70.95,,,58.78,14,822.92,198.49,6,1190.94,164.84,4,659.36,48.6,,,0.74761,6210,0.84063,,4643,32.51,4675,4450,225,4691
11/24/2021,98.58,,,161.94,7,1133.58,77.76,4,311.04,130.97,3,392.91,146.12,,,55.43,12,665.16,257.11,,,172.03,6,1032.18,95.64,,,71.48,,,58.61,14,820.54,203.25,6,1219.5,165.72,4,662.88,48.85,,,0.75015,6238,0.84034,,4679,32.51,4712,4450,262,4701
11/26/2021,99.66,,,156.81,7,1097.67,77.06,4,308.24,126.87,3,380.61,142.18,,,53.73,12,644.76,250.01,,,168.02,6,1008.12,94.59,,,69.36,,,59.05,14,826.7,197.65,6,1185.9,163.47,4,653.88,48.3,,,0.749625,6106,0.8478,,4577,32.51,4610,4450,160,4595
11/29/2021,100.3,,,160.24,7,1121.68,77.71,4,310.84,128.37,3,385.11,145.53,,,54.58,12,654.96,250.3,,,169.87,6,1019.22,94.97,,,70.67,,,59.36,14,831.04,196.29,6,1177.74,166.83,4,667.32,47.54,,,0.75103,6168,0.84806,,4632,32.51,4665,4450,215,4655
11/30/2021,99.26,,,165.3,7,1157.1,75.02,4,300.08,126.57,3,379.71,141.9,,,52.45,12,629.4,244.6,,,169.24,6,1015.44,92.94,,,69.4,,,57.21,14,800.94,193.77,6,1162.62,160.67,4,642.68,46.88,,,0.75211,6088,0.8521,,4579,32.51,4611,4450,161,4567
12/01/2021,98.9,,,164.77,7,1153.39,75.39,4,301.56,126.2,3,378.6,141.05,,,52.3,12,627.6,244.18,,,166.7,6,1000.2,93.13,,,68.01,,,56.94,14,797.16,190.16,6,1140.96,160.51,4,642.04,45.71,,,0.753012,6042,0.8523,,4549,32.51,4582,4450,132,4513
12/02/2021,98.44,,,163.76,7,1146.32,75.48,4,301.92,128.99,3,386.97,142.97,,,53.07,12,636.84,248.8,,,170,6,1020,96,,,70.25,,,57.87,14,810.18,198.29,6,1189.74,163.74,4,654.96,45.16,,,0.75188,6147,0.85002,,4622,32.51,4654,4650,4,4577
12/03/2021,98.8,,,161.84,7,1132.88,76.77,4,307.08,128.03,3,384.09,142,,,53.54,12,642.48,249.33,,,170.24,6,1021.44,95.22,,,70.69,,,57.7,14,807.8,196.32,6,1177.92,163.22,4,652.88,45.84,,,0.755287,6127,0.85475,,4627,37.69,4665,4650,15,4538
12/06/2021,100.1,,,165.32,7,1157.24,78.58,4,314.32,130,3,390,143.16,,,54.91,12,658.92,255.79,,,168.91,6,1013.46,96.79,,,72.64,,,59.2,14,828.8,202.68,6,1216.08,163.48,4,653.92,46.33,,,0.7539,6233,0.85069,,4699,37.69,4737,4650,87,4592
12/07/2021,103.5,,,171.18,7,1198.26,77.81,4,311.24,131.82,3,395.46,147.27,,,55.21,12,662.52,259.91,,,171.29,6,1027.74,96.81,,,74.12,,,58.89,14,824.46,207.37,6,1244.22,164.25,4,657,46.18,,,0.75494,6321,0.851,,4772,37.69,4810,4650,160,4687
12/08/2021,102.55,,,175.08,7,1225.56,77.76,4,311.04,129.85,3,389.55,148.19,,,55,12,660,259.58,,,170.25,6,1021.5,95.12,,,74.34,,,59.6,14,834.4,208.99,6,1253.94,163.53,4,654.12,45.72,,,0.757,6350,0.85874,,4807,37.69,4845,4650,195,4701
12/09/2021,103.55,,,174.56,7,1221.92,78,4,312,128.7,3,386.1,147.64,,,54.86,12,658.32,262.34,,,168.1,6,1008.6,95.25,,,74.02,,,59.51,14,833.14,211.39,6,1268.34,162.79,4,651.16,46.17,,,0.7562,6340,0.85393,,4794,37.69,4832,4650,182,4667
12/10/2021,103.3,,,179.45,7,1256.15,79.47,4,317.88,129.44,3,388.32,148,,,56.28,12,675.36,264.97,,,169.06,6,1014.36,95.06,,,74.73,,,59.91,14,838.74,213.4,6,1280.4,164.72,4,658.88,47.01,,,0.75358,6430,0.85216,,4846,37.69,4883,4650,233,4712
12/13/2021,102.5,,,175.74,7,1230.18,81.14,4,324.56,125.42,3,376.26,145.83,,,57.76,12,693.12,263.09,,,166.84,6,1001.04,96.69,,,73.13,,,59.73,14,836.22,211.02,6,1266.12,164.23,4,656.92,47.86,,,0.7568,6384,0.85387,,4832,37.69,4869,4650,219,4669
12/14/2021,101.6,,,174.33,7,1220.31,82.13,4,328.52,125.7,3,377.1,143.91,,,57.8,12,693.6,262.52,,,165.4,6,992.4,97.14,,,72.94,,,59.66,14,835.24,209.98,6,1259.88,162.58,4,650.32,48.31,,,0.755829,6357,0.85086,,4805,37.69,4843,4650,193,4634
12/15/2021,102.85,,,179.3,7,1255.1,82.76,4,331.04,127.89,3,383.67,146.44,,,58.06,12,696.72,264.52,,,163.9,6,983.4,101.81,,,73.06,,,59.29,14,830.06,212.31,6,1273.86,162.53,4,650.12,48.59,,,0.75397,6404,0.85123,,4828,37.69,4866,4650,216,4710
12/16/2021,102.3,,,172.26,7,1205.82,83.95,4,335.8,128.87,3,386.61,144.45,,,58.65,12,703.8,265.55,,,162.72,6,976.32,103.02,,,73.47,,,59.96,14,839.44,214.37,6,1286.22,166.04,4,664.16,47.78,,,0.75054,6398,0.85057,,4802,37.69,4840,4650,190,4669
12/17/2021,100.95,,,171.14,7,1197.98,82.48,4,329.92,127.31,3,381.93,141.73,,,57.73,12,692.76,261.7,,,161.36,6,968.16,100.97,,,74.02,,,59.29,14,830.06,211.88,6,1271.28,161.31,4,645.24,46.25,,,0.755287,6317,0.84515,,4771,37.69,4809,4650,159,4621
12/20/2021,100.75,,,169.75,7,1188.25,82.52,4,330.08,119.38,3,358.14,141.61,,,57.54,12,690.48,261.73,,,156.98,6,941.88,101.52,,,72.48,,,59.1,14,827.4,208.74,6,1252.44,160.59,4,642.36,46.4,,,0.757002,6231,0.8536,,4717,40.89,4758,4650,108,4568
12/21/2021,100.55,,,172.99,7,1210.93,82.09,4,328.36,120.41,3,361.23,143.47,,,57.77,12,693.24,264.39,,,166.63,6,999.78,101.22,,,74.12,,,58.83,14,823.62,215.38,6,1292.28,160.03,4,640.12,46.54,,,0.7536,6350,0.85059,,4785,42.36,4827,4650,177,4649
12/22/2021,100.6,,,175.64,7,1229.48,82.46,4,329.84,121.3,3,363.9,146.42,,,58.18,12,698.16,264.94,,,165.44,6,992.64,101.16,,,74,,,59.02,14,826.28,217.96,6,1307.76,160.66,4,642.64,46.6,,,0.74895,6391,0.84824,,4786,42.36,4829,4650,179,4697
12/23/2021,100.95,,,176.28,7,1233.96,82.79,4,331.16,121.67,3,365.01,146.92,,,58.22,12,698.64,265.95,,,165.67,6,994.02,101.25,,,73.75,,,59.42,14,831.88,216.62,6,1299.72,161.94,4,647.76,46.5,,,0.7459,6402,0.84439,,4775,42.36,4818,4650,168,4726
12/27/2021,101.7,,,180.33,7,1262.31,83.91,4,335.64,122.25,3,366.75,147.91,,,58.65,12,703.8,268.24,,,167.58,6,1005.48,103.32,,,74.29,,,59.91,14,838.74,217.63,6,1305.78,163.79,4,655.16,46.92,,,0.7439,6474,0.84278,,4816,42.36,4858,4650,208,4791
12/28/2021,103.25,,,179.29,7,1255.03,84.46,4,337.84,121.73,3,365.19,146.69,,,58.88,12,706.56,267.88,,,166.42,6,998.52,103.35,,,74.77,,,60.22,14,843.08,218.05,6,1308.3,165.14,4,660.56,47.59,,,0.74442,6475,0.84188,,4820,42.36,4863,4650,213,4786
12/29/2021,103.85,,,179.38,7,1255.66,84.91,4,339.64,122.06,3,366.18,146.66,,,58.95,12,707.4,268.49,,,168.78,6,1012.68,103.97,,,75.46,,,60.32,14,844.48,218.17,6,1309.02,166.38,4,665.52,47.57,,,0.740807,6501,0.8414,,4816,42.36,4858,4650,208,4793
12/30/2021,103,,,178.2,7,1247.4,84.59,4,338.36,121.74,3,365.22,146.2,,,58.78,12,705.36,267.21,,,167.49,6,1004.94,103.05,,,75.53,,,60.28,14,843.92,217.87,6,1307.22,165.73,4,662.92,47.72,,,0.74083,6475,0.83855,,4797,43.51,4841,4650,191,4779
12/31/2021,103.6,,,177.57,7,1242.99,85.34,4,341.36,122.86,3,368.58,144.85,,,59.21,12,710.52,268.07,,,166.67,6,1000.02,102.65,,,75.92,,,60.51,14,847.14,216.71,6,1300.26,166.9,4,667.6,48.23,,,0.739653,6478,0.8406,,4792,43.51,4835,4650,185,4766
01/03/2022,102.45,,,182.01,7,1274.07,84.59,4,338.36,122.03,3,366.09,144.99,,,59.3,12,711.6,268.58,,,164.67,6,988.02,102,,,75.55,,,60.82,14,851.48,221.43,6,1328.58,162.74,4,650.96,48.22,,,0.74166,6509,0.83818,,4828,44.32,4872,4650,222,4797
01/04/2022,102.45,,,179.7,7,1257.9,84.87,4,339.48,121.77,3,365.31,144.4,,,60.29,12,723.48,268.51,,,166.39,6,998.34,102.16,,,76.72,,,60.53,14,847.42,222.46,6,1334.76,164.3,4,657.2,47.33,,,0.73902,6524,0.8339,,4821,44.32,4866,4650,216,4794
01/05/2022,101.8,,,174.92,7,1224.44,85.22,4,340.88,120.1,3,360.3,137.78,,,60.79,12,729.48,267.19,,,162.25,6,973.5,102.89,,,75.14,,,60.41,14,845.74,220,6,1320,161.84,4,647.36,47.97,,,0.7377,6442,0.83434,,4752,44.32,4796,4750,46,4701
01/06/2022,97.52,,,172,7,1204,84.66,4,338.64,122.38,3,367.14,137.75,,,60.47,12,725.64,269.69,,,161.04,6,966.24,105.25,,,75.47,,,59.82,14,837.48,219.75,6,1318.5,162.85,4,651.4,47.84,,,0.7389,6409,0.83455,,4736,44.32,4780,4750,30,4696
01/07/2022,97.34,,,172.17,7,1205.19,84.44,4,337.76,123.43,3,370.29,137.02,,,60.33,12,723.96,267.06,,,156.97,6,941.82,109.18,,,74.38,,,60.53,14,847.42,216.96,6,1301.76,161.76,4,647.04,48.3,,,0.735835,6375,0.83385,,4691,44.32,4735,4750,-15,4677
01/10/2022,95.22,,,172.19,7,1205.33,83.71,4,334.84,122.58,3,367.74,138.67,,,60.43,12,725.16,264.41,,,150.44,6,902.64,110,,,72.49,,,61.01,14,854.14,211.97,6,1271.82,159.41,4,637.64,48.2,,,0.73636,6299,0.83424,,4639,44.32,4683,4750,-67,4670
01/11/2022,95.44,,,175.08,7,1225.56,83.17,4,332.68,122.28,3,366.84,139.74,,,60.45,12,725.4,262.12,,,150.3,6,901.8,108.92,,,74.21,,,60.69,14,849.66,214.38,6,1286.28,159.46,4,637.84,48.07,,,0.7335,6326,0.8336,,4640,44.32,4684,4750,-66,4713
01/12/2022,95.54,,,175.53,7,1228.71,82.87,4,331.48,123.19,3,369.57,141.43,,,60.54,12,726.48,260.92,,,152.21,6,913.26,109.85,,,73.41,,,60.3,14,844.2,215.71,6,1294.26,159.43,4,637.72,47.81,,,0.729395,6346,0.83443,,4629,44.32,4673,4750,-77,4726
01/13/2022,94.2,,,172.19,7,1205.33,82.54,4,330.16,122.34,3,367.02,138.59,,,60.9,12,730.8,261.41,,,149.59,6,897.54,109.26,,,72.61,,,60.39,14,845.46,215,6,1290,157.45,4,629.8,48.49,,,0.7292,6296,0.8354,,4591,44.32,4635,4750,-115,4659
01/14/2022,92.6,,,173.07,7,1211.49,83.45,4,333.8,123.5,3,370.5,139.48,,,61.39,12,736.68,257.71,,,148.18,6,889.08,109.75,,,71.18,,,61.08,14,855.12,214.67,6,1288.02,156.65,4,626.6,48.35,,,0.731101,6311,0.83308,,4614,44.32,4659,4750,-91,4663
01/18/2022,91.56,,,169.8,7,1188.6,83.12,4,332.48,121.55,3,364.65,136,,,60.9,12,730.8,256.48,,,146.95,6,881.7,109.87,,,68.91,,,52.26,14,731.64,215.71,6,1294.26,155.35,4,621.4,47.51,,,0.73528,6146,0.83297,,4519,44.32,4563,4750,-187,4577
01/19/2022,91.38,,,166.23,7,1163.61,84.06,4,336.24,123.23,3,369.69,135.12,,,61,12,732,255.22,,,145.11,6,870.66,107.63,,,68.51,,,56.3,14,788.2,214.68,6,1288.08,155.08,4,620.32,47.98,,,0.73483,6169,0.8335,,4533,44.32,4577,4750,-173,4533
01/20/2022,91.54,,,164.51,7,1151.57,83.29,4,333.16,123.4,3,370.2,133.31,,,60.75,12,729,253.13,,,142.73,6,856.38,107.17,,,67.33,,,55.58,14,778.12,214.35,6,1286.1,153.23,4,612.92,47.07,,,0.73542,6117,0.83199,,4499,44.32,4543,4750,-207,4483
01/21/2022,90.52,,,162.41,7,1136.87,83.67,4,334.68,122.71,3,368.13,130.35,,,60.45,12,725.4,254.59,,,142.95,6,857.7,108.02,,,67.46,,,55.47,14,776.58,205.93,6,1235.58,151.4,4,605.6,46.73,,,0.737572,6041,0.83444,,4455,44.32,4500,4750,-250,4398
01/24/2022,86.94,,,161.62,7,1131.34,83.67,4,334.68,121.59,3,364.77,130.8,,,59.96,12,719.52,253.61,,,146,6,876,109.88,,,69.06,,,60.23,14,843.22,201.85,6,1211.1,149.79,4,599.16,46.73,,,0.74133,6080,0.83944,,4507,44.32,4551,4750,-199,4410
01/25/2022,87.4,,,159.78,7,1118.46,81.74,4,326.96,122.46,3,367.38,126.94,,,59.82,12,717.84,250.68,,,145.48,6,872.88,109.3,,,68.68,,,59.31,14,830.34,202,6,1212,148.01,4,592.04,45.72,,,0.74015,6038,0.83639,,4469,44.32,4513,4750,-237,4356
01/26/2022,87.86,,,159.69,7,1117.83,81.39,4,325.56,118.79,3,356.37,129.23,,,59.6,12,715.2,249.85,,,143.99,6,863.94,107.63,,,69.1,,,57.72,14,808.08,205.87,6,1235.22,147.96,4,591.84,45.25,,,0.7425,6014,0.8347,,4465,44.32,4510,4750,-240,4350
01/27/2022,88.82,,,159.22,7,1114.54,82.7,4,330.8,118.89,3,356.67,129.01,,,59.65,12,715.8,248.74,,,144.64,6,867.84,107.64,,,69.62,,,57.6,14,806.4,206.15,6,1236.9,146.25,4,585,45.28,,,0.74692,6014,0.83221,,4492,44.32,4536,4750,-214,4327
01/28/2022,89.04,,,170.33,7,1192.31,83.05,4,332.2,119.83,3,359.49,133.35,,,60.84,12,730.08,256.09,,,145.91,6,875.46,108.72,,,71.38,,,57.71,14,807.94,228,6,1368,147.9,4,591.6,45.84,,,0.745712,6257,0.82218,,4666,44.32,4710,4750,-40,4432
01/31/2022,90.24,,,174.78,7,1223.46,82.45,4,329.8,121.72,3,365.16,135.3,,,61.01,12,732.12,259.45,,,148.07,6,888.42,108.66,,,71.97,,,57.81,14,809.34,226.17,6,1357.02,150.44,4,601.76,46.6,,,0.74375,6307,0.83514,,4691,44.32,4735,4750,-15,4516
02/01/2022,90.08,,,174.61,7,1222.27,81.92,4,327.68,122.66,3,367.98,137.64,,,60.56,12,726.72,258.99,,,148.22,6,889.32,108.1,,,72.8,,,57.52,14,805.28,232.36,6,1394.16,149.76,4,599.04,46.97,,,0.73935,6332,0.83345,,4682,44.32,4726,4750,-24,4547
02/02/2022,91.66,,,175.84,7,1230.88,82.8,4,331.2,125,3,375,148,,,61.18,12,734.16,262.28,,,148.71,6,892.26,109.48,,,72.03,,,57.6,14,806.4,235.42,6,1412.52,148.12,4,592.48,46.95,,,0.73719,6375,0.83289,,4700,44.32,4744,4850,-106,4589
02/03/2022,89.94,,,172.9,7,1210.3,82.73,4,330.92,122.23,3,366.69,143.09,,,61.61,12,739.32,260.64,,,145.31,6,871.86,109.7,,,69.81,,,58.25,14,815.5,231.54,6,1389.24,146.43,4,585.72,47,,,0.73538,6310,0.84093,,4640,44.32,4684,4950,-266,4477
02/04/2022,88.7,,,172.39,7,1206.73,81.12,4,324.48,122.29,3,366.87,143.29,,,60.96,12,731.52,260.06,,,145.39,6,872.34,109.07,,,69.18,,,57.83,14,809.62,228.39,6,1370.34,145.03,4,580.12,46.44,,,0.738618,6262,0.84375,,4625,44.32,4670,4950,-280,4501
02/07/2022,88.18,,,171.66,7,1201.62,81.12,4,324.48,121.16,3,363.48,139.2,,,61.6,12,739.2,259.85,,,145.14,6,870.84,109.1,,,69.35,,,58.78,14,822.92,227.16,6,1362.96,145.09,4,580.36,45.99,,,0.738673,6266,0.84511,,4628,44.32,4673,4950,-277,4484
02/08/2022,87.86,,,174.83,7,1223.81,80.92,4,323.68,122.72,3,368.16,139.4,,,62,12,744,260.08,,,143.53,6,861.18,109.2,,,70.44,,,58.84,14,823.76,227.94,6,1367.64,145.15,4,580.6,46,,,0.73814,6293,0.843,,4645,44.32,4689,4950,-261,4522
02/09/2022,89,,,176.28,7,1233.96,80.87,4,323.48,124.69,3,374.07,141.59,,,61.04,12,732.48,259.86,,,146.26,6,877.56,108.43,,,71.47,,,58.66,14,821.24,230.87,6,1385.22,146.64,4,586.56,45.9,,,0.73892,6335,0.84391,,4681,44.32,4725,4950,-225,4587
02/10/2022,88.72,,,172.12,7,1204.84,79.72,4,318.88,123.03,3,369.09,138.62,,,61.38,12,736.56,256.87,,,144.82,6,868.92,106.51,,,70.64,,,57.62,14,806.68,225.59,6,1353.54,143.82,4,575.28,45.36,,,0.73791,6234,0.84213,,4600,44.32,4644,4950,-306,4504
02/11/2022,88.44,,,168.64,7,1180.48,79.53,4,318.12,121.78,3,365.34,134.28,,,60.29,12,723.48,255.16,,,140.18,6,841.08,106.2,,,68.7,,,59.32,14,830.48,224.69,6,1348.14,142.64,4,570.56,45.11,,,0.736849,6178,0.83172,,4552,44.32,4596,4950,-354,4419
02/14/2022,87.44,,,168.88,7,1182.16,79.26,4,317.04,122.82,3,368.46,135.53,,,60.68,12,728.16,253.39,,,141.59,6,849.54,106.21,,,67.99,,,58.05,14,812.7,225.34,6,1352.04,141.77,4,567.08,44.65,,,0.73894,6177,0.83537,,4565,45.24,4610,4950,-340,4402
02/15/2022,87.78,,,172.79,7,1209.53,78.58,4,314.32,125.5,3,376.5,136.61,,,60.91,12,730.92,253.81,,,145.58,6,873.48,105.78,,,68.89,,,57.93,14,811.02,227.82,6,1366.92,142.68,4,570.72,44.79,,,0.73849,6253,0.83863,,4618,45.24,4663,4950,-287,4471
02/16/2022,87.02,,,172.55,7,1207.85,78.34,4,313.36,126.93,3,380.79,137.74,,,60.9,12,730.8,253.09,,,146.49,6,878.94,106.08,,,67.1,,,58.37,14,817.18,228.82,6,1372.92,142.57,4,570.28,44.51,,,0.73611,6272,0.83719,,4617,45.24,4662,4950,-288,4475
02/17/2022,86.96,,,168.88,7,1182.16,79.15,4,316.6,126.17,3,378.51,132.54,,,62.12,12,745.44,250.93,,,142.8,6,856.8,105.23,,,65.17,,,58.15,14,814.1,224.61,6,1347.66,143.06,4,572.24,46.29,,,0.73428,6214,0.8344,,4562,46.36,4609,4950,-341,4380
02/18/2022,87.02,,,167.3,7,1171.1,79.55,4,318.2,124.69,3,374.07,130.4,,,62.54,12,750.48,250.6,,,142.95,6,857.7,106.41,,,66.15,,,58.84,14,823.76,222.69,6,1336.14,142.33,4,569.32,46,,,0.735554,6201,0.83307,,4561,46.36,4607,4950,-343,4349
02/22/2022,86.4,,,164.32,7,1150.24,78.85,4,315.4,123.11,3,369.33,129.81,,,62.28,12,747.36,252.7,,,138.19,6,829.14,106.25,,,65.25,,,57.77,14,808.78,221.32,6,1327.92,141.53,4,566.12,45.48,,,0.73587,6114,0.83363,,4499,46.36,4546,4950,-404,4305
02/23/2022,88.7,,,160.07,7,1120.49,78.64,4,314.56,120.36,3,361.08,127.59,,,61.59,12,739.08,247.79,,,136.83,6,820.98,104.62,,,62.5,,,58.05,14,812.7,215.95,6,1295.7,140.6,4,562.4,45.02,,,0.73824,6027,0.83458,,4449,46.36,4496,4950,-454,4226
02/24/2022,88.48,,,162.74,7,1139.18,75.58,4,302.32,121.81,3,365.43,132.69,,,60.51,12,726.12,245.03,,,137.17,6,823.02,102.88,,,64.69,,,55.19,14,772.66,217.3,6,1303.8,141.91,4,567.64,44.84,,,0.74776,6000,0.83673,,4487,46.36,4533,4950,-417,4289
02/25/2022,88.78,,,164.85,7,1153.95,78.14,4,312.56,124.6,3,373.8,134.46,,,62.85,12,754.2,249.45,,,138.8,6,832.8,107.24,,,66.78,,,56.87,14,796.18,219.27,6,1315.62,145.16,4,580.64,45.46,,,0.746157,6120,0.83267,,4566,46.36,4613,4950,-337,4385
02/28/2022,90.82,,,165.12,7,1155.84,76.95,4,307.8,123.99,3,371.97,135.06,,,62.24,12,746.88,244.77,,,136.55,6,819.3,105.93,,,66.1,,,56.55,14,791.7,216.12,6,1296.72,144.4,4,577.6,45.05,,,0.745,6068,0.83527,,4521,46.36,4567,4950,-383,4374
03/01/2022,92.74,,,163.2,7,1142.4,76.04,4,304.16,119.11,3,357.33,134.06,,,61.97,12,743.64,239.63,,,132.22,6,793.32,103.24,,,63.9,,,54.83,14,767.62,208.97,6,1253.82,146.58,4,586.32,45.33,,,0.7499,5949,0.8347,,4461,46.36,4507,4950,-443,4306
03/02/2022,95.44,,,166.56,7,1165.92,76.7,4,306.8,125.01,3,375.03,134.57,,,62.43,12,749.16,240.94,,,135.68,6,814.08,104.92,,,66.12,,,54.75,14,766.5,208.48,6,1250.88,150.16,4,600.64,45.39,,,0.74644,6029,0.82942,,4500,46.36,4547,4950,-403,4387
03/03/2022,95.7,,,166.23,7,1163.61,77.4,4,309.6,124.69,3,374.07,133.9,,,62.47,12,749.64,236.65,,,133.97,6,803.82,105.08,,,65.71,,,53.66,14,751.24,207.23,6,1243.38,152.81,4,611.24,46.43,,,0.74901,6007,0.829,,4499,47.78,4547,4950,-403,4363
03/04/2022,95.04,,,163.17,7,1142.19,77.36,4,309.44,126.92,3,380.76,131.91,,,62.57,12,750.84,235.81,,,131.18,6,787.08,107.19,,,62.54,,,51.39,14,719.46,200.29,6,1201.74,157.82,4,631.28,47.61,,,0.755801,5923,0.81033,,4476,47.78,4524,4950,-426,4329
03/07/2022,94.6,,,159.3,7,1115.1,76.68,4,306.72,126.32,3,378.96,126.38,,,61.08,12,732.96,224.33,,,124.44,6,746.64,106.52,,,58.33,,,49.37,14,691.18,190.7,6,1144.2,155.85,4,623.4,47.22,,,0.762643,5739,0.8285,,4377,47.78,4425,4950,-525,4201
03/08/2022,86.32,,,157.44,7,1102.08,74.87,4,299.48,122.82,3,368.46,127.1,,,58.66,12,703.92,222.79,,,121.21,6,727.26,103.76,,,60,,,49.17,14,688.38,191.71,6,1150.26,147.96,4,591.84,46.25,,,0.7634,5632,0.83191,,4299,47.78,4347,5050,-703,4171
03/09/2022,90.38,,,162.95,7,1140.65,75.54,4,302.16,124.12,3,372.36,133.42,,,58.96,12,707.52,222.47,,,126.95,6,761.7,104.1,,,61.19,,,51.1,14,715.4,199.76,6,1198.56,149.98,4,599.92,46.49,,,0.7584,5798,0.8397,,4397,47.78,4445,5050,-605,4278
03/10/2022,88.42,,,158.52,7,1109.64,73.84,4,295.36,127.7,3,383.1,132.43,,,57.88,12,694.56,222,,,126.03,6,756.18,104.67,,,62.05,,,49.89,14,698.46,197.97,6,1187.82,151.45,4,605.8,47.54,,,0.76317,5731,0.84046,,4374,47.78,4421,5050,-629,4260
03/11/2022,87.68,,,154.73,7,1083.11,73.77,4,295.08,126.29,3,378.87,129.87,,,57.92,12,695.04,226.87,,,122.63,6,735.78,105.54,4,422.16,61.43,,,49.44,14,692.16,196.71,6,1180.26,151.47,4,605.88,47.36,,,0.767365,6088,0.83307,,4672,47.78,4720,5050,-330,4204
03/14/2022,90.28,,,150.62,7,1054.34,73.96,4,295.84,123.5,3,370.5,125.95,,,58.54,12,702.48,226.18,,,117.57,6,705.42,105.71,4,422.84,61.25,,,49.89,14,698.46,200.33,6,1201.98,154.45,4,617.8,48.02,,,0.76853,6070,0.8409,,4665,47.78,4712,5050,-338,4173
03/15/2022,91.32,,,155.09,7,1085.63,75.49,4,301.96,123.58,3,370.74,129.2,,,59.62,12,715.44,232.57,,,119.4,6,716.4,107.31,4,429.24,61.72,,,49.94,14,699.16,206.14,6,1236.84,155.17,4,620.68,48.59,,,0.76649,6176,0.84067,,4734,47.78,4782,5050,-268,4262
03/16/2022,93.22,,,159.59,7,1117.13,75.15,4,300.6,127.34,3,382.02,133.28,,,59.46,12,713.52,238.14,,,125.19,6,751.14,106.14,4,424.56,62.54,,,50.72,14,710.08,211.87,6,1271.22,154.5,4,618,48.45,,,0.76097,6288,0.83864,,4785,47.78,4833,5050,-217,4358
03/17/2022,95.34,,,160.62,7,1124.34,75.13,4,300.52,127.71,3,383.13,133.84,,,60.09,12,721.08,237.47,,,127.41,6,764.46,109.52,4,438.08,62.25,,,50.99,14,713.86,213.45,6,1280.7,155.63,4,622.52,48.34,,,0.759855,6349,0.84343,,4824,47.78,4872,5050,-178,4412
03/18/2022,96.42,,,163.98,7,1147.86,72.2,4,288.8,130.61,3,391.83,136.13,,,60.1,12,721.2,238.92,,,131.24,6,787.44,111.22,4,444.88,62.44,,,50.96,14,713.44,219.11,6,1314.66,155.67,4,622.68,48.48,,,0.75861,6433,0.8399,,4880,47.78,4928,5050,-122,4463
03/21/2022,96.5,,,165.38,7,1157.66,74.15,4,296.6,132.02,3,396.06,136.1,,,60.58,12,726.96,235.32,,,130.19,6,781.14,112.18,4,448.72,60.99,,,50.72,14,710.08,217.04,6,1302.24,156.03,4,624.12,48.08,,,0.7594,6444,0.83651,,4893,47.78,4941,5050,-109,4461
03/22/2022,95.96,,,168.82,7,1181.74,74.5,4,298,133.34,3,400.02,139.87,,,60.8,12,729.6,238.12,,,133.09,6,798.54,113.35,4,453.4,61.13,,,51.21,14,716.94,218.47,6,1310.82,154.83,4,619.32,47.93,,,0.75378,6508,0.8312,,4906,47.78,4954,5050,-96,4512
03/23/2022,95.2,,,170.21,7,1191.47,73.63,4,294.52,133.43,3,400.29,138.28,,,60.4,12,724.8,236.12,,,133,6,798,114,4,456,59.48,,,50.33,14,704.62,214.68,6,1288.08,153.55,4,614.2,47.32,,,0.75723,6472,0.83333,,4901,47.78,4949,5050,-101,4456
03/24/2022,94.98,,,174.07,7,1218.49,73.65,4,294.6,134.28,3,402.84,141.57,,,60.98,12,731.76,240.26,,,132.08,6,792.48,114.1,4,456.4,60.07,,,50.19,14,702.66,217.31,6,1303.86,155.04,4,620.16,47.61,,,0.75782,6523,0.83429,,4943,52.87,4996,5050,-54,4520
03/25/2022,95.78,,,174.72,7,1223.04,74.78,4,299.12,136.17,3,408.51,141.67,,,61.53,12,738.36,241.58,,,133.7,6,802.2,116.67,4,466.68,61.29,,,50.51,14,707.14,218.43,6,1310.58,156.28,4,625.12,47.82,,,0.757404,6581,0.833,,4984,52.87,5037,5050,-13,4543
03/28/2022,95.68,,,175.6,7,1229.2,75.39,4,301.56,135.72,3,407.16,141.46,,,61.92,12,743.04,242.94,,,134.81,6,808.86,116.88,4,467.52,62,,,50.85,14,711.9,220.77,6,1324.62,158.16,4,632.64,48.67,,,0.76315,6627,0.83894,,5057,52.87,5110,5050,60,4576
03/29/2022,96.6,,,178.96,7,1252.72,76.2,4,304.8,136.06,3,408.18,142.51,,,62.16,12,745.92,248.17,,,139.14,6,834.84,116.19,4,464.76,64.31,,,52.03,14,728.42,228.12,6,1368.72,157.75,4,631,49.08,,,0.76372,6739,0.84699,,5147,52.87,5200,5050,150,4632
03/30/2022,96.28,,,177.77,7,1244.39,76.36,4,305.44,136.63,3,409.89,141.94,,,62.21,12,746.52,249.03,,,138.54,6,831.24,117.17,4,468.68,62,,,52.04,14,728.56,223.95,6,1343.7,159.45,4,637.8,49.96,,,0.7611,6716,0.84927,,5112,52.87,5165,5050,115,4602
03/31/2022,96.58,,,174.61,7,1222.27,75.83,4,303.32,134.14,3,402.42,139.07,,,62,12,744,247.28,,,134.56,6,807.36,113.99,4,455.96,60.58,,,51.27,14,717.78,221.77,6,1330.62,158.5,4,634,49.64,,,0.76063,6618,0.84188,,5034,52.87,5087,5050,37,4530
04/01/2022,95.8,,,174.31,7,1220.17,76.42,4,305.68,127.81,3,383.43,140.15,,,62.87,12,754.44,249.25,,,133.52,6,801.12,115.19,4,460.76,60.89,,,52.43,14,734.02,226.36,6,1358.16,159.81,4,639.24,50.34,,,0.762433,6657,0.84045,,5076,55.55,5131,5150,-19,4546
04/04/2022,96.94,,,178.44,7,1249.08,76.59,4,306.36,130.12,3,390.36,142.97,,,62.54,12,750.48,246.83,,,134.34,6,806.04,114.1,4,456.4,62.07,,,52.37,14,733.18,227.74,6,1366.44,159.39,4,637.56,50.35,,,0.76251,6696,0.83687,,5106,55.55,5161,5150,11,4583
04/05/2022,98.22,,,175.06,7,1225.42,77.45,4,309.8,128.87,3,386.61,140.59,,,62.47,12,749.64,248.51,,,132.3,6,793.8,114.23,4,456.92,61.71,,,51.93,14,727.02,226.09,6,1356.54,160.59,4,642.36,50.49,,,0.76468,6648,0.83394,,5084,60.15,5144,5150,-6,4525
04/06/2022,97.8,,,171.83,7,1202.81,78.81,4,315.24,127.44,3,382.32,136.55,,,63.1,12,757.2,251.46,,,128.36,6,770.16,116.87,4,467.48,60.53,,,51.65,14,723.1,219.01,6,1314.06,161.1,4,644.4,51.66,,,0.76499,6577,0.8338,,5031,60.15,5091,5150,-59,4481
04/07/2022,98.84,,,172.14,7,1204.98,80.42,4,321.68,127.04,3,381.12,135.89,,,63.44,12,761.28,254.36,,,129.38,6,776.28,119.53,4,478.12,61.33,,,51.89,14,726.46,216.15,6,1296.9,163.78,4,655.12,52.18,,,0.76515,6602,0.83125,,5051,60.15,5112,5150,-38,4500
04/08/2022,99.1,,,170.09,7,1190.63,80.25,4,321,124.37,3,373.11,133.29,,,63.83,12,765.96,251.46,,,128.15,6,768.9,118.51,4,474.04,61.56,,,51.56,14,721.84,216.98,6,1301.88,165.15,4,660.6,52.47,,,0.768091,6578,0.8342,,5052,60.15,5113,5150,-37,4488
04/11/2022,98.98,,,165.75,7,1160.25,80.44,4,321.76,124.13,3,372.39,128.82,,,63.81,12,765.72,250.45,,,124.98,6,749.88,118.43,4,473.72,61.86,,,51.03,14,714.42,214.75,6,1288.5,164.16,4,656.64,51.43,,,0.7678,6503,0.83522,,4993,60.15,5053,5150,-97,4413
04/12/2022,98.12,,,167.66,7,1173.62,81,4,324,122.86,3,368.58,127.71,,,64.56,12,774.72,249.17,,,125.04,6,750.24,115.3,4,461.2,62.83,,,50.06,14,700.84,211.4,6,1268.4,161.85,4,647.4,51.08,,,0.76908,6469,0.83257,,4975,60.15,5035,5150,-115,4397
04/13/2022,97.92,,,170.4,7,1192.8,80.99,4,323.96,125.75,3,377.25,129.89,,,64.73,12,776.76,251.33,,,127.49,6,764.94,113.91,4,455.64,63.7,,,50.64,14,708.96,213.27,6,1279.62,159.74,4,638.96,52.41,,,0.76218,6519,0.83047,,4969,60.15,5029,5150,-121,4447
04/14/2022,99.12,,,165.29,7,1157.03,80.94,4,323.76,127.19,3,381.57,126.73,,,65.02,12,780.24,250.51,,,133.46,6,800.76,112.11,4,448.44,62.71,,,50.24,14,703.36,212.79,6,1276.74,159.16,4,636.64,52.36,,,0.76511,6509,0.8275,,4980,60.15,5040,5150,-110,4393
04/18/2022,99.12,,,165.07,7,1155.49,80.01,4,320.04,126.31,3,378.93,127.68,,,64.44,12,773.28,251.06,,,131.63,6,789.78,109.64,4,438.56,62.44,,,49.75,14,696.5,213.17,6,1279.02,158.01,4,632.04,51.96,,,0.76865,6464,0.8285,,4968,60.15,5028,5150,-122,4392
04/19/2022,96.58,,,167.4,7,1171.8,80.61,4,322.44,127.31,3,381.93,130.01,,,65.07,12,780.84,255.4,,,137.05,6,822.3,111.15,4,444.6,65.43,,,50.39,14,705.46,215.7,6,1294.2,159.08,4,636.32,52.55,,,0.76842,6560,0.82937,,5041,60.15,5101,5150,-49,4462
04/20/2022,97.2,,,167.23,7,1170.61,81.53,4,326.12,128.74,3,386.22,128.04,,,65.96,12,791.52,255.85,,,135.87,6,815.22,113.04,4,452.16,66.78,,,51.1,14,715.4,217.79,6,1306.74,160.59,4,642.36,53.21,,,0.76518,6606,0.82995,,5055,60.15,5115,5150,-35,4459
04/21/2022,97.22,,,166.42,7,1164.94,82.1,4,328.4,127.46,3,382.38,124.81,,,66.21,12,794.52,255.25,,,135.46,6,812.76,113.02,4,452.08,65.94,,,51.23,14,717.22,216.45,6,1298.7,161.16,4,644.64,53.29,,,0.76768,6596,0.83175,,5063,60.15,5123,5150,-27,4394
04/22/2022,96.38,,,161.79,7,1132.53,81.1,4,324.4,123.39,3,370.17,119.64,,,65.25,12,783,250.17,,,129.07,6,774.42,108.34,4,433.36,62.71,,,51.09,14,715.26,208.17,6,1249.02,157.51,4,630.04,52.29,,,0.778756,6412,0.83794,,4994,60.15,5054,5150,-96,4272
04/25/2022,95.58,,,162.88,7,1140.16,81.81,4,327.24,124.34,3,373.02,123.07,,,65.94,12,791.28,252.88,,,127.94,6,767.64,110.56,4,442.24,63.39,,,52.19,14,730.66,209.95,6,1259.7,155.96,4,623.84,52.31,,,0.78493,6456,0.84087,,5067,60.15,5127,5150,-23,4296
04/26/2022,95.34,,,156.8,7,1097.6,80.52,4,322.08,122.46,3,367.38,118.65,,,65.05,12,780.6,248.58,,,120.52,6,723.12,108.41,4,433.64,61.42,,,51.37,14,719.18,201.1,6,1206.6,164.15,4,656.6,51.77,,,0.79466,6307,0.84574,,5012,60.15,5072,5150,-78,4175
04/27/2022,96.04,,,156.57,7,1095.99,80.69,4,322.76,121.19,3,363.57,114.29,,,65.56,12,786.72,247.14,,,121.24,6,727.44,106.95,4,427.8,61.47,,,50.45,14,706.3,214.11,6,1284.66,167.45,4,669.8,51.41,,,0.79733,6385,0.84151,,5091,60.15,5151,5150,1,4184
04/28/2022,97.42,,,163.64,7,1145.48,81.22,4,324.88,121.16,3,363.48,118.52,,,66.19,12,794.28,254.19,,,127.05,6,762.3,110.42,4,441.68,63.34,,,51.93,14,727.02,220.66,6,1323.96,169.65,4,678.6,52.07,,,0.80232,6562,0.8426,,5265,60.15,5325,5150,175,4288
04/29/2022,96.58,,,157.65,7,1103.55,77.05,4,308.2,117.62,3,352.86,114.11,,,64.61,12,775.32,249.16,,,124.7,6,748.2,107.36,4,429.44,61.28,,,52.04,14,728.56,213.13,6,1278.78,164.44,4,657.76,51,,,0.795229,6383,0.83474,,5076,60.15,5136,5150,-14,4132
05/02/2022,92.62,,,157.96,7,1105.72,75.18,4,300.72,117.5,3,352.5,116.58,,,63.44,12,761.28,246.64,,,126.08,6,756.48,110.33,4,441.32,62.3,,,51.35,14,718.9,211.53,6,1269.18,159.04,4,636.16,50.66,,,0.80011,6342,0.84079,,5075,60.15,5135,5150,-15,4155
05/03/2022,93.08,,,159.48,7,1116.36,74.49,4,297.96,118.15,3,354.45,117.33,,,63.08,12,756.96,245.87,,,122.86,6,737.16,112.23,4,448.92,62.02,,,51.36,14,719.04,208.56,6,1251.36,159.33,4,637.32,50.84,,,0.799974,6320,0.84198,,5055,60.15,5116,5150,-34,4175
05/04/2022,95.82,,,166.02,7,1162.14,77,4,308,122.77,3,368.31,122.26,,,65.03,12,780.36,254.32,,,126.06,6,756.36,115.84,4,463.36,64.07,,,51.64,14,722.96,214.52,6,1287.12,162.33,4,649.32,51.54,,,0.79251,6498,0.84172,,5150,60.15,5210,5150,60,4300
05/05/2022,96.48,,,156.77,7,1097.39,76.09,4,304.36,118.35,3,355.05,116.51,,,64.51,12,774.12,248.92,,,118.63,6,711.78,112.41,4,449.64,61.71,,,50.42,14,705.88,205.24,6,1231.44,158.64,4,634.56,50.91,,,0.80879,6264,0.85239,,5066,60.15,5127,5150,-23,4147
05/06/2022,93.54,,,157.28,7,1100.96,76.84,4,307.36,116.34,3,349.02,115.75,,,64.74,12,776.88,250.78,,,114.49,6,686.94,109.46,4,437.84,60.41,,,50.04,14,700.56,202.82,6,1216.92,161.78,4,647.12,49.85,,,0.810307,6224,0.84906,,5043,60.15,5103,5150,-47,4123
05/09/2022,93.32,,,152.06,7,1064.42,77.67,4,310.68,110.93,3,332.79,112.51,,,64.61,12,775.32,247.49,,,111.21,6,667.26,108.75,4,435,59.14,,,50.43,14,706.02,193,6,1158,159.24,4,636.96,50.44,,,0.81045,6086,0.85623,,4933,60.15,4993,5150,-157,3991
05/10/2022,92.7,,,154.51,7,1081.57,76.67,4,306.68,109.95,3,329.85,114.4,,,64.01,12,768.12,245.68,,,109.49,6,656.94,108.27,4,433.08,56.2,,,51.18,14,716.52,193.58,6,1161.48,156.95,4,627.8,49.73,,,0.8124,6082,0.8553,,4941,60.15,5001,5150,-149,4001
05/11/2022,92.86,,,146.5,7,1025.5,76.75,4,307,111.24,3,333.72,113.6,,,64.31,12,771.72,244.43,,,107.92,6,647.52,107.87,4,431.48,54.99,,,50.31,14,704.34,196.72,6,1180.32,157.78,4,631.12,49.21,,,0.81738,6033,0.85913,,4931,60.15,4991,5150,-159,3935
05/12/2022,91.7,,,142.56,7,997.92,77.55,4,310.2,111.28,3,333.84,112.84,,,64.51,12,774.12,244.19,,,107.9,6,647.4,108.8,4,435.2,56,,,50.84,14,711.76,193.97,6,1163.82,155.48,4,621.92,49.16,,,0.81926,5996,0.85005,,4912,60.15,4973,5150,-177,3930
05/13/2022,93.26,,,147.11,7,1029.77,78.4,4,313.6,110.62,3,331.86,116.05,,,65.72,12,788.64,245.04,,,113.01,6,678.06,107.82,4,431.28,57.19,,,51.94,14,727.16,199.23,6,1195.38,157.9,4,631.6,49.35,,,0.814996,6127,0.84062,,4994,61.27,5055,5150,-95,4024
05/16/2022,94.26,,,145.54,7,1018.78,78.73,4,314.92,112.66,3,337.98,114.45,,,65.96,12,791.52,244.04,,,112.6,6,675.6,109.75,4,439,56.12,,,51.27,14,717.78,197.81,6,1186.86,157.43,4,629.72,49.4,,,0.81137,6112,0.8467,,4959,61.27,5020,5150,-130,4008
05/17/2022,94.34,,,149.24,7,1044.68,78.77,4,315.08,115.17,3,345.51,116.47,,,65.78,12,789.36,241.63,,,115.9,6,695.4,111.19,4,444.76,56.19,,,51.59,14,722.26,204,6,1224,157.23,4,628.92,43.78,,,0.801,6210,0.84477,,4974,62.57,5037,5150,-113,4089
05/18/2022,93.06,,,140.82,7,985.74,75.71,4,302.84,112.7,3,338.1,111.9,,,61.2,12,734.4,231.05,,,109.37,6,656.22,111.9,4,447.6,60.19,,,49.73,14,696.22,199.99,6,1199.94,153.06,4,612.24,40.81,,,0.80999,5973,0.8482,,4838,62.57,4901,5150,-249,3924
05/19/2022,91.54,,,137.35,7,961.45,75.12,4,300.48,110.91,3,332.73,110.38,,,60,12,720,229,,,106.44,6,638.64,110.42,4,441.68,61.41,,,48.43,14,678.02,197.37,6,1184.22,152.77,4,611.08,39.69,,,0.80243,5868,0.84872,,4709,62.57,4771,5150,-379,3901
05/20/2022,92.76,,,137.59,7,963.13,75.13,4,300.52,111.62,3,334.86,108.91,,,60.98,12,731.76,233.91,,,108,6,648,110.99,4,443.96,57.87,,,49.49,14,692.86,199.03,6,1194.18,154.5,4,618,39.73,,,0.800641,5927,0.83839,,4746,62.57,4808,5150,-342,3901
05/23/2022,93.52,,,143.11,7,1001.77,76.52,4,306.08,112.86,3,338.58,111.49,,,62.86,12,754.32,238,,,108.63,6,651.78,112.94,4,451.76,60.31,,,50,14,700,207.56,6,1245.36,156.08,4,624.32,40.87,,,0.7957,6074,0.84989,,4833,62.57,4896,5150,-254,3974
05/24/2022,92.68,,,140.36,7,982.52,78.12,4,312.48,110.44,3,331.32,105.97,,,64.02,12,768.24,244.52,,,107.29,6,643.74,114.73,4,458.92,59.68,,,50.29,14,704.06,202.63,6,1215.78,157.6,4,630.4,41.38,,,0.79726,6047,0.85575,,4821,62.57,4884,5150,-266,3941
05/25/2022,91.6,,,140.52,7,983.64,77.49,4,309.96,110.09,3,330.27,105.81,,,64.07,12,768.84,244.01,,,108.2,6,649.2,115.62,4,462.48,61.22,,,49.34,14,690.76,203.84,6,1223.04,156.01,4,624.04,41.12,,,0.794527,6042,0.84903,,4801,62.57,4863,5150,-287,3979
05/26/2022,90.96,,,143.78,7,1006.46,78.16,4,312.64,112.53,3,337.59,107.79,,,64.3,12,771.6,248.09,,,112.94,6,677.64,116.81,4,467.24,64.11,,,49.3,14,690.2,208.55,6,1251.3,157.99,4,631.96,42,,,0.79256,6147,0.85059,,4872,62.57,4934,5150,-216,4058
05/27/2022,93.16,,,149.64,7,1047.48,78.86,4,315.44,114.06,3,342.18,112.32,,,64.68,12,776.16,251.87,,,115.99,6,695.94,120.34,4,481.36,64.59,,,49.48,14,692.72,212.88,6,1277.28,161,4,644,42.83,,,0.791759,6273,0.84242,,4966,62.57,5029,5150,-121,4158
05/31/2022,92.14,,,148.84,7,1041.88,78.81,4,315.24,113.78,3,341.34,113.76,,,63.38,12,760.56,252.21,,,118.85,6,713.1,119.38,4,477.52,63.57,,,54.37,14,761.18,212.17,6,1273.02,158.51,4,634.04,42.88,,,0.79309,6318,0.85131,,5011,62.57,5073,5150,-77,4132
06/01/2022,89.28,,,148.71,7,1040.97,78.2,4,312.8,114.09,3,342.27,113.89,,,63.07,12,756.84,249.28,,,118.68,6,712.08,118.47,4,473.88,62.5,,,52.02,14,728.28,209.93,6,1259.58,158.53,4,634.12,41.82,,,0.80108,6261,0.85299,,5015,62.57,5078,5150,-72,4101
06/02/2022,90.06,,,151.21,7,1058.47,79.27,4,317.08,118.21,3,354.63,117.62,,,63.73,12,764.76,250.38,,,123.41,6,740.46,119.38,4,477.52,63.77,,,52.48,14,734.72,215.05,6,1290.3,159.38,4,637.52,42.5,,,0.79496,6375,0.8547,,5068,62.57,5131,5250,-119,4177
06/03/2022,89.18,,,145.38,7,1017.66,78.93,4,315.72,117.27,3,351.81,114.54,,,62.97,12,755.64,248.36,,,120.95,6,725.7,119.11,4,476.44,62.03,,,52.34,14,732.76,212.65,6,1275.9,159.12,4,636.48,41.77,,,0.800641,6288,0.85096,,5035,64.08,5099,5250,-151,4109
06/06/2022,89.9,,,146.14,7,1022.98,78.78,4,315.12,117.73,3,353.19,116.82,,,62.87,12,754.44,248.07,,,120.23,6,721.38,120.07,4,480.28,61.73,,,52.55,14,735.7,212.94,6,1277.64,157.94,4,631.76,41.62,,,0.7985,6292,0.85354,,5025,64.08,5089,5250,-161,4121
06/07/2022,89.56,,,148.71,7,1040.97,78.71,4,314.84,116.64,3,349.92,117.15,,,63.25,12,759,248.94,,,121.67,6,730.02,121.19,4,484.76,61.05,,,52.59,14,736.26,214.5,6,1287,159.8,4,639.2,41.12,,,0.79445,6342,0.8499,,5038,64.08,5102,5250,-148,4161
06/08/2022,88.28,,,147.96,7,1035.72,77.87,4,311.48,114.87,3,344.61,117.19,,,62.89,12,754.68,245.61,,,122.4,6,734.4,119.63,4,478.52,61.43,,,51.8,14,725.2,213.5,6,1281,157.06,4,628.24,40.77,,,0.79743,6294,0.8546,,5019,64.08,5083,5250,-167,4116
06/09/2022,86.78,,,142.64,7,998.48,76.85,4,307.4,112.71,3,338.13,114.84,,,61.8,12,741.6,242.16,,,118.6,6,711.6,115.54,4,462.16,60.65,,,50.84,14,711.76,206.11,6,1236.66,153.35,4,613.4,40.34,,,0.80045,6121,0.84999,,4900,64.08,4964,5250,-286,4018
06/10/2022,88.04,,,137.13,7,959.91,76.63,4,306.52,109.96,3,329.88,111.16,,,61.41,12,736.92,237.38,,,114.73,6,688.38,113.56,4,454.24,58.97,,,50.69,14,709.66,199.51,6,1197.06,151.41,4,605.64,40.57,,,0.811952,5988,0.84885,,4862,64.08,4926,5250,-324,3901
06/13/2022,87.6,,,131.88,7,923.16,76.19,4,304.76,107.76,3,323.28,106.39,,,61.34,12,736.08,238.47,,,110.44,6,662.64,113.54,4,454.16,57.33,,,49.83,14,697.62,192.26,6,1153.56,147.86,4,591.44,39.8,,,0.8234,5847,0.85745,,4814,64.08,4878,5250,-372,3750
06/14/2022,84.96,,,132.76,7,929.32,74.27,4,297.08,108.45,3,325.35,106.72,,,59.23,12,710.76,238.76,,,110.72,6,664.32,112.41,4,449.64,57.33,,,49.01,14,686.14,193.52,6,1161.12,145.62,4,582.48,39.82,,,0.83246,5806,0.8689,,4833,64.08,4898,5250,-352,3735
06/15/2022,86.16,,,135.43,7,948.01,74.16,4,296.64,110.32,3,330.96,109.76,,,59.67,12,716.04,238.9,,,113.44,6,680.64,112.57,4,450.28,57.63,,,49.57,14,693.98,196.16,6,1176.96,145.41,4,581.64,39.79,,,0.8214,5875,0.8588,,4826,64.08,4890,5250,-360,3790
06/16/2022,85.26,,,130.06,7,910.42,73.92,4,295.68,108.27,3,324.81,106.03,,,59.07,12,708.84,235.19,,,107.12,6,642.72,110.21,4,440.84,56.74,,,49.15,14,688.1,189.05,6,1134.3,142.34,4,569.36,40.21,,,0.8094,5715,0.8536,,4626,64.08,4690,5250,-560,3667
06/17/2022,86.44,,,131.56,7,920.92,74.04,4,296.16,108.11,3,324.33,107.14,,,59.43,12,713.16,234.38,,,107.34,6,644.04,109.56,4,438.24,56.62,,,49.19,14,688.66,190.01,6,1140.06,140.65,4,562.6,39.43,,,0.817862,5728,0.85854,,4685,69.23,4754,5250,-496,3675
06/21/2022,86.34,,,135.87,7,951.09,76.46,4,305.84,109.25,3,327.75,111.54,,,60.7,12,728.4,239.59,,,108.68,6,652.08,112.18,4,448.72,57.49,,,49.92,14,698.88,194.39,6,1166.34,143.99,4,575.96,40.72,,,0.81522,5855,0.85858,,4773,71.03,4844,5250,-406,3765
06/22/2022,86.96,,,135.35,7,947.45,77.91,4,311.64,109.92,3,329.76,111.49,,,61.15,12,733.8,243.06,,,104.92,6,629.52,111.85,4,447.4,57.07,,,49.92,14,698.88,193.82,6,1162.92,144.91,4,579.64,40.23,,,0.81627,5841,0.8622,,4768,71.03,4839,5250,-411,3760
06/23/2022,87.62,,,138.27,7,967.89,78.88,4,315.52,109.5,3,328.5,112.24,,,61.88,12,742.56,243.58,,,108,6,648,109.75,4,439,57.3,,,50.14,14,701.96,196.64,6,1179.84,147.19,4,588.76,41.21,,,0.81561,5912,0.85792,,4822,71.03,4893,5250,-357,3796
06/24/2022,90.26,,,141.66,7,991.62,80.38,4,321.52,113.77,3,341.31,117.98,,,63.04,12,756.48,247.9,,,112.91,6,677.46,115.99,4,463.96,60.24,,,52.03,14,728.42,205.51,6,1233.06,150.31,4,601.24,41.24,,,0.815262,6115,0.85678,,4985,71.03,5056,5250,-194,3912
06/27/2022,91.28,,,141.66,7,991.62,79.88,4,319.52,113.42,3,340.26,115.83,,,62.91,12,754.92,247.03,,,110.5,6,663,116.56,4,466.24,59.81,,,51.75,14,724.5,203.56,6,1221.36,149.53,4,598.12,41.37,,,0.81517,6080,0.8626,,4956,71.03,5027,5250,-223,3900
06/28/2022,90.62,,,137.44,7,962.08,78.88,4,315.52,111.01,3,333.03,112.01,,,62.28,12,747.36,242.83,,,102.78,6,616.68,115.42,4,461.68,57.48,,,51,14,714,198.12,6,1188.72,148.88,4,595.52,40.79,,,0.82036,5935,0.86324,,4869,71.03,4940,5250,-310,3822
06/29/2022,91.88,,,139.23,7,974.61,79.67,4,318.68,112.55,3,337.65,111.7,,,62.73,12,752.76,247.74,,,103.25,6,619.5,113.64,4,454.56,57.09,,,51.26,14,717.64,199.5,6,1197,151.25,4,605,40.64,,,0.82428,5977,0.8612,,4927,71.03,4998,5250,-252,3819
06/30/2022,92.56,,,136.72,7,957.04,80.14,4,320.56,112.47,3,337.41,108.96,,,62.91,12,754.92,246.88,,,102.2,6,613.2,116.27,4,465.08,55.85,,,51.56,14,721.84,196.89,6,1181.34,152.98,4,611.92,40.53,,,0.82231,5963,0.86154,,4904,71.03,4975,5250,-275,3785
07/01/2022,92.04,,,138.93,7,972.51,81.97,4,327.88,113.19,3,339.57,108.74,,,64.38,12,772.56,252.96,,,101.18,6,607.08,118.48,4,473.92,56.04,,,52.08,14,729.12,199.18,6,1195.08,155.65,4,622.6,40.88,,,0.825764,6040,0.85874,,4988,72.09,5060,5350,-290,3825
07/05/2022,93.42,,,141.56,7,990.92,81,4,324,113.31,3,339.93,113.26,,,63.28,12,759.36,252.29,,,104.32,6,625.92,117.14,4,468.56,57.58,,,51.57,14,721.98,200.54,6,1203.24,151.7,4,606.8,41.42,,,0.83688,6041,0.85833,,5055,77.07,5132,5350,-218,3831
07/06/2022,95.88,,,142.92,7,1000.44,81.02,4,324.08,113.64,3,340.92,114.57,,,63.41,12,760.92,251.46,,,104.23,6,625.38,120.04,4,480.16,57.97,,,51.95,14,727.3,201.12,6,1206.72,154.56,4,618.24,41.71,,,0.8387,6084,0.85406,,5103,77.07,5180,5350,-170,3845
07/07/2022,95.78,,,146.35,7,1024.45,79.46,4,317.84,113.28,3,339.84,118.78,,,62.91,12,754.92,252.94,,,108.13,6,648.78,120.62,4,482.48,59.49,,,51.9,14,726.6,202.8,6,1216.8,153.56,4,614.24,41.77,,,0.83139,6126,0.84524,,5093,77.07,5170,5350,-180,3903
07/08/2022,95.88,,,147.04,7,1029.28,78.35,4,313.4,112.75,3,338.25,119.35,,,63.14,12,757.68,253.24,,,107.93,6,647.58,120.38,4,481.52,58.94,,,51.9,14,726.6,203.57,6,1221.42,152.76,4,611.04,41.8,,,0.831186,6127,0.8401,,5092,77.07,5170,5350,-180,3899
07/11/2022,97.5,,,144.87,7,1014.09,78.7,4,314.8,111.67,3,335.01,115.68,,,62.94,12,755.28,253.28,,,105.11,6,630.66,120.32,4,481.28,58.4,,,51.5,14,721,205.06,6,1230.36,152.58,4,610.32,41.82,,,0.84027,6093,0.8442,,5120,77.07,5197,5350,-153,3854
07/12/2022,97.08,,,145.86,7,1021.02,78.31,4,313.24,110.69,3,332.07,114.02,,,62.67,12,752.04,251.48,,,103.76,6,622.56,117.05,4,468.2,58.98,,,51.77,14,724.78,204.82,6,1228.92,151.03,4,604.12,41.69,,,0.84191,6067,0.84443,,5108,77.07,5185,5350,-165,3819
07/13/2022,98.1,,,145.49,7,1018.43,78.43,4,313.72,110.92,3,332.76,111.35,,,62.38,12,748.56,252.67,,,105.11,6,630.66,117.42,4,469.68,59.08,,,52.05,14,728.7,204.15,6,1224.9,150.43,4,601.72,41.79,,,0.8429,6069,0.84565,,5116,77.07,5193,5350,-157,3802
07/14/2022,98.54,,,148.47,7,1039.29,78.34,4,313.36,110.82,3,332.46,110.37,,,62.18,12,746.16,252.6,,,103.22,6,619.32,112.33,4,449.32,58.75,,,51.67,14,723.38,205.91,6,1235.46,151.07,4,604.28,42.61,,,0.84462,6063,0.84666,,5121,77.07,5198,5350,-152,3790
07/15/2022,99.38,,,150.17,7,1051.19,78.15,4,312.6,111.66,3,334.98,111.78,,,62.5,12,750,255.01,,,104.7,6,628.2,116.08,4,464.32,60.56,,,51.99,14,727.86,210.04,6,1260.24,152.01,4,608.04,43.02,,,0.84317,6137,0.84644,,5175,77.07,5252,5350,-98,3863
07/18/2022,99.78,,,147.07,10,1470.7,77.12,4,308.48,112.43,3,337.29,109.03,5,545.15,61.65,12,739.8,252.42,,,103.94,8,831.52,110.29,4,441.16,60.49,,,51.68,14,723.52,207.21,6,1243.26,149.27,4,597.08,42.92,,,0.83694,7238,0.8489,,6058,75.78,6134,5350,784,3831
07/19/2022,99.42,,,151,10,1510,77.53,4,310.12,115.43,3,346.29,113.81,5,569.05,62.53,12,750.36,256.5,,,109.19,8,873.52,111.96,4,447.84,62.65,,,53.21,14,744.94,213.66,6,1281.96,152.14,4,608.56,43.19,,,0.83309,7443,0.8523,,6200,75.78,6276,5350,926,3937
07/20/2022,99.62,,,153.04,10,1530.4,75.61,4,302.44,114.75,3,344.25,113.9,5,569.5,61.5,12,738,254.58,,,111.11,8,888.88,111.34,4,445.36,63.04,,,52.39,14,733.46,213.37,6,1280.22,152.75,4,611,43.55,,,0.8353,7444,0.85058,,6218,75.78,6293,5350,943,3960
07/21/2022,102.25,,,155.35,10,1553.5,76.16,4,304.64,116.04,3,348.12,114.34,5,571.7,61.36,12,736.32,253.47,,,111.62,8,892.96,111.29,4,445.16,63.74,,,52.49,14,734.86,216.19,6,1297.14,155.25,4,621,44.18,,,0.8336,7505,0.8519,,6257,75.78,6332,5350,982,3999
07/22/2022,102.4,,,154.09,10,1540.9,77.47,4,309.88,115.56,3,346.68,107.9,5,539.5,61.59,12,739.08,253.99,,,109.12,8,872.96,111.19,4,444.76,63.76,,,52.9,14,740.6,213.7,6,1282.2,154.93,4,619.72,44.07,,,0.832917,7436,0.8473,,6194,75.78,6270,5350,920,3962
07/25/2022,102.75,,,152.95,10,1529.5,77.85,4,311.4,117.28,3,351.84,107.51,5,537.55,62.19,12,746.28,250.38,,,109.28,8,874.24,112.64,4,450.56,63.29,,,53.03,14,742.42,214.27,6,1285.62,155.9,4,623.6,44.01,,,0.82952,7453,0.848,,6182,75.78,6258,5350,908,3967
07/26/2022,103,,,151.6,10,1516,78.53,4,314.12,116.79,3,350.37,105.02,5,525.1,63.21,12,758.52,257.09,,,105.2,8,841.6,112.59,4,450.36,60.66,,,54.96,14,769.44,212.49,6,1274.94,155.01,4,620.04,40.66,,,0.83078,7420,0.84149,,6165,75.78,6241,5350,891,3921
07/27/2022,104.1,,,156.79,10,1567.9,78.76,4,315.04,122.46,3,367.38,113.06,5,565.3,63.01,12,756.12,258.89,,,107.86,8,862.88,113.12,4,452.48,60.8,,,54.5,14,763,210.47,6,1262.82,159.3,4,637.2,42.2,,,0.82216,7550,0.83905,,6207,75.78,6283,5350,933,4024
07/28/2022,106.4,,,157.35,10,1573.5,79.19,4,316.76,124.29,3,372.87,114.22,5,571.1,64.06,12,768.72,263.46,,,112.23,8,897.84,114.19,4,456.76,61.19,,,54.38,14,761.32,211.35,6,1268.1,164.57,4,658.28,43.25,,,0.82146,7645,0.8372,,6280,75.78,6356,5350,1006,4072
07/29/2022,106,,,162.51,10,1625.1,78.74,4,314.96,126.68,3,380.04,116.32,5,581.6,64.17,12,770.04,263.37,,,114.92,8,919.36,115.06,4,460.24,61.16,,,54.74,14,766.36,212.11,6,1272.66,164.56,4,658.24,44.02,,,0.821018,7749,0.83464,,6362,75.78,6438,5350,1088,4130
08/01/2022,105.2,,,161.51,10,1615.1,81.1,4,324.4,125.49,3,376.47,114.86,5,574.3,64.52,12,774.24,264.23,,,114.3,8,914.4,113.26,4,453.04,62.65,,,55.01,14,770.14,211.36,6,1268.16,163.36,4,653.44,44.18,,,0.81605,7724,0.83732,,6303,75.78,6379,5350,1029,4119
08/02/2022,105.3,,,160.01,10,1600.1,80.26,4,321.04,124.98,3,374.94,115.13,5,575.65,63.64,12,763.68,261.05,,,111.77,8,894.16,113.19,4,452.76,61.64,,,54.55,14,763.7,206.26,6,1237.56,163.33,4,653.32,44.23,,,0.82352,7637,0.83628,,6289,75.78,6365,5450,915,4091
08/03/2022,107.4,,,166.13,10,1661.3,81.43,4,325.72,125.04,3,375.12,118.08,5,590.4,63.92,12,767.04,262.09,,,114.28,8,914.24,114.75,4,459,63.22,,,54.9,14,768.6,208.48,6,1250.88,166.18,4,664.72,43.5,,,0.82384,7777,0.8366,,6407,75.78,6483,5450,1033,4155
08/04/2022,106.75,,,165.81,10,1658.1,80.89,4,323.56,126.25,3,378.75,118.19,5,590.95,63.67,12,764.04,260.64,,,114.48,8,915.84,116.78,4,467.12,63.28,,,54.47,14,762.58,213.47,6,1280.82,169.13,4,676.52,41.86,,,0.82247,7818,0.84279,,6430,75.78,6506,5450,1056,4152
08/05/2022,105.1,,,165.35,10,1653.5,80.43,4,321.72,127.06,3,381.18,117.47,5,587.35,63.38,12,760.56,259.23,,,113.87,8,910.96,118.28,4,473.12,62.82,,,54.08,14,757.12,215.87,6,1295.22,168.83,4,675.32,42.19,,,0.828226,7816,0.83976,,6473,75.78,6549,5450,1099,4145
08/08/2022,104.8,,,164.87,10,1648.7,80.81,4,323.24,127.29,3,381.87,117.3,5,586.5,62.97,12,755.64,256.8,,,114,8,912,118.49,4,473.96,63.68,,,54.47,14,762.58,213.32,6,1279.92,169.5,4,678,42.54,,,0.82749,7802,0.84377,,6456,75.78,6532,5450,1082,4140
08/09/2022,105.35,,,164.92,10,1649.2,80.06,4,320.24,126.19,3,378.57,116.63,5,583.15,63.05,12,756.6,260.06,,,110.11,8,880.88,119.66,4,478.64,62.7,,,53.83,14,753.62,210.26,6,1261.56,169.9,4,679.6,42.96,,,0.82821,7742,0.8455,,6412,75.78,6488,5450,1038,4122
08/10/2022,104.75,,,169.24,10,1692.4,80.34,4,321.36,128.76,3,386.28,119.7,5,598.5,63.65,12,763.8,261.36,,,113.14,8,905.12,120.89,4,483.56,63.03,,,54.43,14,762.02,212.1,6,1272.6,170.07,4,680.28,43.05,,,0.8188,7866,0.8433,,6441,75.78,6516,5450,1066,4210
08/11/2022,103.35,,,168.49,10,1684.9,79.5,4,318,126.99,3,380.97,118.84,5,594.2,63.22,12,758.64,259.28,,,114.1,8,912.8,120.46,4,481.84,64.41,,,53.61,14,750.54,211.08,6,1266.48,169.74,4,678.96,43.27,,,0.81993,7827,0.84598,,6418,75.78,6494,5450,1044,4207
08/12/2022,104,,,172.1,10,1721,80.29,4,321.16,128.2,3,384.6,121.68,5,608.4,63.7,12,764.4,262.18,,,116.07,8,928.56,121.77,4,487.08,65.47,,,53.75,14,752.5,211.33,6,1267.98,171.74,4,686.96,44.07,,,0.823574,7923,0.84525,,6525,77.37,6602,5450,1152,4280
08/15/2022,105.05,,,173.19,10,1731.9,81.24,4,324.96,127.32,3,381.96,122.08,5,610.4,64.5,12,774,265.44,,,116.32,8,930.56,122.01,4,488.04,65.37,,,53.79,14,753.06,216.42,6,1298.52,172.7,4,690.8,44.2,,,0.8294,7984,0.8427,,6622,77.37,6699,5450,1249,4297
08/16/2022,104.4,,,173.03,10,1730.3,82.18,4,328.72,128.47,3,385.41,121.7,5,608.5,65.03,12,780.36,266.29,,,118.06,8,944.48,122.49,4,489.96,66.65,,,53.61,14,750.54,217.14,6,1302.84,174.81,4,699.24,46.46,,,0.82657,8020,0.8406,,6629,77.37,6707,5450,1257,4305
08/17/2022,104.75,,,174.55,10,1745.5,82.17,4,328.68,128.04,3,384.12,119.55,5,597.75,64.88,12,778.56,266.82,,,117.04,8,936.32,127.06,4,508.24,68.54,,,53.61,14,750.54,214.52,6,1287.12,175.29,4,701.16,46.51,,,0.83021,8018,0.845,,6657,78.69,6735,5450,1285,4274
08/18/2022,106.45,,,174.15,10,1741.5,82.85,4,331.4,127.42,3,382.26,120.17,5,600.85,65.22,12,782.64,266.58,,,116.01,8,928.08,128.21,4,512.84,68.01,,,53.27,14,745.78,215.25,6,1291.5,174.99,4,699.96,46.36,,,0.83803,8017,0.84548,,6718,78.69,6797,5450,1347,4284
08/19/2022,106.75,,,171.52,10,1715.2,83.27,4,333.08,126.72,3,380.16,117.21,5,586.05,65.17,12,782.04,266.54,,,113.16,8,905.28,127.48,4,509.92,66.4,,,53.34,14,746.76,212.82,6,1276.92,174.32,4,697.28,45.67,,,0.845373,7933,0.84887,,6706,78.69,6785,5450,1335,4228
08/22/2022,107.35,,,167.57,10,1675.7,81.96,4,327.84,124.81,3,374.43,114.24,5,571.2,64.2,12,770.4,262.95,,,110.34,8,882.72,125.94,4,503.76,64.39,,,52.9,14,740.6,208.61,6,1251.66,174.24,4,696.96,44.86,,,0.84987,7795,0.84467,,6625,78.69,6704,5450,1254,4138
08/23/2022,104.65,,,167.23,10,1672.3,80.96,4,323.84,124.54,3,373.62,113.86,5,569.3,64.27,12,771.24,260.54,,,110.68,8,885.44,124.4,4,497.6,63.89,,,52.41,14,733.74,206.8,6,1240.8,173.43,4,693.72,44.67,,,0.84511,7762,0.84241,,6559,78.69,6638,5450,1188,4129
08/24/2022,104.55,,,167.53,10,1675.3,81,4,324,124.99,3,374.97,113.69,5,568.45,64.36,12,772.32,260.86,,,111.41,8,891.28,125.48,4,501.92,64.37,,,52.81,14,739.34,206.67,6,1240.02,173.48,4,693.92,44.99,,,0.84805,7782,0.8452,,6599,78.69,6678,5450,1228,4141
08/25/2022,105,,,170.03,10,1700.3,80.92,4,323.68,126.21,3,378.63,116.65,5,583.25,64.67,12,776.04,262.56,,,113.22,8,905.76,126.43,4,505.72,65.09,,,52.89,14,740.46,209.82,6,1258.92,174.63,4,698.52,45.29,,,0.845738,7871,0.84329,,6657,78.69,6736,5450,1286,4199
08/26/2022,103.85,,,163.62,10,1636.2,79.21,4,316.84,123.47,3,370.41,110.34,5,551.7,63.11,12,757.32,256.95,,,108.28,8,866.24,125.16,4,500.64,62.89,,,51.77,14,724.78,202.89,6,1217.34,171.51,4,686.04,43.87,,,0.852224,7628,0.84572,,6500,78.69,6579,5450,1129,4058
08/29/2022,103.75,,,161.38,10,1613.8,79.59,4,318.36,122.83,3,368.49,109.42,5,547.1,62.73,12,752.76,255.66,,,107.88,8,863.04,125.02,4,500.08,63.12,,,51.69,14,723.66,202.33,6,1213.98,171.73,4,686.92,44.29,,,0.85306,7588,0.854,,6473,78.69,6552,5450,1102,4031
08/30/2022,103.85,,,158.91,10,1589.1,79,4,316,119.06,3,357.18,108.94,5,544.7,62.15,12,745.8,253.49,,,107.86,8,862.88,124.24,4,496.96,62.56,,,51.47,14,720.58,201.38,6,1208.28,170.73,4,682.92,44.16,,,0.85765,7524,0.85974,,6453,78.69,6532,5450,1082,3986
08/31/2022,97.44,,,157.22,10,1572.2,78.21,4,312.84,118.91,3,356.73,108.22,5,541.1,61.71,12,740.52,252.28,,,106.45,8,851.6,122.65,4,490.6,62.35,,,51.06,14,714.84,198.71,6,1192.26,169.03,4,676.12,44.18,,,0.86218,7449,0.86549,,6422,78.69,6501,5450,1051,3955
09/01/2022,97.54,,,157.96,10,1579.6,79.8,4,319.2,117.34,3,352.02,109.74,5,548.7,62,12,744,256.47,,,106.49,8,851.92,123.7,4,494.8,63.84,,,50.52,14,707.28,200.13,6,1200.78,170.04,4,680.16,44.83,,,0.86588,7478,0.86163,,6475,78.69,6554,5450,1104,3967
09/02/2022,98.3,,,155.81,10,1558.1,78.17,4,312.68,117,3,351,107.85,5,539.25,61.15,12,733.8,254.51,,,105.74,8,845.92,122.41,4,489.64,63.52,,,50.18,14,702.52,197.76,6,1186.56,168.45,4,673.8,44.33,,,0.86881,7393,0.85856,,6423,85.56,6509,5550,959,3924
09/06/2022,99.34,,,154.53,10,1545.3,77.77,4,311.08,116.45,3,349.35,106.81,5,534.05,61.18,12,734.16,254.39,,,105.15,8,841.2,122.48,4,489.92,62.89,,,50.4,14,705.6,198.64,6,1191.84,169.16,4,676.64,44.11,,,0.86867,7379,0.85975,,6410,85.56,6496,5550,946,3908
09/07/2022,100,,,155.96,10,1559.6,78.55,4,314.2,118.62,3,355.86,109.45,5,547.25,62.31,12,747.72,258.42,,,108.48,8,867.84,127.2,4,508.8,65.84,,,50.96,14,713.44,200.42,6,1202.52,173.73,4,694.92,45.25,,,0.86807,7512,0.86759,,6521,85.56,6607,5550,1057,3980
09/08/2022,101.45,,,154.46,10,1544.6,77.84,4,311.36,119.37,3,358.11,108.38,5,541.9,62.12,12,745.44,260.08,,,108.73,8,869.84,129.22,4,516.88,66.47,,,50.57,14,707.98,200.71,6,1204.26,173.58,4,694.32,45.48,,,0.867935,7495,0.8689,,6505,85.56,6590,5550,1040,4006
09/09/2022,101.85,,,157.37,10,1573.7,78.03,4,312.12,122.01,3,366.03,110.65,5,553.25,62.32,12,747.84,259.52,,,110.97,8,887.76,128.68,4,514.72,66.62,,,51.76,14,724.64,205.2,6,1231.2,173.4,4,693.6,45.61,,,0.86192,7605,0.8752,,6555,85.56,6640,5550,1090,4067
09/12/2022,102.85,,,163.43,10,1634.3,77.9,4,311.6,123.95,3,371.85,110.86,5,554.3,62.5,12,750,260.37,,,112.38,8,899.04,129.1,4,516.4,66.98,,,52.68,14,737.52,206.63,6,1239.78,173.71,4,694.84,46.02,,,0.85545,7710,0.86626,,6595,85.56,6681,5550,1131,4110
09/13/2022,101.95,,,153.84,10,1538.4,75.43,4,301.72,120.49,3,361.47,104.32,5,521.6,60.47,12,725.64,254.33,,,105.72,8,845.76,126.71,4,506.84,64.56,,,51.63,14,722.82,199.67,6,1198.02,171.21,4,684.84,45.07,,,0.8691,7407,0.86709,,6438,85.56,6523,5550,973,3933
09/14/2022,101.5,,,155.31,10,1553.1,76.06,4,304.24,119.89,3,359.67,105,5,525,60.79,12,729.48,255.72,,,107,8,856,128.04,4,512.16,64.36,,,51.66,14,723.24,199.41,6,1196.46,171.73,4,686.92,44.97,,,0.86618,7446,0.86459,,6450,85.56,6535,5550,985,3946
09/15/2022,100.5,,,152.37,10,1523.7,75.23,4,300.92,118.53,3,355.59,102.91,5,514.55,59.53,12,714.36,253.47,,,105.5,8,844,127.09,4,508.36,64.88,,,51.06,14,714.84,195.37,6,1172.22,171.03,4,684.12,44.49,,,0.87316,7333,0.87213,,6403,85.56,6488,5550,938,3901
09/16/2022,100.4,,,150.7,10,1507,75.69,4,302.76,116.49,3,349.47,102.8,5,514,59.54,12,714.48,254.91,,,104.12,8,832.96,124.89,4,499.56,64.66,,,50.82,14,711.48,193.3,6,1159.8,169.34,4,677.36,44.4,,,0.875964,7269,0.87084,,6367,85.56,6453,5550,903,3873
09/19/2022,100.55,,,154.48,10,1544.8,76.01,4,304.04,117.87,3,353.61,103.07,5,515.35,59.99,12,719.88,257.01,,,107.21,8,857.68,127.29,4,509.16,65.54,,,51.01,14,714.14,193.13,6,1158.78,170.91,4,683.64,44.78,,,0.87388,7361,0.87635,,6433,85.56,6518,5550,968,3900
09/20/2022,99.3,,,156.9,10,1569,75.16,4,300.64,116.83,3,350.49,101.14,5,505.7,59.9,12,718.8,255.4,,,102.42,8,819.36,125.1,4,500.4,63.72,,,50.87,14,712.18,192.07,6,1152.42,169.7,4,678.8,44.52,,,0.87869,7308,0.87601,,6421,85.56,6507,5550,957,3856
09/21/2022,100.95,,,153.72,10,1537.2,74.9,4,299.6,114.45,3,343.35,99.28,5,496.4,59.4,12,712.8,251.08,,,99.79,8,798.32,121.36,4,485.44,62.96,,,51.22,14,717.08,187.02,6,1122.12,168.89,4,675.56,44.92,,,0.88842,7188,0.87328,,6386,85.56,6471,5550,921,3790
09/22/2022,98.86,,,152.74,10,1527.4,75.36,4,301.44,113.81,3,341.43,100.14,5,500.7,59.26,12,711.12,247.94,,,98.55,8,788.4,122.42,4,489.68,62.01,,,51.37,14,719.18,185.79,6,1114.74,166.87,4,667.48,44.46,,,0.88777,7162,0.8734,,6358,85.56,6443,5550,893,3758
09/23/2022,98.8,,,150.43,10,1504.3,75.53,4,302.12,111.1,3,333.3,98.74,5,493.7,58.6,12,703.2,245.95,,,97.02,8,776.16,121.53,4,486.12,61.27,,,49.33,14,690.62,183.96,6,1103.76,165.74,4,662.96,43.35,,,0.92081,7056,0.88276,,6497,85.56,6583,5550,1033,3693
09/26/2022,98.08,,,150.77,10,1507.7,75,4,300,109.35,3,328.05,98.17,5,490.85,57.87,12,694.44,243.76,,,96.06,8,768.48,118.88,4,475.52,60.31,,,49.3,14,690.2,180.59,6,1083.54,165.22,4,660.88,43.77,,,0.92826,7000,0.89321,,6498,85.56,6583,5550,1033,3655
09/27/2022,97.96,,,151.76,10,1517.6,72.58,4,290.32,108.69,3,326.07,97.5,5,487.5,56.38,12,676.56,236.7,,,96.29,8,770.32,119.1,4,476.4,60.57,,,48.72,14,682.08,177.87,6,1067.22,163.22,4,652.88,43.65,,,0.93218,6947,0.89448,,6476,87.62,6563,5550,1013,3647
09/28/2022,97.42,,,149.84,10,1498.4,72.91,4,291.64,111.78,3,335.34,100.05,5,500.25,56.98,12,683.76,236.94,,,98.7,8,789.6,119.05,4,476.2,62.31,,,49.77,14,696.78,179.18,6,1075.08,164.67,4,658.68,44.37,,,0.92285,7006,0.89585,,6465,87.62,6553,5550,1003,3719
09/29/2022,98.76,,,142.48,10,1424.8,71.77,4,287.08,109.99,3,329.97,97.42,5,487.1,56.57,12,678.84,234.4,,,95.33,8,762.64,118.39,4,473.56,61.34,,,50.3,14,704.2,180.06,6,1080.36,161.91,4,647.64,44.08,,,0.8953,6876,0.88002,,6156,87.62,6244,5550,694,3640
09/30/2022,99.92,,,138.2,10,1382,70.25,4,281,107.99,3,323.97,95.65,5,478.25,56.02,12,672.24,230.74,,,83.12,8,664.96,116.21,4,464.84,62.12,,,49.32,14,690.48,177.65,6,1065.9,160.21,4,640.84,43.23,,,0.8967,6664,0.85199,,5976,87.62,6064,5550,514,3586
10/03/2022,99.98,,,142.45,10,1424.5,71.11,4,284.44,112.82,3,338.46,98.64,5,493.2,56.65,12,679.8,235.34,,,85.4,8,683.2,120.5,4,482,62.9,,,49.64,14,694.96,181.65,6,1089.9,165.09,4,660.36,44.18,,,0.88229,6831,0.8674,,6027,88.69,6115,5650,465,3678
10/04/2022,102.75,,,146.1,10,1461,71.84,4,287.36,115.69,3,347.07,101.64,5,508.2,56.78,12,681.36,238.5,,,88.64,8,709.12,123.94,4,495.76,65.42,,,50.93,14,713.02,185.65,6,1113.9,168.18,4,672.72,44.75,,,0.87326,6990,0.87183,,6104,88.69,6192,5650,542,3791
10/05/2022,104.65,,,146.4,10,1464,71.11,4,284.44,113.74,3,341.22,101.43,5,507.15,56.24,12,674.88,239.09,,,91.1,8,728.8,122.34,4,489.36,65.8,,,50.2,14,702.8,187.67,6,1126.02,166.63,4,666.52,44.31,,,0.88064,6985,0.87252,,6151,94.39,6246,5650,596,3783
10/06/2022,103.05,,,145.43,10,1454.3,69.56,4,278.24,112.24,3,336.72,101.42,5,507.1,55.03,12,660.36,234.75,,,90.17,8,721.36,121.92,4,487.68,65.09,,,49.2,14,688.8,185.59,6,1113.54,159.4,4,637.6,43.89,,,0.89589,6886,0.87692,,6169,94.39,6263,5650,613,3745
10/07/2022,101.3,,,140.09,10,1400.9,68.99,4,275.96,109.78,3,329.34,98.68,5,493.4,54.51,12,654.12,233.19,,,87.16,8,697.28,121.96,4,487.84,64.59,,,48.77,14,682.78,183.83,6,1102.98,155.24,4,620.96,42.85,,,0.90112,6746,0.8781,,6079,94.39,6173,5650,523,3640
10/10/2022,101.3,,,140.42,10,1404.2,68.48,4,273.92,108.84,3,326.52,97.86,5,489.3,54.39,12,652.68,234.95,,,86.69,8,693.52,123.73,4,494.92,64.33,,,48.65,14,681.1,182.18,6,1093.08,155.5,4,622,43.11,,,0.90282,6731,0.87658,,6077,94.39,6171,5650,521,3612
10/11/2022,101.45,,,138.98,10,1389.8,69.05,4,276.2,107.93,3,323.79,97.18,5,485.9,54.48,12,653.76,237.05,,,87.99,8,703.92,123.45,4,493.8,64.36,,,48.74,14,682.36,179.14,6,1074.84,156.27,4,625.08,44.22,,,0.91176,6709,0.88436,,6117,94.39,6212,5650,562,3589
10/12/2022,100.6,,,138.34,10,1383.4,69.11,4,276.44,106.95,3,320.85,97.56,5,487.8,55.14,12,661.68,237.06,,,88.51,8,708.08,121.4,4,485.6,63.88,,,48.96,14,685.44,178.24,6,1069.44,154.35,4,617.4,43.72,,,0.90045,6696,0.8741,,6030,94.39,6124,5650,474,3577
10/13/2022,97.18,,,142.99,10,1429.9,71.01,4,284.04,109.82,3,329.46,99.06,5,495.3,55.87,12,670.44,246.75,,,89.56,8,716.48,122.42,4,489.68,65.18,,,49.14,14,687.96,184.66,6,1107.96,157.38,4,629.52,44.09,,,0.88465,6841,0.86427,,6052,94.39,6146,5650,496,3670
10/14/2022,98.9,,,138.38,10,1383.8,71.33,4,285.32,107.03,3,321.09,96.56,5,482.8,54.98,12,659.76,243.16,,,87.55,8,700.4,115.89,4,463.56,63.55,,,48.66,14,681.24,182.62,6,1095.72,154.73,4,618.92,43.48,,,0.895015,6693,0.85364,,5990,94.39,6084,5650,434,3583
10/17/2022,100,,,142.41,10,1424.1,72.14,4,288.56,111.15,3,333.45,99.97,5,499.85,55.69,12,668.28,246.48,,,89.97,8,719.76,119.59,4,478.36,65.89,,,49.48,14,692.72,185.25,6,1111.5,157.82,4,631.28,43.79,,,0.88075,6848,0.867,,6031,94.39,6126,5650,476,3678
10/18/2022,101.25,,,143.75,10,1437.5,72.92,4,291.68,113.5,3,340.5,100.77,5,503.85,56.44,12,677.28,249.19,,,89.68,8,717.44,120.26,4,481.04,66.83,,,49.71,14,695.94,187.17,6,1123.02,161.12,4,644.48,44.71,,,0.8815,6913,0.86941,,6094,94.39,6188,5650,538,3720
10/19/2022,101.3,,,143.86,10,1438.6,71.75,4,287,112.91,3,338.73,99.63,5,498.15,55.96,12,671.52,250.75,,,88.57,8,708.56,121.2,4,484.8,66.1,,,49.28,14,689.92,186.41,6,1118.46,161.5,4,646,44.59,,,0.89198,6882,0.87109,,6138,94.39,6233,5650,583,3695
10/20/2022,100.5,,,143.39,10,1433.9,70.25,4,281,109.68,3,329.04,99.97,5,499.85,55.08,12,660.96,249.77,,,86.83,8,694.64,118.86,4,475.44,65.36,,,48.96,14,685.44,187.22,6,1123.32,159.28,4,637.12,44.7,,,0.89115,6821,0.87114,,6078,94.39,6173,5650,523,3666
10/21/2022,100.85,,,147.27,10,1472.7,71.47,4,285.88,112.82,3,338.46,101.13,5,505.65,55.96,12,671.52,254.55,,,88.5,8,708,122.45,4,489.8,67.61,,,50.13,14,701.82,190.37,6,1142.22,159.83,4,639.32,45.6,,,0.884486,6955,0.8719,,6152,94.39,6246,5650,596,3753
10/24/2022,103.2,,,149.45,10,1494.5,72.02,4,288.08,113.43,3,340.29,102.52,5,512.6,57.57,12,690.84,255.32,,,88.01,8,704.08,123.26,4,493.04,69.18,,,50.01,14,700.14,190.37,6,1142.22,162.69,4,650.76,46.47,,,0.88435,7017,0.87409,,6205,94.39,6299,5650,649,3797
10/25/2022,107.45,,,152.34,10,1523.4,72.76,4,291.04,115.5,3,346.5,104.48,5,522.4,58.95,12,707.4,255.73,,,91.72,8,733.76,122.11,4,488.44,70.46,,,50.77,14,710.78,194.38,6,1166.28,165.05,4,660.2,46.69,,,0.87243,7150,0.8692,,6238,94.39,6332,5650,682,3859
10/26/2022,106.95,,,149.35,10,1493.5,73.43,4,293.72,119.37,3,358.11,94.93,5,474.65,59.39,12,712.68,256.61,,,92.39,8,739.12,122.93,4,491.72,70.91,,,50.6,14,708.4,203.33,6,1219.98,159.97,4,639.88,47.05,,,0.85924,7132,0.86708,,6128,94.39,6222,5650,572,3831
10/27/2022,106.45,,,144.8,10,1448,73.23,4,292.92,117.99,3,353.97,92.22,5,461.1,59.53,12,714.36,265.11,,,90.54,8,724.32,124.38,4,497.52,71.91,,,50.29,14,704.06,204.29,6,1225.74,158.3,4,633.2,46.91,,,0.8646,7055,0.86177,,6100,94.39,6194,5650,544,3807
10/28/2022,107.65,,,155.74,10,1557.4,74.64,4,298.56,119.09,3,357.27,96.29,5,481.45,60.76,12,729.12,274.52,,,93.83,8,750.64,129.7,4,518.8,72.5,,,51.46,14,720.44,209.34,6,1256.04,157.91,4,631.64,47.5,,,0.860956,7301,0.85681,,6286,94.39,6381,5650,731,3901
10/31/2022,107.55,,,153.34,10,1533.4,73.84,4,295.36,118.44,3,355.32,94.51,5,472.55,59.85,12,718.2,272.66,,,92.68,8,741.44,128.4,4,513.6,72.1,,,51.2,14,716.8,207.16,6,1242.96,158.37,4,633.48,47.44,,,0.87198,7223,0.8621,,6298,94.39,6393,5650,743,3872
11/01/2022,101.9,,,150.65,10,1506.5,73.74,4,294.96,117.94,3,353.82,90.47,5,452.35,59.64,12,715.68,272.95,,,93.77,8,750.16,129.02,4,516.08,71.76,,,51.19,14,716.66,206.93,6,1241.58,156.52,4,626.08,47.23,,,0.87036,7174,0.85967,,6244,94.39,6338,5750,588,3856
11/02/2022,102.15,,,145.03,10,1450.3,72.77,4,291.08,116.06,3,348.18,86.97,5,434.85,58.81,12,705.72,270.37,,,90.3,8,722.4,127.73,4,510.92,70.29,,,50.54,14,707.56,200.95,6,1205.7,155.22,4,620.88,46.92,,,0.8784,6998,0.86176,,6147,94.39,6241,5750,491,3760
11/03/2022,99.9,,,138.88,10,1388.8,72.39,4,289.56,115.74,3,347.22,83.43,5,417.15,58.78,12,705.36,272.95,,,90.4,8,723.2,127.32,4,509.28,71.2,,,50.2,14,702.8,194.75,6,1168.5,157.13,4,628.52,46.91,,,0.89516,6880,0.87268,,6159,93.52,6253,5750,503,3720
11/04/2022,99.54,,,138.38,10,1383.8,73.19,4,292.76,119.24,3,357.72,86.58,5,432.9,59.26,12,711.12,274.62,,,95.79,8,766.32,126.62,4,506.48,71.19,,,52.07,14,728.98,196.98,6,1181.88,155.77,4,623.08,46.99,,,0.8793,6985,0.84176,,6142,93.52,6235,5750,485,3771
11/07/2022,97.44,,,138.92,10,1389.2,73.5,4,294,120.15,3,360.45,88.49,5,442.45,59.49,12,713.88,276.41,,,93.44,8,747.52,127.3,4,509.2,72.12,,,52.09,14,729.26,200.1,6,1200.6,157.35,4,629.4,47.48,,,0.86821,7016,0.86979,,6091,93.52,6185,5750,435,3807
11/08/2022,100.5,,,139.5,10,1395,73.81,4,295.24,121.51,3,364.53,88.9,5,444.5,59.6,12,715.2,278.4,,,93.75,8,750,129.1,4,516.4,71.49,,,52.46,14,734.44,201.78,6,1210.68,159.64,4,638.56,47.6,,,0.8656,7065,0.87253,,6115,93.52,6209,5750,459,3828
11/09/2022,101.1,,,134.87,10,1348.7,73.46,4,293.84,119.19,3,357.57,87.32,5,436.6,58.77,12,705.24,277.79,,,92.1,8,736.8,127.7,4,510.8,70.08,,,51.93,14,727.02,193.93,6,1163.58,158.2,4,632.8,46.49,,,0.87965,6913,0.8813,,6081,93.52,6174,5750,424,3749
11/10/2022,103.55,,,146.87,10,1468.7,74.97,4,299.88,123.35,3,370.05,93.94,5,469.7,60.88,12,730.56,275.88,,,99.49,8,795.92,129.74,4,518.96,74,,,53.48,14,748.72,205.57,6,1233.42,161.22,4,644.88,47.45,,,0.85502,7281,0.87131,,6225,93.52,6319,5750,569,3956
11/11/2022,99,,,149.7,10,1497,74.57,4,298.28,122.19,3,366.57,96.41,5,482.05,61.32,12,735.84,271.39,,,106.09,8,848.72,126.23,4,504.92,73.9,,,53.06,14,742.84,205,6,1230,158.16,4,632.64,47.53,,,0.84548,7339,0.8782,,6205,95.16,6300,5750,550,3993
11/14/2022,99.98,,,148.28,10,1482.8,74.57,4,298.28,121.31,3,363.93,95.7,5,478.5,60.73,12,728.76,272.27,,,104.39,8,835.12,122.98,4,491.92,73.06,,,53.38,14,747.32,206.86,6,1241.16,157.59,4,630.36,46.13,,,0.850883,7298,0.87802,,6210,95.16,6305,5750,555,3957
11/15/2022,100.4,,,150.04,10,1500.4,75.32,4,301.28,121.39,3,364.17,98.44,5,492.2,60.63,12,727.56,267.84,,,106.71,8,853.68,123.06,4,492.24,75.12,,,53.91,14,754.74,209.99,6,1259.94,157.09,4,628.36,49.15,,,0.84172,7375,0.8718,,6207,95.16,6302,5750,552,3992
11/16/2022,101.55,,,148.79,10,1487.9,76.01,4,304.04,122.77,3,368.31,98.85,5,494.25,60.52,12,726.24,272.51,,,105.23,8,841.84,125.91,4,503.64,79.02,,,54.53,14,763.42,210.14,6,1260.84,158.08,4,632.32,49.5,,,0.83926,7383,0.87221,,6196,95.16,6291,5750,541,3959
11/17/2022,101.35,,,150.72,10,1507.2,75.29,4,301.16,123.61,3,370.83,98.36,5,491.8,60.71,12,728.52,273.36,,,105.36,8,842.88,128.02,4,512.08,77.99,,,54.15,14,758.1,210.99,6,1265.94,159.09,4,636.36,49.33,,,0.84316,7415,0.87333,,6252,96.50,6348,5750,598,3947
11/18/2022,102.25,,,151.29,10,1512.9,76.46,4,305.84,124.42,3,373.26,97.43,5,487.15,61.14,12,733.68,273.37,,,105.42,8,843.36,128.36,4,513.44,78.16,,,54.24,14,759.36,210.8,6,1264.8,161.18,4,644.72,50.08,,,0.840901,7439,0.8698,,6255,96.50,6352,5750,602,3965
11/21/2022,104,,,148.01,10,1480.1,76.92,4,307.68,124.18,3,372.54,95.6,5,478,62.08,12,744.96,274.52,,,103.83,8,830.64,129.81,4,519.24,79,,,54.78,14,766.92,206.32,6,1237.92,162.8,4,651.2,50.38,,,0.84548,7389,0.86617,,6247,96.50,6344,5750,594,3950
11/22/2022,104.15,,,150.18,10,1501.8,76.37,4,305.48,125.36,3,376.08,97.05,5,485.25,62.35,12,748.2,274.76,,,105.97,8,847.76,130.09,4,520.36,80.11,,,55.24,14,773.36,210.33,6,1261.98,163.24,4,652.96,50.56,,,0.84072,7473,0.86681,,6283,96.50,6379,5750,629,4004
11/23/2022,104.7,,,151.07,10,1510.7,76.93,4,307.72,126.37,3,379.11,98.46,5,492.3,62.63,12,751.56,273.27,,,106.65,8,853.2,131.09,4,524.36,80.54,,,55.72,14,780.08,211.73,6,1270.38,164.01,4,656.04,50.81,,,0.82826,7525,0.86262,,6233,96.50,6330,5750,580,4027
11/25/2022,105.3,,,148.11,10,1481.1,76.77,4,307.08,127.67,3,383.01,97.46,5,487.3,62.69,12,752.28,275,,,105.96,8,847.68,131.57,4,526.28,81.03,,,55.87,14,782.18,213.79,6,1282.74,164.46,4,657.84,51.02,,,0.826856,7507,0.8624,,6208,96.50,6304,5750,554,4026
11/28/2022,105.65,,,144.22,10,1442.2,76.38,4,305.52,126.02,3,378.06,96.05,5,480.25,62.7,12,752.4,272.88,,,104.96,8,839.68,130.02,4,520.08,80.03,,,55.79,14,781.06,211.26,6,1267.56,164.59,4,658.36,51.17,,,0.8361,7425,0.86479,,6208,96.50,6305,5750,555,3964
11/29/2022,104.3,,,141.17,10,1411.7,75.97,4,303.88,125.22,3,375.66,95.19,5,475.95,62.48,12,749.76,271.41,,,106.25,8,850,131.12,4,524.48,80.16,,,55.64,14,778.96,209.06,6,1254.36,165.08,4,660.32,50.99,,,0.83704,7385,0.86411,,6182,96.50,6278,5750,528,3958
11/30/2022,105.2,,,148.03,10,1480.3,77.48,4,309.92,128.43,3,385.29,100.99,5,504.95,63.61,12,763.32,272.79,,,109.69,8,877.52,132.15,4,528.6,80.05,,,56.68,14,793.52,217,6,1302,167.72,4,670.88,50.81,,,0.827986,7616,0.86302,,6306,96.50,6403,5750,653,4080
12/01/2022,105.1,,,148.31,10,1483.1,77.75,4,311,128.46,3,385.38,100.99,5,504.95,63.79,12,765.48,273.4,,,111.11,8,888.88,131.26,4,525.04,79.74,,,57.54,14,805.56,217,6,1302,167.82,4,671.28,51.12,,,0.81571,7643,0.85875,,6234,96.50,6331,5750,581,4077
12/02/2022,105.2,,,147.81,10,1478.1,78.17,4,312.68,127.83,3,383.49,100.44,5,502.2,64.35,12,772.2,273.4,,,112.2,8,897.6,132.51,4,530.04,80.19,,,57.94,14,811.16,217.66,6,1305.96,169.81,4,679.24,51.07,,,0.813174,7673,0.858,,6239,98.36,6338,5850,488,4072
12/05/2022,104.25,,,146.63,10,1466.3,77.12,4,308.48,126.7,3,380.1,99.48,5,497.4,63.47,12,761.64,271.59,,,109.62,8,876.96,131.26,4,525.04,79.46,,,57.36,14,803.04,213.68,6,1282.08,167.79,4,671.16,50.55,,,0.82018,7572,0.86087,,6211,98.36,6309,5850,459,3999
12/06/2022,104.15,,,142.91,10,1429.1,77.21,4,308.84,125.5,3,376.5,96.98,5,484.9,63.44,12,761.28,271.77,,,107.93,8,863.44,130.97,4,523.88,79.36,,,57.57,14,805.98,209.08,6,1254.48,165.56,4,662.24,49.96,,,0.824199,7471,0.8626,,6157,98.36,6256,5850,406,3941
12/07/2022,104.75,,,140.94,10,1409.4,77.55,4,310.2,124.79,3,374.37,94.94,5,474.7,63.54,12,762.48,270.34,,,108.33,8,866.64,130.48,4,521.92,79.4,,,57.17,14,800.38,207.81,6,1246.86,165.21,4,660.84,49.7,,,0.81884,7428,0.86072,,6082,98.36,6181,5850,331,3934
12/08/2022,103.9,,,142.65,10,1426.5,78.14,4,312.56,125.98,3,377.94,93.71,5,468.55,63.81,12,765.72,273.39,,,111.36,8,890.88,131.18,4,524.72,78.68,,,56.7,14,793.8,209.1,6,1254.6,166.01,4,664.04,49.59,,,0.81726,7479,0.86277,,6113,98.36,6211,5850,361,3964
12/09/2022,104.85,,,142.16,10,1421.6,77.78,4,311.12,124.56,3,373.68,92.83,5,464.15,63.14,12,757.68,272.04,,,109.42,8,875.36,129.38,4,517.52,78.06,,,56.64,14,792.96,208.7,6,1252.2,166.83,4,667.32,48.44,,,0.815661,7434,0.859,,6063,98.36,6162,5850,312,3934
12/12/2022,104.65,,,144.49,10,1444.9,78.61,4,314.44,127.04,3,381.12,93.31,5,466.55,63.97,12,767.64,276.62,,,112.07,8,896.56,129.94,4,519.76,78.76,,,57.02,14,798.28,214.59,6,1287.54,166.79,4,667.16,49.34,,,0.81494,7544,0.85899,,6148,98.36,6246,5850,396,3991
12/13/2022,104.1,,,145.47,10,1454.7,78.75,4,315,127.21,3,381.63,95.63,5,478.15,63.99,12,767.88,274.28,,,112.85,8,902.8,128.28,4,513.12,79.16,,,56.99,14,797.86,213.04,6,1278.24,166.75,4,667,49.16,,,0.80928,7556,0.86,,6115,103.10,6218,5850,368,4020
12/14/2022,104.6,,,143.21,10,1432.1,79.34,4,317.36,125.83,3,377.49,95.07,5,475.35,63.99,12,767.88,274.53,,,111.45,8,891.6,126.58,4,506.32,79.29,,,57.78,14,808.92,213.32,6,1279.92,166.54,4,666.16,48.89,,,0.80519,7523,0.85954,,6058,103.10,6161,5850,311,3995
12/15/2022,102.8,,,136.5,10,1365,77.88,4,311.52,123.17,3,369.51,90.86,5,454.3,63.11,12,757.32,271.73,,,108.51,8,868.08,127.66,4,510.64,78.66,,,56.86,14,796.04,207.91,6,1247.46,163.37,4,653.48,48.45,,,0.8204,7333,0.8725,,6016,103.10,6119,5850,269,3896
12/16/2022,101.3,,,134.51,10,1345.1,77.76,4,311.04,121.6,3,364.8,90.26,5,451.3,62.75,12,753,266.12,,,105.95,8,847.6,126.45,4,505.8,77.65,,,56.55,14,791.7,206.89,6,1241.34,161.79,4,647.16,47.58,,,0.823384,7259,0.8731,,5977,106.79,6084,5850,234,3852
12/19/2022,100.75,,,132.37,10,1323.7,77.98,4,311.92,119.85,3,359.55,88.44,5,442.2,62.84,12,754.08,265.83,,,103.05,8,824.4,127.07,4,508.28,78.09,,,56.78,14,794.92,204.82,6,1228.92,157.59,4,630.36,47.6,,,0.82282,7178,0.87287,,5906,106.79,6013,5850,163,3818
12/20/2022,99.64,,,132.3,10,1323,77.69,4,310.76,119.59,3,358.77,89.02,5,445.1,62.79,12,753.48,267.25,,,103.21,8,825.68,127.19,4,508.76,77.59,,,56.98,14,797.72,205.36,6,1232.16,157.79,4,631.16,48.02,,,0.8204,7187,0.87145,,5896,108.60,6004,5850,154,3822
12/21/2022,100.7,,,135.45,10,1354.5,78.99,4,315.96,121.34,3,364.02,89.58,5,447.9,63.8,12,765.6,268.16,,,115.78,8,926.24,129.12,4,516.48,78.84,,,57.5,14,805,206.81,6,1240.86,159.27,4,637.08,48.39,,,0.827993,7374,0.87829,,6105,108.60,6214,5850,364,3878
12/22/2022,100.3,,,132.23,10,1322.3,79.28,4,317.12,119.63,3,358.89,87.76,5,438.8,63.34,12,760.08,265.77,,,116.71,8,933.68,128.6,4,514.4,78.42,,,57.22,14,801.08,205.06,6,1230.36,157.73,4,630.92,47.83,,,0.83057,7308,0.8803,,6069,108.60,6178,5850,328,3822
12/23/2022,99.56,,,131.86,10,1318.6,79.45,4,317.8,120.44,3,361.32,89.23,5,446.15,63.82,12,765.84,267.57,,,116.25,8,930,129.44,4,517.76,79.5,,,57.45,14,804.3,205.83,6,1234.98,159.21,4,636.84,47.92,,,0.8296,7334,0.8849,,6084,108.60,6193,5850,343,3845
12/27/2022,100,,,130.03,10,1300.3,79.94,4,319.76,121.54,3,364.62,87.39,5,436.95,64.21,12,770.52,266.84,,,117.56,8,940.48,130.17,4,520.68,79.03,,,57.5,14,805,206.29,6,1237.74,159.5,4,638,47.94,,,0.83144,7334,0.88436,,6098,108.60,6206,5850,356,3829
12/28/2022,99.76,,,126.04,10,1260.4,78.82,4,315.28,119.29,3,357.87,86.02,5,430.1,63.57,12,762.84,265.11,,,114.98,8,919.84,129.72,4,518.88,78.69,,,56.76,14,794.64,204.99,6,1229.94,157.37,4,629.48,47.1,,,0.83136,7219,0.88361,,6002,108.60,6110,5850,260,3783
12/29/2022,99.64,,,129.61,10,1296.1,79.37,4,317.48,120.43,3,361.29,88.45,5,442.25,63.95,12,767.4,265.93,,,117.35,8,938.8,130.56,4,522.24,79.34,,,56.93,14,797.02,208.06,6,1248.36,158.87,4,635.48,47.38,,,0.82944,7326,0.88407,,6077,108.60,6185,5850,335,3849
12/30/2022,97.76,,,129.93,10,1299.3,78.79,4,315.16,118.88,3,356.64,88.23,5,441.15,63.61,12,763.32,263.53,,,117.01,8,936.08,129.71,4,518.84,79.6,,,56.64,14,792.96,207.76,6,1246.56,156.88,4,627.52,47.26,,,0.826515,7298,0.87399,,6032,111.52,6143,5850,293,3840
01/03/2023,98.42,,,125.07,10,1250.7,79.13,4,316.52,119.17,3,357.51,89.12,5,445.6,62.95,12,755.4,264.33,,,118.75,8,950,130.14,4,520.56,79.01,,,56.78,14,794.92,207.39,6,1244.34,157.03,4,628.12,47.87,,,0.83544,7264,0.88089,,6068,111.52,6180,5850,330,3824
01/04/2023,99.26,,,126.36,10,1263.6,79.64,4,318.56,120.98,3,362.94,88.08,5,440.4,62.92,12,755.04,264.39,,,121.21,8,969.68,131.24,4,524.96,79.86,,,57.16,14,800.24,212.61,6,1275.66,156.91,4,627.64,47.92,,,0.82939,7339,0.87947,,6087,111.52,6198,5950,248,3853
01/05/2023,97.56,,,125.02,10,1250.2,78.54,4,314.16,118.15,3,354.45,86.2,5,431,62.2,12,746.4,262.16,,,120.62,8,964.96,131.53,4,526.12,80.65,,,56.34,14,788.76,211.11,6,1266.66,153.88,4,615.52,47.76,,,0.83947,7258,0.88324,,6093,111.52,6205,5950,255,3808
01/06/2023,98.62,,,129.62,10,1296.2,79.98,4,319.92,122.32,3,366.96,87.34,5,436.7,63.4,12,760.8,269.47,,,124.53,8,996.24,134.61,4,538.44,82.72,,,57.15,14,800.1,217.75,6,1306.5,159.49,4,637.96,48.93,,,0.826856,7460,0.8802,,6168,111.52,6280,5950,330,3895
01/09/2023,97.7,,,130.15,10,1301.5,78.73,4,314.92,123.08,3,369.24,88.02,5,440.1,62.61,12,751.32,267.25,,,124.85,8,998.8,132.01,4,528.04,81.51,,,57.32,14,802.48,218.6,6,1311.6,158.24,4,632.96,48.32,,,0.82069,7451,0.88065,,6115,111.52,6226,5950,276,3892
01/10/2023,98.08,,,130.73,10,1307.3,78.31,4,313.24,121.53,3,364.59,88.42,5,442.1,62.13,12,745.56,268.91,,,125.84,8,1006.72,133.02,4,532.08,82.44,,,57.39,14,803.46,221.09,6,1326.54,154.91,4,619.64,48.29,,,0.82274,7461,0.88348,,6139,111.52,6250,5950,300,3919
01/11/2023,98.28,,,133.49,10,1334.9,77.13,4,308.52,122.46,3,367.38,91.52,5,457.6,62.01,12,744.12,268.81,,,127.94,8,1023.52,132.25,4,529,82.27,,,57.34,14,802.76,222.1,6,1332.6,156.99,4,627.96,48.71,,,0.8224,7528,0.88529,,6191,111.52,6303,5950,353,3970
01/12/2023,98.02,,,133.41,10,1334.1,76.84,4,307.36,123.13,3,369.39,91.13,5,455.65,61.21,12,734.52,266.69,,,127.89,8,1023.12,132.94,4,531.76,81.92,,,57.62,14,806.68,223.62,6,1341.72,152.68,4,610.72,48.27,,,0.81848,7515,0.88883,,6151,111.52,6262,5950,312,3983
01/13/2023,99.02,,,134.76,10,1347.6,77.85,4,311.4,123.69,3,371.07,92.12,5,460.6,61.43,12,737.16,268.89,,,128.85,8,1030.8,133.65,4,534.6,81.53,,,57.87,14,810.18,223.06,6,1338.36,154.19,4,616.76,48.43,,,0.817528,7559,0.8873,,6179,111.52,6291,5950,341,3999
01/17/2023,100.2,,,135.94,10,1359.4,78.23,4,312.92,124.46,3,373.38,91.29,5,456.45,61.68,12,740.16,274.11,,,128.14,8,1025.12,130.69,4,522.76,81.55,,,57.48,14,804.72,223,6,1338,154.37,4,617.48,48.14,,,0.81402,7550,0.8782,,6146,111.80,6258,5950,308,3991
01/18/2023,100.65,,,135.21,10,1352.1,76.32,4,305.28,122.86,3,368.58,91.12,5,455.6,59.81,12,717.72,266.04,,,126.43,8,1011.44,128.23,4,512.92,79.81,,,56.7,14,793.8,219.46,6,1316.76,150.9,4,603.6,46.95,,,0.80987,7438,0.87443,,6024,111.80,6135,5950,185,3929
01/19/2023,100.6,,,135.27,10,1352.7,75.2,4,300.8,121.62,3,364.86,93.05,5,465.25,59.72,12,716.64,263.58,,,124.53,8,996.24,125.92,4,503.68,79.41,,,56.66,14,793.24,220.41,6,1322.46,150.49,4,601.96,46.28,,,0.80689,7418,0.87412,,5985,111.80,6097,5950,147,3899
01/20/2023,100.2,,,137.87,10,1378.7,75.44,4,301.76,123.31,3,369.93,98.02,5,490.1,60.08,12,720.96,268.58,,,126.62,8,1012.96,127.63,4,510.52,79.54,,,57.39,14,803.46,224.31,6,1345.86,152.06,4,608.24,46.85,,,0.807103,7542,0.8783,,6088,111.80,6199,5950,249,3973
01/23/2023,99.7,,,141.11,10,1411.1,75.5,4,302,123.64,3,370.92,99.79,5,498.95,60.23,12,722.76,269.29,,,128.29,8,1026.32,127.12,4,508.48,79.17,,,57.26,14,801.64,224.18,6,1345.08,152.67,4,610.68,47.55,,,0.80777,7598,0.87813,,6137,111.80,6249,5950,299,4020
01/24/2023,100.1,,,142.53,10,1425.3,75.94,4,303.76,124.02,3,372.06,97.7,5,488.5,60.55,12,726.6,269.56,,,126.83,8,1014.64,129.19,4,516.76,81.3,,,56.95,14,797.3,223.89,6,1343.34,152.27,4,609.08,47.67,,,0.81108,7597,0.88286,,6162,111.80,6274,5950,324,4017
01/25/2023,97.98,,,141.86,10,1418.6,75.77,4,303.08,118.18,3,354.54,95.22,5,476.1,60.93,12,731.16,273,,,126.82,8,1014.56,135.47,4,541.88,82.65,,,56.8,14,795.2,224.9,6,1349.4,153.11,4,612.44,47.45,,,0.80564,7597,0.87986,,6120,111.80,6232,5950,282,4016
01/26/2023,98.58,,,143.96,10,1439.6,75.53,4,302.12,118.52,3,355.56,97.52,5,487.6,60.81,12,729.72,274.72,,,127.53,8,1020.24,134.91,4,539.64,82.46,,,56.39,14,789.46,224.71,6,1348.26,152.5,4,610,47.4,,,0.80546,7622,0.87739,,6139,111.80,6251,5950,301,4060
01/27/2023,98.92,,,145.93,10,1459.3,71.59,4,286.36,118.29,3,354.87,99.37,5,496.85,60.49,12,725.88,272.46,,,127.53,8,1020.24,135.07,4,540.28,81.89,,,56.05,14,784.7,231.44,6,1388.64,152.61,4,610.44,47.77,,,0.807537,7668,0.878,,6192,111.80,6304,5950,354,4071
01/30/2023,99.88,,,143,10,1430,72.88,4,291.52,117.4,3,352.2,96.94,5,484.7,60.64,12,727.68,270.89,,,126.37,8,1010.96,135.4,4,541.6,81.51,,,56.51,14,791.14,229.1,6,1374.6,153.1,4,612.4,47.38,,,0.80948,7617,0.87851,,6166,111.80,6277,5950,327,4018
01/31/2023,100.15,,,144.29,10,1442.9,74.53,4,298.12,119.09,3,357.27,98.84,5,494.2,61.32,12,735.84,267.4,,,127.33,8,1018.64,136.35,4,545.4,81.86,,,57.49,14,804.86,230.21,6,1381.26,154.73,4,618.92,47.96,,,0.81242,7697,0.88232,,6254,111.80,6365,5950,415,4077
02/01/2023,100.9,,,145.43,10,1454.3,74.99,4,299.96,119.42,3,358.26,100.43,5,502.15,61.33,12,735.96,266.27,,,129.5,8,1036,137.98,4,551.92,82.42,,,57.58,14,806.12,230.9,6,1385.4,154.41,4,617.64,48.22,,,0.8071,7748,0.889,,6253,111.80,6365,5950,415,4119
02/02/2023,102.25,,,150.82,10,1508.2,73.73,4,294.92,119.69,3,359.07,107.74,5,538.7,60.28,12,723.36,263.21,,,129.06,8,1032.48,134.97,4,539.88,80.39,,,56.55,14,791.7,229.56,6,1377.36,150.34,4,601.36,47.87,,,0.81813,7767,0.89206,,6354,111.80,6466,6050,416,4180
02/03/2023,102.75,,,154.5,10,1545,74.29,4,297.16,119.86,3,359.58,104.78,5,523.9,59.83,12,717.96,264.23,,,127.61,8,1020.88,136.31,4,545.24,80.52,,,56.84,14,795.76,230.13,6,1380.78,151.06,4,604.24,47.24,,,0.829944,7791,0.89206,,6466,111.80,6577,6050,527,4136
02/06/2023,101.9,,,151.73,10,1517.3,73.85,4,295.4,118.36,3,355.08,102.9,5,514.5,60.17,12,722.04,267.92,,,125.73,8,1005.84,137.67,4,550.68,80.15,,,56.55,14,791.7,229.44,6,1376.64,151.82,4,607.28,46.89,,,0.83148,7736,0.89202,,6433,111.80,6545,6050,495,4111
02/07/2023,100.55,,,154.65,10,1546.5,73.45,4,293.8,118.12,3,354.36,107.64,5,538.2,60.07,12,720.84,267.34,,,125.33,8,1002.64,138.7,4,554.8,79.86,,,55.77,14,780.78,231.32,6,1387.92,151.33,4,605.32,46.99,,,0.82956,7785,0.89003,,6458,111.80,6570,6050,520,4164
02/08/2023,100.4,,,151.92,10,1519.2,73.36,4,293.44,117.4,3,352.2,99.37,5,496.85,59.72,12,716.64,262.82,,,122.91,8,983.28,138.37,4,553.48,80.31,,,55.86,14,782.04,230.2,6,1381.2,150.86,4,603.44,46.74,,,0.8284,7682,0.88756,,6364,111.80,6475,6050,425,4118
02/09/2023,100.05,,,150.87,10,1508.7,72.83,4,291.32,116.71,3,350.13,95.01,5,475.05,59.62,12,715.44,260.66,,,122.18,8,977.44,137.18,4,548.72,80.76,,,56.08,14,785.12,229.35,6,1376.1,152.28,4,609.12,47.17,,,0.8253,7637,0.88756,,6303,111.80,6415,6050,365,4082
02/10/2023,100.55,,,151.01,10,1510.1,73.55,4,294.2,119.85,3,359.55,94.57,5,472.85,59.62,12,715.44,262.42,,,122.23,8,977.84,138.73,4,554.92,80.25,,,56.18,14,786.52,227.2,6,1363.2,154.07,4,616.28,47.91,,,0.828844,7651,0.8869,,6341,111.80,6453,6050,403,4090
02/13/2023,102.3,,,153.85,10,1538.5,73.77,4,295.08,120.78,3,362.34,94.61,5,473.05,60.6,12,727.2,266.2,,,125.15,8,1001.2,139.71,4,558.84,80.56,,,58.38,14,817.32,228.88,6,1373.28,152.78,4,611.12,48.64,,,0.8229,7758,0.88294,,6384,111.80,6496,6050,446,4137
02/14/2023,102.35,,,153.2,10,1532,73.18,4,292.72,119.56,3,358.68,94.68,5,473.4,59.59,12,715.08,266.61,,,126.2,8,1009.6,139.27,4,557.08,80.72,,,58.31,14,816.34,229.39,6,1376.34,151.34,4,605.36,48.5,,,0.8214,7737,0.88294,,6355,111.80,6467,6050,417,4136
02/15/2023,104.05,,,155.33,10,1553.3,72.7,4,290.8,118.56,3,355.68,96.94,5,484.7,59.59,12,715.08,266.56,,,127.48,8,1019.84,141.96,4,567.84,80.65,,,58.03,14,812.42,228.92,6,1373.52,152.14,4,608.56,48.86,,,0.83058,7782,0.88812,,6463,111.80,6575,6050,525,4148
02/16/2023,104.6,,,153.71,10,1537.1,72.77,4,291.08,117.44,3,352.32,95.51,5,477.55,59.22,12,710.64,265.83,,,124.38,8,995.04,142.54,4,570.16,79.62,,,57.2,14,800.8,225.83,6,1354.98,152.27,4,609.08,48.09,,,0.83505,7699,0.88812,,6429,113.13,6542,6050,492,4090
02/17/2023,103.5,,,152.55,10,1525.5,74.52,4,298.08,116.75,3,350.25,94.35,5,471.75,60.12,12,721.44,269.99,,,124.84,8,998.72,141.52,4,566.08,79.83,,,57.6,14,806.4,223.56,6,1341.36,154.92,4,619.68,48.81,,,0.83022,7699,0.89,,6392,114.75,6507,6050,457,4079
02/21/2023,104.4,,,148.48,10,1484.8,74.26,4,297.04,116.25,3,348.75,91.79,5,458.95,59.8,12,717.6,268.55,,,121.1,8,968.8,142.58,4,570.32,78.82,,,57.9,14,810.6,220.62,6,1323.72,152.54,4,610.16,49.11,,,0.82581,7591,0.8796,,6269,114.75,6383,6050,333,3997
02/22/2023,110.05,,,148.91,10,1489.1,74.41,4,297.64,115.32,3,345.96,91.65,5,458.25,59.98,12,719.76,268.64,,,119.9,8,959.2,142.49,4,569.96,77.46,,,57.69,14,807.66,220.02,6,1320.12,152.15,4,608.6,48.08,,,0.82988,7576,0.88027,,6287,114.75,6402,6050,352,3991
02/23/2023,109.3,,,149.4,10,1494,73.66,4,294.64,116.08,3,348.24,90.89,5,454.45,60.09,12,721.08,266.78,,,119.96,8,959.68,142.36,4,569.44,77.75,,,57.04,14,798.56,221.13,6,1326.78,150.98,4,603.92,47.36,,,0.8321,7571,0.8818,,6300,114.75,6414,6050,364,4012
02/24/2023,110.65,,,146.71,10,1467.1,73.13,4,292.52,115.24,3,345.72,89.13,5,445.65,59.84,12,718.08,263.68,,,118.04,8,944.32,141.81,4,567.24,77.19,,,56.57,14,791.98,219.55,6,1317.3,151.31,4,605.24,47.49,,,0.8371,7495,0.886,,6274,114.75,6389,6050,339,3970
02/27/2023,110.4,,,147.92,10,1479.2,73.6,4,294.4,115.93,3,347.79,89.87,5,449.35,59.82,12,717.84,264.78,,,118.53,8,948.24,141.69,4,566.76,76.9,,,56.81,14,795.34,220.35,6,1322.1,151.07,4,604.28,47.15,,,0.82908,7525,0.87954,,6239,114.75,6354,6050,304,3982
02/28/2023,109.45,,,147.41,10,1474.1,73.3,4,293.2,113.89,3,341.67,90.06,5,450.3,59.51,12,714.12,263.91,,,118.79,8,950.32,143.52,4,574.08,76.6,,,56.17,14,786.38,219.94,6,1319.64,149.76,4,599.04,47.38,,,0.83101,7503,0.87883,,6235,114.75,6350,6050,300,3970
03/01/2023,110.6,,,145.31,10,1453.1,72.55,4,290.2,115.63,3,346.89,90.36,5,451.8,58.86,12,706.32,262.72,,,118.58,8,948.64,142.23,4,568.92,76.86,,,56.13,14,785.82,218.36,6,1310.16,148.83,4,595.32,46.72,,,0.83126,7457,0.88699,,6199,114.75,6314,6150,164,3951
03/02/2023,111.7,,,145.91,10,1459.1,73.77,4,295.08,117.92,3,353.76,92,5,460,59.72,12,716.64,267.57,,,119.58,8,956.64,142.25,4,569,76.71,,,56.7,14,793.8,219.06,6,1314.36,150,4,600,46.83,,,0.83671,7518,0.88685,,6291,114.75,6405,6150,255,3981
03/03/2023,110.75,,,151.03,10,1510.3,73.95,4,295.8,119.31,3,357.93,93.65,5,468.25,59.44,12,713.28,269.07,,,120.94,8,967.52,145.6,4,582.4,77.91,,,56.07,14,784.98,223.77,6,1342.62,150.08,4,600.32,46.89,,,0.830803,7623,0.8857,,6334,116.66,6450,6150,300,4046
03/06/2023,110.35,,,153.83,10,1538.3,73.29,4,293.16,118.03,3,354.09,95.13,5,475.65,60.36,12,724.32,270.64,,,120.17,8,961.36,145.64,4,582.56,78.25,,,55.69,14,779.66,226.75,6,1360.5,150.77,4,603.08,46.88,,,0.8315,7673,0.88829,,6380,116.66,6496,6150,346,4048
03/07/2023,110.75,,,151.6,10,1516,71.5,4,286,116.3,3,348.9,93.86,5,469.3,60.01,12,720.12,267.13,,,119.59,8,956.72,144.83,4,579.32,76.98,,,54.77,14,766.78,223.17,6,1339.02,149.4,4,597.6,46.42,,,0.84547,7580,0.89172,,6408,116.66,6525,6150,375,3986
03/08/2023,111.25,,,152.87,10,1528.7,71.96,4,287.84,117.57,3,352.71,94.25,5,471.25,60.04,12,720.48,265.33,,,119.86,8,958.88,143.76,4,575.04,77.18,,,54.96,14,769.44,222.19,6,1333.14,149.9,4,599.6,46.03,,,0.84387,7597,0.89018,,6411,116.66,6528,6150,378,3992
03/09/2023,112.05,,,150.59,10,1505.9,71.34,4,285.36,116.1,3,348.3,92.32,5,461.6,59.46,12,713.52,261.63,,,117.87,8,942.96,142.06,4,568.24,74.97,,,54.82,14,767.48,220.01,6,1320.06,150.62,4,602.48,45.72,,,0.83875,7516,0.88773,,6304,116.66,6421,6150,271,3918
03/10/2023,111.85,,,148.5,10,1485,71.31,4,285.24,115.46,3,346.38,90.63,5,453.15,59.21,12,710.52,262.03,,,117.49,8,939.92,140.65,4,562.6,74.3,,,54.83,14,767.62,216.14,6,1296.84,149.33,4,597.32,45.66,,,0.83091,7445,0.8889,,6186,116.66,6302,6150,152,3862
03/13/2023,111.25,,,150.47,10,1504.7,71.5,4,286,116.2,3,348.6,91.11,5,455.55,59.81,12,717.72,263.08,,,116.86,8,934.88,139.53,4,558.12,73.54,,,55.28,14,773.92,214.47,6,1286.82,151.24,4,604.96,45.79,,,0.8216,7471,0.88113,,6138,116.66,6255,6150,105,3856
03/14/2023,112.9,,,152.59,10,1525.9,72.24,4,288.96,116.17,3,348.51,93.97,5,469.85,60.03,12,720.36,265.9,,,119,8,952,141.84,4,567.36,74.76,,,55.88,14,782.32,218.66,6,1311.96,154.36,4,617.44,46.03,,,0.8229,7585,0.88275,,6241,116.66,6358,6150,208,3919
03/15/2023,112.2,,,152.99,10,1529.9,72.93,4,291.72,115.19,3,345.57,96.11,5,480.55,60.43,12,725.16,266.34,,,118.17,8,945.36,135.06,4,540.24,74.16,,,55.16,14,772.24,216.37,6,1298.22,155.06,4,620.24,46.55,,,0.82855,7549,0.87661,,6255,116.66,6372,6150,222,3892
03/16/2023,114.1,,,155.85,10,1558.5,72.95,4,291.8,118.49,3,355.47,100.32,5,501.6,60.3,12,723.6,270.57,,,120.65,8,965.2,142.87,4,571.48,74.6,,,55.94,14,783.16,217.45,6,1304.7,155.61,4,622.44,46.09,,,0.82573,7678,0.87628,,6340,116.66,6457,6150,307,3960
03/17/2023,113,,,155,10,1550,72.2,4,288.8,115.24,3,345.72,101.62,5,508.1,60.02,12,720.24,267.2,,,120.39,8,963.12,136.32,4,545.28,74.48,,,55.29,14,774.06,217.39,6,1304.34,153.15,4,612.6,46.47,,,0.820816,7612,0.8854,,6248,116.66,6365,6150,215,3917
03/20/2023,113.8,,,157.4,10,1574,73.08,4,292.32,115.33,3,345.99,101.22,5,506.1,60.6,12,727.2,270.74,,,121.2,8,969.6,139.07,4,556.28,75.4,,,56.24,14,787.36,218.15,6,1308.9,154.87,4,619.48,46.97,,,0.81458,7687,0.87322,,6262,116.66,6379,6150,229,3952
03/21/2023,114.7,,,159.28,10,1592.8,72.38,4,289.52,114.84,3,344.52,104.92,5,524.6,60.32,12,723.84,270.21,,,125.61,8,1004.88,140.23,4,560.92,76.36,,,56.88,14,796.32,221.95,6,1331.7,154.51,4,618.04,46.81,,,0.81799,7787,0.88101,,6370,116.66,6486,6150,336,4003
03/22/2023,115.2,,,157.83,10,1578.3,72.13,4,288.52,113.87,3,341.61,103.37,5,516.85,60.05,12,720.6,267.87,,,119.5,8,956,136.69,4,546.76,75.13,,,57.33,14,802.62,220.04,6,1320.24,152.09,4,608.36,46.51,,,0.81435,7680,0.88507,,6254,116.66,6371,6150,221,3937
03/23/2023,113.9,,,158.93,10,1589.3,71.83,4,287.32,112.64,3,337.92,105.6,5,528,59.92,12,719.04,269.62,,,120.97,8,967.76,137.83,4,551.32,74.63,,,57.35,14,802.9,222.59,6,1335.54,150.7,4,602.8,46.88,,,0.81423,7722,0.88192,,6287,121.81,6409,6150,259,3949
03/24/2023,113.2,,,160.25,10,1602.5,73.42,4,293.68,113.68,3,341.04,105.44,5,527.2,60.9,12,730.8,271.33,,,120.71,8,965.68,140.43,4,561.72,74.87,,,57.81,14,809.34,221.04,6,1326.24,154.46,4,617.84,47.27,,,0.817795,7776,0.8795,,6359,121.81,6481,6150,331,3971
03/27/2023,113.95,,,158.28,10,1582.8,74.15,4,296.6,114.6,3,343.8,102.46,5,512.3,61.35,12,736.2,273.84,,,117.81,8,942.48,141.12,4,564.48,75.38,,,58.17,14,814.38,221.81,6,1330.86,153.58,4,614.32,48.06,,,0.81317,7738,0.87818,,6292,121.81,6414,6150,264,3978
03/28/2023,113.45,,,157.65,10,1576.5,74.5,4,298,114.94,3,344.82,101.03,5,505.15,61.42,12,737.04,275.85,,,117.87,8,942.96,142.85,4,571.4,76.21,,,58.37,14,817.18,220.33,6,1321.98,154.82,4,619.28,47.87,,,0.811,7734,0.87938,,6273,123.74,6396,6150,246,3971
03/29/2023,115.3,,,160.77,10,1607.7,74.47,4,297.88,115.32,3,345.96,101.39,5,506.95,61.86,12,742.32,277.44,,,120.49,8,963.92,144.48,4,577.92,76.55,,,58.11,14,813.54,223.3,6,1339.8,157.04,4,628.16,48.08,,,0.81211,7824,0.88064,,6354,123.74,6478,6150,328,4028
03/30/2023,115.9,,,162.36,10,1623.6,75.25,4,301,116.3,3,348.9,100.89,5,504.45,61.85,12,742.2,277.79,,,120.1,8,960.8,143.79,4,575.16,76.91,,,58.48,14,818.72,222.36,6,1334.16,161.53,4,646.12,48.56,,,0.80728,7855,0.88024,,6341,123.74,6465,6150,315,4051
03/31/2023,116.35,,,164.9,10,1649,75.15,4,300.6,117.97,3,353.91,103.73,5,518.65,62.03,12,744.36,279.61,,,122.64,8,981.12,143.06,4,572.24,78.36,,,58.42,14,817.88,225.46,6,1352.76,163.17,4,652.68,49.15,,,0.810045,7943,0.8805,,6434,123.74,6558,6150,408,4109
04/03/2023,116.5,,,166.17,10,1661.7,75.36,4,301.44,119.21,3,357.63,104.36,5,521.8,62.4,12,748.8,282.14,,,121.67,8,973.36,145.1,4,580.4,78.86,,,59.29,14,830.06,229,6,1374,163.87,4,655.48,49.56,,,0.80495,8005,0.87805,,6443,124.81,6568,6150,418,4125
04/04/2023,117.5,,,165.63,10,1656.3,74.73,4,298.92,120.29,3,360.87,104.72,5,523.6,62.21,12,746.52,282.28,,,123.69,8,989.52,144.28,4,577.12,78.64,,,59.56,14,833.84,227.66,6,1365.96,163.53,4,654.12,49.08,,,0.8001,8007,0.87661,,6406,124.81,6531,6250,281,4101
04/05/2023,119.25,,,163.76,10,1637.6,75.36,4,301.44,117.07,3,351.21,104.47,5,522.35,62.8,12,753.6,282.02,,,120.9,8,967.2,146.43,4,585.72,78.04,,,59.99,14,839.86,228.17,6,1369.02,162.82,4,651.28,49.89,,,0.80237,7979,0.87483,,6402,130.40,6533,6250,283,4090
04/06/2023,119.6,,,164.66,10,1646.6,75.68,4,302.72,118.52,3,355.56,108.42,5,542.1,62.84,12,754.08,282.89,,,120.22,8,961.76,147.29,4,589.16,78.05,,,60.28,14,843.92,225.99,6,1355.94,163.66,4,654.64,50.27,,,0.803923,8006,0.87787,,6437,130.40,6567,6250,317,4105
04/10/2023,119.6,,,162.03,10,1620.3,75.14,4,300.56,117.85,3,353.55,106.44,5,532.2,62.69,12,752.28,283.78,,,121.91,8,975.28,149,4,596,78.38,,,60.28,14,843.92,226.43,6,1358.58,162.28,4,649.12,50.17,,,0.80696,7982,0.87703,,6441,130.40,6571,6250,321,4109
04/11/2023,119.65,,,160.8,10,1608,76.02,4,304.08,118.88,3,356.64,105.35,5,526.75,62.58,12,750.96,284.48,,,123.3,8,986.4,148.62,4,594.48,78.34,,,59.99,14,839.86,228.45,6,1370.7,163.14,4,652.56,50.02,,,0.80444,7990,0.87813,,6428,130.40,6558,6250,308,4109
04/12/2023,120.7,,,160.1,10,1601,76.05,4,304.2,120.76,3,362.28,104.64,5,523.2,62.69,12,752.28,285.3,,,123.66,8,989.28,148.15,4,592.6,76.7,,,60.11,14,841.54,227.81,6,1366.86,165.5,4,662,49.78,,,0.80047,7995,0.88025,,6400,130.40,6530,6250,280,4092
04/13/2023,121.2,,,165.56,10,1655.6,76.52,4,306.08,121.43,3,364.29,107.43,5,537.15,63.15,12,757.8,289.07,,,126.43,8,1011.44,138.21,4,552.84,77.2,,,60.87,14,852.18,232.69,6,1396.14,166.85,4,667.4,49.83,,,0.798384,8101,0.88223,,6468,130.40,6598,6250,348,4146
04/14/2023,119.1,,,165.21,10,1652.1,75.59,4,302.36,122.38,3,367.14,108.87,5,544.35,63.05,12,756.6,288.98,,,125.95,8,1007.6,135.85,4,543.4,77.19,,,60.28,14,843.92,234.02,6,1404.12,165.3,4,661.2,49.49,,,0.8048,8083,0.895,,6505,130.40,6635,6250,385,4138
04/17/2023,118.6,,,165.23,10,1652.3,75.7,4,302.8,122.41,3,367.23,105.97,5,529.85,63.46,12,761.52,289.31,,,126.19,8,1009.52,138.41,4,553.64,77.61,,,60.5,14,847,233.48,6,1400.88,165.4,4,661.6,49.84,,,0.80805,8086,0.88274,,6534,130.40,6665,6250,415,4151
04/18/2023,118.95,,,166.47,10,1664.7,75.54,4,302.16,122.65,3,367.95,104.5,5,522.5,63.56,12,762.72,290.91,,,126.21,8,1009.68,138.6,4,554.4,77.76,,,60.5,14,847,233.6,6,1401.6,165.38,4,661.52,49.95,,,0.8048,8094,0.88317,,6514,130.67,6645,6250,395,4155
04/19/2023,119.45,,,167.63,10,1676.3,75.59,4,302.36,122.46,3,367.38,104.18,5,520.9,63.68,12,764.16,291.27,,,125.67,8,1005.36,138.91,4,555.64,78.01,,,60.59,14,848.26,232.57,6,1395.42,165.1,4,660.4,50,,,0.80458,8096,0.88113,,6514,130.67,6645,6250,395,4155
04/20/2023,121.75,,,166.65,10,1666.5,76.36,4,305.44,122.65,3,367.95,105.29,5,526.45,63.96,12,767.52,291,,,124.45,8,995.6,138.39,4,553.56,79.07,,,61.07,14,854.98,234.6,6,1407.6,165.7,4,662.8,50.32,,,0.8038,8108,0.88144,,6518,130.67,6648,6250,398,4130
04/21/2023,122.8,,,165.02,10,1650.2,76.8,4,307.2,123.03,3,369.09,105.41,5,527.05,64.05,12,768.6,292.06,,,125.53,8,1004.24,137.02,4,548.08,78.43,,,61.32,14,858.48,234.05,6,1404.3,165.15,4,660.6,50.58,,,0.8041,8098,0.8924,,6511,130.67,6642,6250,392,4134
04/24/2023,122.4,,,165.33,10,1653.3,77.88,4,311.52,124.4,3,373.2,105.97,5,529.85,63.95,12,767.4,293.2,,,127.09,8,1016.72,135.4,4,541.6,78.53,,,61.37,14,859.18,232.76,6,1396.56,165.67,4,662.68,50.92,,,0.8,8112,0.8846,,6490,130.67,6620,6250,370,4137
04/25/2023,122,,,163.77,10,1637.7,77.7,4,310.8,118.53,3,355.59,103.85,5,519.25,63.85,12,766.2,291.51,,,124.66,8,997.28,134.87,4,539.48,76.84,,,61.54,14,861.56,229.59,6,1377.54,165.57,4,662.28,50.52,,,0.80549,8028,0.88415,,6466,130.67,6597,6250,347,4072
04/26/2023,119.55,,,163.76,10,1637.6,76.68,4,306.72,116.67,3,350.01,103.71,5,518.55,63.55,12,762.6,289.76,,,123.84,8,990.72,133.84,4,535.36,77.46,,,61.19,14,856.66,228.15,6,1368.9,163.61,4,654.44,50.3,,,0.80183,7982,0.88563,,6400,130.67,6531,6250,281,4056
04/27/2023,119.45,,,168.41,10,1684.1,77.93,4,311.72,118.33,3,354.99,107.59,5,537.95,63.68,12,764.16,294.72,,,125.7,8,1005.6,134.71,4,538.84,78.94,,,62.43,14,874.02,229.01,6,1374.06,161.63,4,646.52,50.46,,,0.80016,8092,0.88268,,6475,130.67,6606,6250,356,4135
04/28/2023,120.15,,,169.68,10,1696.8,79.8,4,319.2,119.27,3,357.81,107.34,5,536.7,64.15,12,769.8,295.75,,,126.72,8,1013.76,136.4,4,545.6,78.82,,,62.47,14,874.58,232.73,6,1396.38,166.05,4,664.2,50.32,,,0.795608,8175,0.8884,,6504,130.67,6635,6250,385,4169
05/01/2023,120.15,,,169.59,10,1695.9,80.69,4,322.76,119.83,3,359.49,107.2,5,536,64.3,12,771.6,297.58,,,127.92,8,1023.36,135.89,4,543.56,78.32,,,62.26,14,871.64,232.51,6,1395.06,166.79,4,667.16,50.53,,,0.8009,8187,0.87852,,6557,130.67,6687,6250,437,4168
05/02/2023,114.35,,,168.54,10,1685.4,80.85,4,323.4,118.37,3,355.11,105.32,5,526.6,64.01,12,768.12,298.07,,,127.26,8,1018.08,128.31,4,513.24,78.24,,,62.36,14,873.04,226.98,6,1361.88,166.71,4,666.84,50.39,,,0.8015,8092,0.88247,,6486,130.67,6616,6250,366,4120
05/03/2023,115.15,,,167.45,10,1674.5,81.26,4,325.04,117.98,3,353.94,105.41,5,527.05,63.65,12,763.8,295.22,,,126.74,8,1013.92,125.05,4,500.2,77.84,,,62.43,14,874.02,225.98,6,1355.88,167.32,4,669.28,50.21,,,0.79561,8058,0.8806,,6411,130.67,6541,6350,191,4091
05/04/2023,111.25,,,165.79,10,1657.9,80.79,4,323.16,118.65,3,355.95,104.69,5,523.45,63.72,12,764.64,295.16,,,123.67,8,989.36,126.1,4,504.4,77.07,,,62.34,14,872.76,225.6,6,1353.6,167.81,4,671.24,50.16,,,0.7947,8016,0.8761,,6371,130.67,6501,6350,151,4061
05/05/2023,108.75,,,173.57,10,1735.7,80.59,4,322.36,121.82,3,365.46,105.57,5,527.85,64.02,12,768.24,296.6,,,126.59,8,1012.72,129.52,4,518.08,78.5,,,62.51,14,875.14,231.78,6,1390.68,168.43,4,673.72,50.59,,,0.791139,8190,0.887,,6479,130.67,6610,6350,260,4136
05/08/2023,108.2,,,173.5,10,1735,80.75,4,323,120.89,3,362.67,107.77,5,538.85,63.92,12,767.04,296.69,,,126.88,8,1015.04,134.09,4,536.36,78.36,,,62.24,14,871.36,232.23,6,1393.38,169.03,4,676.12,50.91,,,0.79285,8219,0.87177,,6516,130.67,6647,6350,297,4138
05/09/2023,111.3,,,171.77,10,1717.7,80.64,4,322.56,120.3,3,360.9,107.35,5,536.75,63.39,12,760.68,296.66,,,125.1,8,1000.8,135.7,4,542.8,78.59,,,61.67,14,863.38,233.26,6,1399.56,169.46,4,677.84,50.99,,,0.7921,8183,0.86844,,6482,130.67,6612,6350,262,4119
05/10/2023,111.3,,,173.56,10,1735.6,81.1,4,324.4,121.36,3,364.08,111.75,5,558.75,63.5,12,762,296.57,,,123.51,8,988.08,134.38,4,537.52,77.98,,,60.9,14,852.6,231.27,6,1387.62,170.55,4,682.2,50.85,,,0.791954,8193,0.8698,,6488,130.67,6619,6350,269,4138
05/11/2023,110.85,,,173.75,10,1737.5,81.63,4,326.52,119.98,3,359.94,116.57,5,582.85,63.86,12,766.32,294.79,,,122.22,8,977.76,133.94,4,535.76,78.06,,,61.07,14,854.98,231.01,6,1386.06,170.19,4,680.76,51.04,,,0.79948,8208,0.87211,,6562,130.67,6693,6350,343,4131
05/12/2023,110.3,,,172.57,10,1725.7,81.98,4,327.92,120.57,3,361.71,117.51,5,587.55,64.11,12,769.32,296.14,,,120.21,8,961.68,133.43,4,533.72,78.99,,,60.99,14,853.86,231.38,6,1388.28,169.24,4,676.96,51.02,,,0.803019,8187,0.8787,,6574,130.67,6705,6350,355,4124
05/15/2023,109.8,,,172.07,10,1720.7,81.08,4,324.32,121.44,3,364.32,116.51,5,582.55,63.94,12,767.28,295.9,,,119.83,8,958.64,132,4,528,79.25,,,61.05,14,854.7,232.81,6,1396.86,168.58,4,674.32,50.63,,,0.79839,8172,0.868,,6524,130.67,6655,6350,305,4136
05/16/2023,108.8,,,172.07,10,1720.7,80.77,4,323.08,119.9,3,359.7,119.51,5,597.55,63.22,12,758.64,294.15,,,116.48,8,931.84,129.76,4,519.04,78.22,,,60.68,14,849.52,230.47,6,1382.82,167.73,4,670.92,49.93,,,0.801,8114,0.87024,,6499,130.67,6630,6350,280,4110
05/17/2023,108.25,,,172.69,10,1726.9,80.51,4,322.04,119.16,3,357.48,120.84,5,604.2,63.15,12,757.8,293.46,,,116.98,8,935.84,136.6,4,546.4,78.95,,,60.62,14,848.68,232.65,6,1395.9,166.72,4,666.88,49.84,,,0.801102,8162,0.86821,,6539,131.97,6671,6350,321,4159
05/18/2023,109.1,,,175.05,10,1750.5,79.69,4,318.76,119.26,3,357.78,122.83,5,614.15,62.8,12,753.6,294.05,,,118.87,8,950.96,136.11,4,544.44,79.27,,,59.43,14,832.02,233.6,6,1401.6,165,4,660,50.49,,,0.80565,8184,0.86807,,6593,131.97,6725,6350,375,4198
05/19/2023,108.75,,,175.16,10,1751.6,79.93,4,319.72,119.5,3,358.5,122.76,5,613.8,62.83,12,753.96,295.55,,,114.76,8,918.08,135.06,4,540.24,79.35,,,59.92,14,838.88,233.31,6,1399.86,165.36,4,661.44,49.97,,,0.803213,8156,0.8691,,6551,133.61,6685,6350,335,4192
05/22/2023,108.35,,,174.2,10,1742,78.41,4,313.64,117.76,3,353.28,125.05,5,625.25,61.51,12,738.12,289.35,,,110.18,8,881.44,135.63,4,542.52,78.43,,,58.88,14,824.32,231.28,6,1387.68,164.3,4,657.2,49.53,,,0.80422,8065,0.86935,,6486,133.61,6620,6350,270,4193
05/23/2023,107.95,,,171.56,10,1715.6,77.04,4,308.16,115.52,3,346.56,122.56,5,612.8,61.4,12,736.8,286.37,,,108.78,8,870.24,133.35,4,533.4,77.49,,,58.64,14,820.96,224.58,6,1347.48,162.78,4,651.12,49.44,,,0.80533,7943,0.86727,,6397,133.61,6530,6350,180,4146
05/24/2023,107.8,,,171.84,10,1718.4,76.48,4,305.92,113.21,3,339.63,120.9,5,604.5,60.88,12,730.56,285.92,,,108.29,8,866.32,131.5,4,526,76.82,,,58.06,14,812.84,222.25,6,1333.5,162.62,4,650.48,49.21,,,0.80834,7888,0.86943,,6376,133.61,6510,6350,160,4115
05/25/2023,105.8,,,172.99,10,1729.9,76.25,4,305,113.71,3,341.13,123.48,5,617.4,60.41,12,724.92,285.52,,,107.48,8,859.84,128.93,4,515.72,75.94,,,57.74,14,808.36,223.38,6,1340.28,161.88,4,647.52,48.72,,,0.8118,7890,0.87051,,6405,133.61,6539,6350,189,4151
05/26/2023,107.5,,,175.43,10,1754.3,76.21,4,304.84,113.97,3,341.91,124.61,5,623.05,60.26,12,723.12,286.04,,,107.51,8,860.08,128.49,4,513.96,77,,,57.77,14,808.78,225.01,6,1350.06,161.28,4,645.12,48.81,,,0.809848,7925,0.8689,,6418,133.61,6552,6350,202,4205
05/30/2023,106.85,,,177.3,10,1773,74.95,4,299.8,114.32,3,342.96,123.67,5,618.35,59.78,12,717.36,284.92,,,106.52,8,852.16,128.07,4,512.28,76.76,,,56.22,14,787.08,221.64,6,1329.84,162.16,4,648.64,48.69,,,0.80568,7881,0.86458,,6350,133.61,6484,6350,134,4206
05/31/2023,106.8,,,177.25,10,1772.5,74.38,4,297.52,112.73,3,338.19,122.87,5,614.35,59.66,12,715.92,285.11,,,105.26,8,842.08,127.91,4,511.64,76.79,,,56.18,14,786.52,221.03,6,1326.18,161.92,4,647.68,48.96,,,0.80341,7853,0.8589,,6309,133.61,6442,6350,92,4180
06/01/2023,111,,,180.09,10,1800.9,74.9,4,299.6,115.06,3,345.18,123.72,5,618.6,60,12,720,287.87,,,103.63,8,829.04,128.33,4,513.32,76.65,,,56.39,14,789.46,226.5,6,1359,162.8,4,651.2,49.14,,,0.79834,7926,0.85902,,6328,133.61,6461,6350,111,4221
06/02/2023,112.1,,,180.95,10,1809.5,76.05,4,304.2,117.69,3,353.07,124.67,5,623.35,61.16,12,733.92,289.91,,,107.78,8,862.24,129.5,4,518,78.11,,,56.96,14,797.44,228.79,6,1372.74,164.96,4,659.84,49.61,,,0.803019,8034,0.8612,,6452,135.44,6587,6450,137,4282
06/05/2023,112.55,,,179.58,10,1795.8,76.25,4,305,116.86,3,350.58,126.01,5,630.05,60.75,12,729,288.43,,,105.2,8,841.6,129.03,4,516.12,78.86,,,56.69,14,793.66,226.77,6,1360.62,164.74,4,658.96,49.93,,,0.8043,7981,0.86149,,6419,135.44,6555,6450,105,4274
06/06/2023,112.3,,,179.21,10,1792.1,75.57,4,302.28,115.05,3,345.15,127.31,5,636.55,60.31,12,723.72,284.54,,,106.19,8,849.52,129.8,4,519.2,78.67,,,56.58,14,792.12,228.22,6,1369.32,162.68,4,650.72,49.93,,,0.8046,7981,0.86071,,6421,135.44,6557,6450,107,4284
06/07/2023,112,,,177.82,10,1778.2,75.2,4,300.8,116.75,3,350.25,122.5,5,612.5,60.22,12,722.64,281.9,,,107.09,8,856.72,130.84,4,523.36,78.11,,,56.17,14,786.38,225.27,6,1351.62,161.55,4,646.2,50,,,0.80348,7929,0.86036,,6371,135.44,6506,6450,56,4268
06/08/2023,113.45,,,180.57,10,1805.7,75.73,4,302.92,115.12,3,345.36,122.14,5,610.7,60.37,12,724.44,285.78,,,106.2,8,849.6,131.08,4,524.32,77.76,,,56.44,14,790.16,223.05,6,1338.3,162.58,4,650.32,50.72,,,0.79621,7942,0.85838,,6323,135.44,6459,6450,9,4294
06/09/2023,113.35,,,180.96,10,1809.6,75.84,4,303.36,114.19,3,342.57,122.23,5,611.15,60.47,12,725.64,286.79,,,105.86,8,846.88,130.9,4,523.6,79.36,,,56.07,14,784.98,223.56,6,1341.36,162.68,4,650.72,51.03,,,0.795076,7940,0.8565,,6313,135.44,6448,6450,-2,4299
06/12/2023,114.35,,,183.79,10,1837.9,75.72,4,302.88,113.93,3,341.79,123.64,5,618.2,60.21,12,722.52,288.57,,,106.83,8,854.64,130.69,4,522.76,80.03,,,56.12,14,785.68,226.17,6,1357.02,162.91,4,651.64,51.37,,,0.79902,7995,0.85966,,6388,135.44,6524,6450,74,4339
06/13/2023,114.75,,,183.31,10,1833.1,75.24,4,300.96,115.1,3,345.3,123.83,5,619.15,60.45,12,725.4,288.55,,,106.78,8,854.24,131.68,4,526.72,81.03,,,56.26,14,787.64,223.4,6,1340.4,162.1,4,648.4,51.77,,,0.79322,7981,0.85557,,6331,135.44,6466,6450,16,4369
06/14/2023,113.95,,,183.95,10,1839.5,75.42,4,301.68,116.61,3,349.83,123.67,5,618.35,60.86,12,730.32,288.44,,,112.86,8,902.88,126.93,4,507.72,79.9,,,56.5,14,791,223.44,6,1340.64,162.42,4,649.68,52.29,,,0.78921,8032,0.85541,,6339,135.44,6474,6450,24,4373
06/15/2023,115.05,,,186.01,10,1860.1,76.8,4,307.2,117.96,3,353.88,125.09,5,625.45,61.23,12,734.76,292.61,,,112.41,8,899.28,128.36,4,513.44,81.48,,,57.8,14,809.2,226.17,6,1357.02,164.2,4,656.8,52.58,,,0.78212,8117,0.85605,,6349,135.44,6484,6450,34,4426
06/16/2023,116.15,,,184.92,10,1849.2,77.78,4,311.12,118.95,3,356.85,123.53,5,617.65,61.67,12,740.04,293.7,,,113.59,8,908.72,129.99,4,519.96,81.26,,,58.42,14,817.88,228.91,6,1373.46,165.03,4,660.12,51.84,,,0.779727,8155,0.8547,,6359,140.51,6499,6450,49,4410
06/20/2023,116.3,,,185.01,10,1850.1,77.62,4,310.48,117.4,3,352.2,123.1,5,615.5,61.26,12,735.12,293.04,,,109.54,8,876.32,129.48,4,517.92,80.39,,,57.96,14,811.44,226.47,6,1358.82,164.86,4,659.44,51.39,,,0.78337,8087,0.85531,,6335,142.37,6478,6450,28,4389
06/21/2023,115.6,,,183.96,10,1839.6,77.62,4,310.48,118.75,3,356.25,120.55,5,602.75,61.43,12,737.16,294.52,,,109.98,8,879.84,130.6,4,522.4,80.87,,,58.31,14,816.34,227.25,6,1363.5,165.48,4,661.92,51.49,,,0.78296,8090,0.8607,,6334,142.37,6477,6450,27,4366
06/22/2023,116.7,,,187,10,1870,78,4,312,119.95,3,359.85,123.15,5,615.75,61.85,12,742.2,293.3,,,110.46,8,883.68,131.76,4,527.04,81.48,,,58.14,14,813.96,228.39,6,1370.34,166.91,4,667.64,51.92,,,0.78449,8162,0.8594,,6403,142.37,6546,6450,96,4382
06/23/2023,117.3,,,186.68,10,1866.8,77.11,4,308.44,117.76,3,353.28,122.34,5,611.7,61.2,12,734.4,289.91,,,109.52,8,876.16,132.77,4,531.08,82.06,,,58.23,14,815.22,229.55,6,1377.3,165.59,4,662.36,51.82,,,0.786473,8137,0.8597,,6399,142.37,6542,6450,92,4348
06/26/2023,115.75,,,185.27,10,1852.7,76.64,4,306.56,118.79,3,356.37,118.34,5,591.7,61.22,12,734.64,289.09,,,111.74,8,893.92,131.95,4,527.8,81.72,,,58.11,14,813.54,226.3,6,1357.8,166.74,4,666.96,51.68,,,0.78666,8102,0.85797,,6374,142.37,6516,6450,66,4329
06/27/2023,115.6,,,188.06,10,1880.6,75.73,4,302.92,119.55,3,358.65,118.33,5,591.65,61.09,12,733.08,291.3,,,113.61,8,908.88,132.65,4,530.6,82.8,,,58.39,14,817.46,227.34,6,1364.04,168.78,4,675.12,51.5,,,0.78464,8163,0.85966,,6405,142.37,6547,6450,97,4378
06/28/2023,116.2,,,189.25,10,1892.5,75.91,4,303.64,119.07,3,357.21,120.18,5,600.9,60.52,12,726.24,291.74,,,113.03,8,904.24,131.69,4,526.76,82.66,,,58.06,14,812.84,227.96,6,1367.76,167.47,4,669.88,51.78,,,0.79098,8162,0.86325,,6456,142.37,6598,6450,148,4377
06/29/2023,115.2,,,189.59,10,1895.9,76.56,4,306.24,119.79,3,359.37,119.1,5,595.5,60.02,12,720.24,294.47,,,113.37,8,906.96,132.07,4,528.28,83.74,,,57.96,14,811.44,234.32,6,1405.92,169.61,4,678.44,51.43,,,0.79273,8208,0.86148,,6507,142.37,6649,6450,199,4396
06/30/2023,116.3,,,193.97,10,1939.7,77.04,4,308.16,121.07,3,363.21,119.7,5,598.5,60.22,12,722.64,298.41,,,110.37,8,882.96,132.37,4,529.48,84.79,,,58.65,14,821.1,237.48,6,1424.88,173.42,4,693.68,52.39,,,0.788564,8284,0.85575,,6533,142.37,6675,6450,225,4450
07/03/2023,114.3,,,192.46,10,1924.6,77.14,4,308.56,121.56,3,364.68,119.9,5,599.5,60.58,12,726.96,294.84,,,109.11,8,872.88,132.59,4,530.36,84.24,,,58.82,14,823.48,237.97,6,1427.82,171.4,4,685.6,52.73,,,0.78784,8264,0.85973,,6511,143.43,6654,6550,104,4456
07/05/2023,115.45,,,191.33,10,1913.3,76.87,4,307.48,119.82,3,359.46,121.75,5,608.75,61.03,12,732.36,296.9,,,107.1,8,856.8,131.43,4,525.72,84.7,,,58.16,14,814.24,239.45,6,1436.7,171.05,4,684.2,52.7,,,0.78712,8239,0.8544,,6485,147.11,6632,6550,82,4447
07/06/2023,114.3,,,191.81,10,1918.1,76.91,4,307.64,117.2,3,351.6,120.11,5,600.55,60.56,12,726.72,294.92,,,105.1,8,840.8,131.67,4,526.68,83.44,,,57.72,14,808.08,238.88,6,1433.28,171.36,4,685.44,52.37,,,0.78476,8199,0.8546,,6434,147.11,6581,6550,31,4412
07/07/2023,109.6,,,190.68,10,1906.8,75.59,4,302.36,115.58,3,346.74,119.48,5,597.4,59.76,12,717.12,292.1,,,104.46,8,835.68,131.26,4,525.04,82.7,,,57.44,14,804.16,236.45,6,1418.7,170.01,4,680.04,51.16,,,0.778698,8134,0.8548,,6334,148.92,6483,6550,-67,4399
07/10/2023,109.6,,,188.61,10,1886.1,75.89,4,303.56,115.87,3,347.61,116.45,5,582.25,59.31,12,711.72,294.49,,,105.78,8,846.24,131.08,4,524.32,83.57,,,57.54,14,805.56,238.16,6,1428.96,171.13,4,684.52,51.63,,,0.77732,8121,0.8555,,6312,148.92,6461,6550,-89,4410
07/11/2023,108.95,,,188.08,10,1880.8,75.39,4,301.56,115.61,3,346.83,117.14,5,585.7,59.52,12,714.24,294.74,,,107.39,8,859.12,132.17,4,528.68,84.74,,,57.45,14,804.3,240.55,6,1443.3,170.22,4,680.88,51.55,,,0.77311,8145,0.8512,,6297,148.92,6446,6550,-104,4439
07/12/2023,110.3,,,189.77,10,1897.7,75.16,4,300.64,117.02,3,351.06,118.93,5,594.65,59.84,12,718.08,295.61,,,107.76,8,862.08,132.11,4,528.44,85.25,,,58.14,14,813.96,242.21,6,1453.26,169.18,4,676.72,51.68,,,0.76945,8197,0.8572,,6307,148.92,6456,6550,-94,4472
07/13/2023,112.05,,,190.54,10,1905.4,75.86,4,303.44,118.61,3,355.83,124.54,5,622.7,60.35,12,724.2,295.22,,,107.84,8,862.72,114.78,4,459.12,84.94,,,58.66,14,821.24,243.31,6,1459.86,168.34,4,673.36,51.38,,,0.7617,8188,0.85483,,6237,148.92,6386,6550,-164,4510
07/14/2023,113.4,,,190.69,10,1906.9,76.44,4,305.76,118.33,3,354.99,125.42,5,627.1,60.9,12,730.8,294.94,,,107.95,8,863.6,116.79,4,467.16,84.92,,,58.92,14,824.88,243.16,6,1458.96,168.56,4,674.24,51.55,,,0.763767,8214,0.859,,6274,148.92,6423,6550,-127,4505
07/17/2023,113.25,,,193.99,10,1939.9,75.58,4,302.32,117.56,3,352.68,124.65,5,623.25,60.81,12,729.72,294.68,,,108.71,8,869.68,121.95,4,487.8,85.1,,,58.98,14,825.72,243.99,6,1463.94,167.76,4,671.04,51.62,,,0.76501,8266,0.85964,,6324,148.92,6473,6550,-77,4523
07/18/2023,112.8,,,193.73,10,1937.3,75.84,4,303.36,117.46,3,352.38,123.76,5,618.8,60.57,12,726.84,293.82,,,109.72,8,877.76,119.81,4,479.24,85.16,,,58.84,14,823.76,240.77,6,1444.62,166.61,4,666.44,51.52,,,0.76716,8231,0.86138,,6314,149.18,6463,6550,-87,4555
07/19/2023,112.9,,,195.1,10,1951,76.42,4,305.68,118,3,354,122.03,5,610.15,61.64,12,739.68,294.13,,,109.88,8,879.04,118.22,4,472.88,85.59,,,59.42,14,831.88,241.42,6,1448.52,166.7,4,666.8,51.54,,,0.77281,8260,0.86604,,6383,149.18,6532,6550,-18,4566
07/20/2023,112.8,,,193.13,10,1931.3,77,4,308,117.66,3,352.98,119.2,5,596,62.39,12,748.68,297.13,,,107.53,8,860.24,123.96,4,495.84,85.43,,,58.71,14,821.94,239.62,6,1437.72,171.9,4,687.6,52.49,,,0.77686,8240,0.86494,,6402,149.18,6551,6550,1,4535
07/21/2023,113.3,,,191.94,10,1919.4,77.19,4,308.76,118.55,3,355.65,120.02,5,600.1,62.44,12,749.28,295.61,,,109.06,8,872.48,124.39,4,497.56,85.58,,,58.93,14,825.02,239.25,6,1435.5,172.41,4,689.64,52.79,,,0.777907,8253,0.8659,,6420,149.18,6570,6550,20,4536
07/24/2023,112.75,,,192.75,10,1927.5,77.48,4,309.92,118.95,3,356.85,121.53,5,607.65,62.46,12,749.52,295.31,,,108.77,8,870.16,125.24,4,500.96,86.59,,,57.93,14,811.02,240.74,6,1444.44,171.8,4,687.2,53.1,,,0.78048,8265,0.8634,,6451,149.18,6600,6550,50,4555
07/25/2023,112.45,,,193.62,10,1936.2,77.84,4,311.36,118.67,3,356.01,122.21,5,611.05,62.25,12,747,292.36,,,108.3,8,866.4,123.55,4,494.2,87.28,,,60.64,14,848.96,238.69,6,1432.14,171.75,4,687,53.06,,,0.77556,8290,0.85699,,6430,149.18,6579,6550,29,4567
07/26/2023,112.35,,,194.5,10,1945,77.96,4,311.84,118.67,3,356.01,129.27,5,646.35,63.05,12,756.6,291.75,,,109.3,8,874.4,126.23,4,504.92,87.42,,,60.78,14,850.92,237.1,6,1422.6,164.94,4,659.76,53.25,,,0.77356,8328,0.85694,,6443,149.18,6592,6550,42,4567
07/27/2023,114.5,,,193.22,10,1932.2,77.11,4,308.44,118.34,3,355.02,129.4,5,647,62.44,12,749.28,295.19,,,107.67,8,861.36,125.31,4,501.24,86.45,,,60.13,14,841.82,234.44,6,1406.64,163.97,4,655.88,53.05,,,0.78163,8259,0.85808,,6455,149.18,6605,6550,55,4537
07/28/2023,114.65,,,195.83,10,1958.3,75.62,4,302.48,120.8,3,362.4,132.58,5,662.9,62.48,12,749.76,294.03,,,108.62,8,868.96,125.03,4,500.12,86.85,,,60.96,14,853.44,235.75,6,1414.5,162.94,4,651.76,53.3,,,0.7787,8325,0.8589,,6482,149.18,6632,6550,82,4582
07/31/2023,114.2,,,196.45,10,1964.5,76.26,4,305.04,121.23,3,363.69,132.72,5,663.6,61.93,12,743.16,293.2,,,110.39,8,883.12,125.98,4,503.92,86.53,,,60.45,14,846.3,237.73,6,1426.38,163.79,4,655.16,53.29,,,0.77918,8355,0.85687,,6510,149.18,6659,6550,109,4589
08/01/2023,113.4,,,195.61,10,1956.1,76.64,4,306.56,119.49,3,358.47,131.55,5,657.75,61.77,12,741.24,291.07,,,109.4,8,875.2,127.42,4,509.68,86.37,,,60.23,14,843.22,239.78,6,1438.68,162.51,4,650.04,53.04,,,0.78151,8337,0.86024,,6515,149.18,6665,6550,115,4577
08/02/2023,112.5,,,192.58,10,1925.8,77.54,4,310.16,116.8,3,350.4,128.38,5,641.9,61.96,12,743.52,289.62,,,107.51,8,860.08,125.36,4,501.44,85.61,,,59.59,14,834.26,237.56,6,1425.36,163.42,4,653.68,53.07,,,0.78614,8247,0.86032,,6483,149.18,6632,6650,-18,4513
08/03/2023,111.55,,,191.17,10,1911.7,76.58,4,306.32,117.23,3,351.69,128.45,5,642.25,61.64,12,739.68,291.02,,,108.64,8,869.12,128.85,4,515.4,86.02,,,58.78,14,822.92,238.76,6,1432.56,160.94,4,643.76,53.09,,,0.78639,8235,0.8611,,6476,149.18,6625,6650,-25,4502
08/04/2023,112.25,,,181.99,10,1819.9,76.26,4,305.04,116.88,3,350.64,128.11,5,640.55,60.71,12,728.52,287.02,,,108.81,8,870.48,126.54,4,506.16,85.45,,,58.38,14,817.32,238.99,6,1433.94,160.43,4,641.72,52.78,,,0.784,8114,0.8649,,6362,149.18,6511,6650,-139,4478
08/07/2023,113,,,178.85,10,1788.5,76.9,4,307.6,118.27,3,354.81,131.53,5,657.65,61.19,12,734.28,291.4,,,110.48,8,883.84,127.66,4,510.64,86.29,,,58.74,14,822.36,241.51,6,1449.06,161.25,4,645,53.5,,,0.78235,8154,0.86078,,6379,149.18,6528,6650,-122,4518
08/08/2023,113.3,,,179.8,10,1798,76.33,4,305.32,117.06,3,351.18,131.4,5,657,60.92,12,731.04,289.58,,,109.69,8,877.52,126.5,4,506,86.58,,,58.59,14,820.26,239.29,6,1435.74,159.8,4,639.2,53.55,,,0.78483,8121,0.86004,,6374,149.18,6523,6650,-127,4499
08/09/2023,113.15,,,178.19,10,1781.9,76.49,4,305.96,117.86,3,353.58,129.66,5,648.3,61.06,12,732.72,288.23,,,109.69,8,877.52,126.5,4,506,86.22,,,58.64,14,820.96,239.76,6,1438.56,161.5,4,646,53.64,,,0.78616,8112,0.86295,,6377,149.18,6526,6650,-124,4468
08/10/2023,113.3,,,177.97,10,1779.7,76.28,4,305.12,116.44,3,349.32,129.69,5,648.45,60.92,12,731.04,287.6,,,109.03,8,872.24,126.14,4,504.56,86.2,,,58.79,14,823.06,240.16,6,1440.96,159.83,4,639.32,53.42,,,0.78926,8094,0.86669,,6388,149.18,6537,6650,-113,4469
08/11/2023,112.35,,,177.79,10,1777.9,76.9,4,307.6,116.93,3,350.79,129.56,5,647.8,61.17,12,734.04,288.62,,,108.09,8,864.72,127.84,4,511.36,85.89,,,58.42,14,817.88,240.04,6,1440.24,160.94,4,643.76,53.73,,,0.787712,8096,0.8634,,6377,149.18,6527,6650,-123,4464
08/14/2023,112.6,,,179.46,10,1794.6,75.72,4,302.88,116.16,3,348.48,131.33,5,656.65,60.88,12,730.56,288.81,,,107.64,8,861.12,125.92,4,503.68,86.21,,,58.31,14,816.34,242.9,6,1457.4,160.73,4,642.92,53.33,,,0.78832,8115,0.8597,,6397,149.18,6546,6650,-104,4490
08/15/2023,111.95,,,177.45,10,1774.5,74.64,4,298.56,113.93,3,341.79,129.78,5,648.9,60.47,12,725.64,288.3,,,106.55,8,852.4,125.05,4,500.2,85.77,,,57.76,14,808.64,239.83,6,1438.98,158.97,4,635.88,53.06,,,0.78732,8025,0.8583,,6319,149.18,6468,6650,-182,4438
08/16/2023,111.2,,,176.57,10,1765.7,74.42,4,297.68,113.61,3,340.83,128.7,5,643.5,60.48,12,725.76,285.4,,,106.53,8,852.24,136.14,4,544.56,89.31,,,57.56,14,805.84,239.29,6,1435.74,160.02,4,640.08,53.09,,,0.78566,8052,0.85435,,6326,149.18,6475,6650,-175,4404
08/17/2023,109.4,,,174,10,1740,74,4,296,113.22,3,339.66,129.92,5,649.6,60.61,12,727.32,281.86,,,105.05,8,840.4,135.21,4,540.84,88.29,,,57.32,14,802.48,237.37,6,1424.22,158.49,4,633.96,51.9,,,0.7843,7994,0.8529,,6270,150.46,6421,6650,-229,4370
08/18/2023,109.1,,,174.49,10,1744.9,74.55,4,298.2,113.61,3,340.83,127.46,5,637.3,60.95,12,731.4,281.74,,,104.81,8,838.48,133.93,4,535.72,89.52,,,56.95,14,797.3,238.17,6,1429.02,158.87,4,635.48,52.64,,,0.785238,7989,0.855,,6273,152.06,6425,6650,-225,4370
08/21/2023,109.05,,,175.84,10,1758.4,73.8,4,295.2,112.59,3,337.77,128.37,5,641.85,60.43,12,725.16,280.04,,,102.86,8,822.88,132.18,4,528.72,89.62,,,56.85,14,795.9,239.46,6,1436.76,158.87,4,635.48,52.5,,,0.78365,7978,0.854,,6252,152.06,6404,6650,-246,4400
08/22/2023,107.35,,,177.23,10,1772.3,73.51,4,294.04,112.04,3,336.12,129.08,5,645.4,60.06,12,720.72,280.31,,,101.46,8,811.68,130.53,4,522.12,89.1,,,56.91,14,796.74,240.57,6,1443.42,158.13,4,632.52,52.34,,,0.78545,7975,0.8518,,6264,152.06,6416,6650,-234,4388
08/23/2023,109,,,181.12,10,1811.2,73.51,4,294.04,113,3,339,132.37,5,661.85,60.27,12,723.24,281.87,,,98.75,8,790,130.39,4,521.56,90.01,,,57.2,14,800.8,242.3,6,1453.8,158.38,4,633.52,52.7,,,0.78613,8029,0.85413,,6312,152.06,6464,6650,-186,4436
08/24/2023,109.55,,,176.38,10,1763.8,73.32,4,293.28,111.69,3,335.07,129.78,5,648.9,60.11,12,721.32,282.35,,,97.63,8,781.04,131.9,4,527.6,88.31,,,56.88,14,796.32,239.47,6,1436.82,157.28,4,629.12,52.3,,,0.7941,7933,0.85749,,6300,152.06,6452,6650,-198,4376
08/25/2023,109.5,,,178.61,10,1786.1,73.83,4,295.32,112.48,3,337.44,129.88,5,649.4,60.39,12,724.68,284.58,,,98.84,8,790.72,132.58,4,530.32,88.82,,,57.27,14,801.78,242.57,6,1455.42,158.33,4,633.32,52.61,,,0.794786,8005,0.8582,,6362,152.06,6514,6650,-136,4406
08/28/2023,110.55,,,180.19,10,1801.9,73.64,4,294.56,112.23,3,336.69,131.01,5,655.05,60.56,12,726.72,283.68,,,99.63,8,797.04,131.58,4,526.32,90.28,,,57.49,14,804.86,243.83,6,1462.98,157.94,4,631.76,52.91,,,0.79295,8038,0.85836,,6374,152.06,6526,6650,-124,4433
08/29/2023,110.4,,,184.12,10,1841.2,73.47,4,293.88,112.94,3,338.82,134.57,5,672.85,60.5,12,726,283.59,,,101.77,8,814.16,132.25,4,529,90.97,,,57.72,14,808.08,245.34,6,1472.04,158.13,4,632.52,53.35,,,0.79134,8129,0.86008,,6432,152.06,6585,6650,-65,4498
08/30/2023,111.85,,,187.65,10,1876.5,73.85,4,295.4,114.02,3,342.06,135.88,5,679.4,60.47,12,725.64,284.24,,,102.1,8,816.8,134.03,4,536.12,92.14,,,57.97,14,811.58,246.23,6,1477.38,158.62,4,634.48,53.73,,,0.786671,8195,0.85975,,6447,152.06,6599,6650,-51,4515
08/31/2023,111.2,,,187.87,10,1878.7,73.47,4,293.88,112.61,3,337.83,136.17,5,680.85,59.83,12,717.96,281.15,,,101.71,8,813.68,133.47,4,533.88,92.48,,,57.4,14,803.6,245.68,6,1474.08,156.78,4,627.12,54.2,,,0.78909,8162,0.85564,,6440,152.06,6592,6650,-58,4508
09/01/2023,112.05,,,189.46,10,1894.6,73.27,4,293.08,113.17,3,339.51,135.66,5,678.3,59.31,12,711.72,280.94,,,102.36,8,818.88,135.48,4,541.92,92.64,,,57.04,14,798.56,248.11,6,1488.66,157.01,4,628.04,53.86,,,0.794281,8193,0.8575,,6508,157.26,6665,6750,-85,4516
09/05/2023,112,,,189.7,10,1897,72.78,4,291.12,111.34,3,334.02,135.77,5,678.85,58.82,12,705.84,279.16,,,100.32,8,802.56,133.52,4,534.08,91.62,,,56.25,14,787.5,245.34,6,1472.04,157.03,4,628.12,53.42,,,0.79551,8131,0.85312,,6468,159.07,6627,6750,-123,4497
09/06/2023,112.4,,,182.91,10,1829.1,72.32,4,289.28,109.43,3,328.29,134.46,5,672.3,58.78,12,705.36,275.44,,,100.18,8,801.44,134.84,4,539.36,90.76,,,55.99,14,783.86,246.16,6,1476.96,155.97,4,623.88,53.82,,,0.80008,8050,0.85797,,6441,159.07,6600,6750,-150,4465
09/07/2023,113.7,,,177.56,10,1775.6,73.56,4,294.24,107.66,3,322.98,135.26,5,676.3,58.33,12,699.96,278.33,,,97.93,8,783.44,137.41,4,549.64,91.45,,,56.44,14,790.16,247.14,6,1482.84,156.9,4,627.6,54.49,,,0.8016,8003,0.85745,,6415,159.07,6574,6750,-176,4451
09/08/2023,114.15,,,178.18,10,1781.8,73.2,4,292.8,107.84,3,323.52,136.38,5,681.9,58.33,12,699.96,279.22,,,97.67,8,781.36,135.76,4,543.04,91.45,,,56.76,14,794.64,247.29,6,1483.74,156.45,4,625.8,54.59,,,0.802182,8009,0.8593,,6424,159.07,6583,6750,-167,4457
09/11/2023,113.5,,,179.36,10,1793.6,73.95,4,295.8,109.2,3,327.6,136.92,5,684.6,58.88,12,706.56,279.76,,,96.79,8,774.32,137.26,4,549.04,91.58,,,57.06,14,798.84,247.22,6,1483.32,157.48,4,629.92,54.78,,,0.79944,8044,0.85919,,6430,159.07,6589,6750,-161,4487
09/12/2023,113.2,,,176.3,10,1763,72.52,6,435.12,109.33,3,327.99,135.34,5,676.7,58.3,12,699.6,280.71,,,96.3,12,1155.6,138.65,4,554.6,92.18,5,460.9,56.64,14,792.96,247.3,6,1483.8,158.58,4,634.32,54.84,,,0.80053,8985,0.8607,,7192,153.91,7346,6750,596,4462
09/13/2023,114.1,,,174.21,10,1742.1,72.83,6,436.98,111.24,3,333.72,136.71,5,683.55,58.44,12,701.28,281.77,,,96.13,12,1153.56,139.17,4,556.68,92.92,5,464.6,56.76,14,794.64,247.83,6,1486.98,160.4,4,641.6,54.85,,,0.80067,8996,0.85928,,7203,153.91,7356,6750,606,4467
09/14/2023,116.15,,,175.74,10,1757.4,73.46,6,440.76,115.46,3,346.38,138.1,5,690.5,58.46,12,701.52,284.76,,,97.19,12,1166.28,139.57,4,558.28,93.59,5,467.95,56.99,14,797.86,241.5,6,1449,160.35,4,641.4,55.08,,,0.80633,9017,0.85755,,7271,153.91,7425,6750,675,4505
09/15/2023,118.15,,,175.01,10,1750.1,73.17,6,439.02,116.4,3,349.2,137.4,5,687,57.94,12,695.28,278.23,,,96.26,12,1155.12,138.74,4,554.96,92.44,5,462.2,57.08,14,799.12,241.07,6,1446.42,160.48,4,641.92,54.88,,,0.807103,8980,0.8612,,7248,153.91,7402,6750,652,4450
09/18/2023,117.35,,,177.97,10,1779.7,73.85,6,443.1,115.72,3,347.16,138.21,5,691.05,58.3,12,699.6,277.72,,,95.51,12,1146.12,140.56,4,562.24,91.94,5,459.7,57.14,14,799.96,244.66,6,1467.96,159.83,4,639.32,54.47,,,0.80751,9036,0.86338,,7297,153.91,7450,6750,700,4454
09/19/2023,116,,,179.07,10,1790.7,73.22,6,439.32,113.58,3,340.74,138.04,5,690.2,58.18,12,698.16,278.13,,,94.62,12,1135.44,142.47,4,569.88,91,5,455,56.8,14,795.2,243.56,6,1461.36,159.67,4,638.68,54.46,,,0.80687,9015,0.86183,,7274,153.91,7428,6750,678,4444
09/20/2023,116.6,,,175.49,10,1754.9,73.76,6,442.56,113.26,3,339.78,133.74,5,668.7,58.44,12,701.28,277.2,,,94.04,12,1128.48,142.69,4,570.76,90.66,5,453.3,57,14,798,241.86,6,1451.16,160.05,4,640.2,54.64,,,0.8111,8949,0.86391,,7259,153.91,7413,6750,663,4402
09/21/2023,115.55,,,173.93,10,1739.3,73.22,6,439.32,110.16,3,330.48,130.44,5,652.2,57.54,12,690.48,271.22,,,91.59,12,1099.08,142.4,4,569.6,89.17,5,445.85,56.91,14,796.74,236.61,6,1419.66,157.49,4,629.96,53.97,,,0.81339,8813,0.86712,,7168,153.91,7322,6750,572,4330
09/22/2023,114.1,,,174.79,10,1747.9,72.45,6,434.7,110.13,3,330.39,130.25,5,651.25,57.6,12,691.2,272.22,,,90.85,12,1090.2,143.26,4,573.04,89.16,5,445.8,56.69,14,793.66,235.08,6,1410.48,156.47,4,625.88,54.12,,,0.81686,8795,0.8715,,7184,153.91,7338,6750,588,4320
09/25/2023,113.75,,,176.08,10,1760.8,72.22,6,433.32,111.51,3,334.53,131.11,5,655.55,57,12,684,269.78,,,90.6,12,1087.2,142.42,4,569.68,88.26,5,441.3,55.97,14,783.58,233.36,6,1400.16,157.16,4,628.64,54.36,,,0.81879,8779,0.86711,,7188,153.91,7342,6750,592,4337
09/26/2023,113.65,,,171.96,10,1719.6,72,6,432,110.56,3,331.68,128.57,5,642.85,56.53,12,678.36,267.72,,,90.17,12,1082.04,140.75,4,563,87.87,5,439.35,55.47,14,776.58,229.65,6,1377.9,155.68,4,622.72,54.17,,,0.82326,8666,0.87003,,7134,155.85,7290,6750,540,4274
09/27/2023,113.3,,,170.43,10,1704.3,71.05,6,426.3,108.61,3,325.83,130.54,5,652.7,55.95,12,671.4,263.64,,,89.42,12,1073.04,140.62,4,562.48,88.11,5,440.55,54.9,14,768.6,229.5,6,1377,154.42,4,617.68,53.91,,,0.82404,8620,0.86562,,7103,155.85,7259,6750,509,4275
09/28/2023,113.85,,,170.69,10,1706.9,71.31,6,427.86,109.65,3,328.95,132.31,5,661.55,55.81,12,669.72,265.59,,,89.63,12,1075.56,140.41,4,561.64,89.58,5,447.9,55.35,14,774.9,231.66,6,1389.96,154.44,4,617.76,54.18,,,0.81935,8663,0.86539,,7098,155.85,7254,6750,504,4300
09/29/2023,114.65,,,171.21,10,1712.1,71.11,6,426.66,108.33,3,324.99,130.86,5,654.3,55.98,12,671.76,263.44,,,95.62,12,1147.44,139.3,4,557.2,88.88,5,444.4,55.58,14,778.12,230.01,6,1380.06,152.44,4,609.76,53.31,,,0.819471,8707,0.8667,,7135,155.85,7291,6750,541,4288
10/02/2023,114.85,,,173.75,10,1737.5,70.76,6,424.56,106.4,3,319.2,134.17,5,670.85,55.48,12,665.76,257.75,,,94.56,12,1134.72,138.97,4,555.88,88.68,5,443.4,54.83,14,767.62,231.27,6,1387.62,151.21,4,604.84,53.37,,,0.82705,8712,0.86674,,7205,155.85,7361,6750,611,4288
10/03/2023,114.75,,,172.4,10,1724,70.47,6,422.82,106.08,3,318.24,132.43,5,662.15,54.88,12,658.56,254.49,,,95.09,12,1141.08,139.4,4,557.6,87.85,5,439.25,54.89,14,768.46,228.81,6,1372.86,152.56,4,610.24,53.03,,,0.82792,8675,0.86672,,7182,156.93,7339,6850,489,4229
10/04/2023,116.95,,,173.66,10,1736.6,70.56,6,423.36,106.45,3,319.35,135.24,5,676.2,55.04,12,660.48,255.81,,,95.89,12,1150.68,142.16,4,568.64,88.04,5,440.2,55.05,14,770.7,231.22,6,1387.32,153.96,4,615.84,53.67,,,0.8239,8749,0.86561,,7209,162.71,7371,6850,521,4264
10/05/2023,118.05,,,174.91,10,1749.1,69.27,6,415.62,106.62,3,319.86,135.07,5,675.35,52.38,12,628.56,252.23,,,95.79,12,1149.48,142.5,4,570,87.83,5,439.15,55.06,14,770.84,233.48,6,1400.88,154.72,4,618.88,53.03,,,0.8205,8738,0.86529,,7169,162.71,7332,6850,482,4258
10/06/2023,118.3,,,177.49,10,1774.9,69.43,6,416.58,107.12,3,321.36,137.58,5,687.9,53.14,12,637.68,248.22,,,97.11,12,1165.32,142.86,4,571.44,88.56,5,442.8,54.25,14,759.5,235.04,6,1410.24,155.44,4,621.76,52.14,,,0.816927,8809,0.8659,,7197,162.71,7359,6850,509,4309
10/09/2023,118.4,,,178.99,10,1789.9,69.31,6,415.86,108.46,3,325.38,138.42,5,692.1,52.88,12,634.56,249.92,,,96.88,12,1162.56,143.26,4,573.04,88.71,5,443.55,54.02,14,756.28,234.44,6,1406.64,157.48,4,629.92,51.95,,,0.8163,8830,0.86353,,7208,162.71,7370,6850,520,4336
10/10/2023,120.7,,,178.39,10,1783.9,69.49,6,416.94,108.76,3,326.28,138.06,5,690.3,54.03,12,648.36,251.52,,,97.62,12,1171.44,142.25,4,569,88.65,5,443.25,54.56,14,763.84,236.6,6,1419.6,156.85,4,627.4,52.53,,,0.81358,8860,0.8628,,7209,162.71,7371,6850,521,4358
10/11/2023,121.3,,,179.8,10,1798,68.87,6,413.22,109.16,3,327.48,140.55,5,702.75,53.71,12,644.52,250.92,,,98.65,12,1183.8,143.86,4,575.44,89.25,5,446.25,54.38,14,761.32,235.68,6,1414.08,156.68,4,626.72,52.74,,,0.81193,8894,0.86249,,7221,162.71,7384,6850,534,4377
10/12/2023,122,,,180.71,10,1807.1,69.7,6,418.2,107.77,3,323.31,138.97,5,694.85,52.81,12,633.72,246.19,,,99.25,12,1191,143.3,4,573.2,88.92,5,444.6,53.74,14,752.36,236.78,6,1420.68,155.05,4,620.2,52.98,,,0.8208,8879,0.86477,,7288,162.71,7451,6850,601,4350
10/13/2023,121.35,,,178.85,10,1788.5,70.95,6,425.7,107.74,3,323.22,137.36,5,686.8,52.89,12,634.68,248.31,,,99.91,12,1198.92,154.95,4,619.8,88.6,5,443,53.78,14,752.92,237.67,6,1426.02,158.81,4,635.24,53.28,,,0.824674,8935,0.8651,,7368,162.71,7531,6850,681,4328
10/16/2023,120.45,,,178.72,10,1787.2,72.15,6,432.9,109.38,3,328.14,139.1,5,695.5,53.43,12,641.16,249.94,,,102.04,12,1224.48,157.05,4,628.2,89.68,5,448.4,54.01,14,756.14,240.07,6,1440.42,159.84,4,639.36,53.74,,,0.8189,9022,0.86412,,7388,162.71,7551,6850,701,4374
10/17/2023,120.95,,,177.15,10,1771.5,72.08,6,432.48,108.94,3,326.82,139.72,5,698.6,54.07,12,648.84,251.14,,,103.01,12,1236.12,158.94,4,635.76,90.61,5,453.05,54.43,14,762.02,241.2,6,1447.2,160.06,4,640.24,53.81,,,0.8211,9053,0.8681,,7433,162.99,7596,6850,746,4373
10/18/2023,121.6,,,175.84,10,1758.4,73.07,6,438.42,105.38,3,316.14,137.96,5,689.8,54.05,12,648.6,256.03,,,103.77,12,1245.24,159.18,4,636.72,90.45,5,452.25,54.41,14,761.74,237.47,6,1424.82,159.05,4,636.2,53.85,,,0.82349,9008,0.86782,,7418,162.99,7581,6850,731,4315
10/19/2023,121.4,,,175.46,10,1754.6,73.19,6,439.14,105.08,3,315.24,137.75,5,688.75,54.35,12,652.2,258.38,,,103.05,12,1236.6,157.8,4,631.2,89.83,5,449.15,54.44,14,762.16,233.81,6,1402.86,157.07,4,628.28,53.59,,,0.82391,8960,0.87209,,7382,162.99,7545,6850,695,4278
10/20/2023,119,,,172.88,10,1728.8,73.27,6,439.62,106.45,3,319.35,135.6,5,678,54.57,12,654.84,258.11,,,102.67,12,1232.04,154.84,4,619.36,89.1,5,445.5,54.23,14,759.22,233.38,6,1400.28,156.58,4,626.32,52.92,,,0.82291,8903,0.8724,,7327,162.99,7490,6850,640,4224
10/23/2023,119.85,,,173,10,1730,71.96,6,431.76,105.68,3,317.04,136.5,5,682.5,54.08,12,648.96,254.75,,,102.81,12,1233.72,153.48,4,613.92,88.33,5,441.65,54.63,14,764.82,231.53,6,1389.18,155.96,4,623.84,53.67,,,0.81631,8877,0.8709,,7247,162.99,7410,6850,560,4217
10/24/2023,119.5,,,173.44,10,1734.4,72.84,6,437.04,105.67,3,317.01,138.81,5,694.05,55.64,12,667.68,257.27,,,105.18,12,1262.16,156.24,4,624.96,89.46,5,447.3,54.61,14,764.54,234.65,6,1407.9,154.63,4,618.52,54.42,,,0.82224,8976,0.87113,,7380,162.99,7543,6850,693,4248
10/25/2023,120.5,,,171.1,10,1711,73.41,6,440.46,106.24,3,318.72,125.61,5,628.05,56.12,12,673.44,258.03,,,103.54,12,1242.48,156.43,4,625.72,88.95,5,444.75,54.6,14,764.4,236.85,6,1421.1,164.07,4,656.28,54.25,,,0.82621,8926,0.87301,,7375,162.99,7538,6850,688,4187
10/26/2023,119.2,,,166.89,10,1668.9,73.08,6,438.48,104.59,3,313.77,122.28,5,611.4,55.78,12,669.36,255.83,,,100.02,12,1200.24,153.86,4,615.44,87.93,5,439.65,53.17,14,744.38,231.28,6,1387.68,162.82,4,651.28,53.92,,,0.82392,8741,0.87041,,7202,162.99,7365,6850,515,4137
10/27/2023,118.25,,,168.22,10,1682.2,71.79,6,430.74,104.53,3,313.59,122.17,5,610.85,55.24,12,662.88,255.76,,,97.98,12,1175.76,153.06,4,612.24,87.19,5,435.95,52.04,14,728.56,229.27,6,1375.62,161.38,4,645.52,53.72,,,0.82481,8674,0.8713,,7154,162.99,7317,6850,467,4117
10/30/2023,119.95,,,170.29,10,1702.9,73.88,6,443.28,105.98,3,317.94,124.46,5,622.3,56.15,12,673.8,260.15,,,101.8,12,1221.6,155.19,4,620.76,88.27,5,441.35,52.83,14,739.62,233.08,6,1398.48,162.75,4,651,54.34,,,0.82198,8833,0.8724,,7261,162.99,7424,6850,574,4167
10/31/2023,121.1,,,170.77,10,1707.7,75.12,6,450.72,105.78,3,317.34,124.08,5,620.4,56.49,12,677.88,262.17,,,102.77,12,1233.24,158.09,4,632.36,88.07,5,440.35,53.27,14,745.78,235.1,6,1410.6,164.33,4,657.32,54.47,,,0.8229,8894,0.8707,,7319,162.99,7482,6850,632,4194
11/01/2023,117.7,,,173.97,10,1739.7,74.93,6,449.58,106.7,3,320.1,126.45,5,632.25,56.44,12,677.28,261.97,,,100.88,12,1210.56,159.61,4,638.44,88.06,5,440.3,53.11,14,743.54,238.58,6,1431.48,164.04,4,656.16,54.96,,,0.82087,8939,0.86897,,7338,162.99,7501,6850,651,4238
11/02/2023,119.75,,,177.57,10,1775.7,74.8,6,448.8,108.91,3,326.73,127.49,5,637.45,57.09,12,685.08,266.85,,,105.08,12,1260.96,158.77,4,635.08,89.92,5,449.6,53.63,14,750.82,243.25,6,1459.5,166.85,4,667.4,55.17,,,0.82022,9097,0.87077,,7462,162.99,7625,6950,675,4318
11/03/2023,115.9,,,176.65,10,1766.5,74.82,6,448.92,110.98,3,332.94,129.1,5,645.5,56.74,12,680.88,267.87,,,107.06,12,1284.72,156.21,4,624.84,91,5,455,53.6,14,750.4,243.6,6,1461.6,168.12,4,672.48,54.89,,,0.808,9124,0.8683,,7372,162.99,7535,6950,585,4358
11/06/2023,116.2,,,179.23,10,1792.3,75.21,6,451.26,110.58,3,331.74,130.25,5,651.25,56.97,12,683.64,268.91,,,107.25,12,1287,158.23,4,632.92,90.85,5,454.25,53.7,14,751.8,243.49,6,1460.94,169.22,4,676.88,54.96,,,0.81001,9174,0.8681,,7431,162.99,7594,6950,644,4366
11/07/2023,117.35,,,181.82,10,1818.2,75.23,6,451.38,109.99,3,329.97,130.97,5,654.85,57.18,12,686.16,268.67,,,109.36,12,1312.32,158.61,4,634.44,90.77,5,453.85,53.78,14,752.92,244.77,6,1468.62,169.36,4,677.44,55.22,,,0.81355,9240,0.87008,,7517,162.99,7680,6950,730,4378
11/08/2023,120.8,,,182.89,10,1828.9,75.24,6,451.44,110.24,3,330.72,131.84,5,659.2,57.09,12,685.08,267.49,,,109.39,12,1312.68,158.61,4,634.44,90.42,5,452.1,53.79,14,753.06,243.91,6,1463.46,170.27,4,681.08,54.77,,,0.814,9252,0.87174,,7531,162.99,7694,6950,744,4383
11/09/2023,123.55,,,182.41,10,1824.1,75.14,6,450.84,110.35,3,331.05,130.24,5,651.2,56.66,12,679.92,266.91,,,107,12,1284,160.35,4,641.4,91.06,5,455.3,54.61,14,764.54,241.64,6,1449.84,170.06,4,680.24,54.64,,,0.81853,9212,0.87304,,7541,162.99,7704,6950,754,4347
11/10/2023,123.75,,,186.4,10,1864,75.43,6,452.58,111.7,3,335.1,132.59,5,662.95,56.72,12,680.64,267.79,,,106.11,12,1273.32,160.39,4,641.56,91.2,5,456,54.5,14,763,245.25,6,1471.5,171.77,4,687.08,55.4,,,0.818063,9288,0.8764,,7598,162.99,7761,6950,811,4415
11/13/2023,122.9,,,184.8,10,1848,75.95,6,455.7,112.54,3,337.62,132.09,5,660.45,56.93,12,683.16,269.2,,,104.2,12,1250.4,161.92,4,647.68,91.14,5,455.7,54.34,14,760.76,244.67,6,1468.02,171.69,4,686.76,55.89,,,0.81429,9254,0.87133,,7536,162.99,7699,6950,749,4412
11/14/2023,122.3,,,187.44,10,1874.4,76.66,6,459.96,114.64,3,343.92,133.62,5,668.1,57.1,12,685.2,271.49,,,105.75,12,1269,159.53,4,638.12,92.5,5,462.5,54.9,14,768.6,246.94,6,1481.64,172.14,4,688.56,55.88,,,0.80035,9340,0.8706,,7475,162.99,7638,6950,688,4496
11/15/2023,122.55,,,188.01,10,1880.1,75.47,6,452.82,114.2,3,342.6,134.62,5,673.1,57.21,12,686.52,270.39,,,107.82,12,1293.84,157.67,4,630.68,89.43,5,447.15,54.39,14,761.46,248.11,6,1488.66,171.17,4,684.68,56.59,,,0.805,9342,0.87375,,7520,162.99,7683,6950,733,4503
11/16/2023,123.1,,,189.71,10,1897.1,75.98,6,455.88,114.09,3,342.27,136.93,5,684.65,57.15,12,685.8,276.12,,,107.61,12,1291.32,159.94,4,639.76,88.37,5,441.85,53.67,14,751.38,248.57,6,1491.42,171.44,4,685.76,52.01,,,0.80548,9367,0.87418,,7545,162.99,7708,6950,758,4508
11/17/2023,122.5,,,189.69,10,1896.9,75.58,6,453.48,115.32,3,345.96,135.31,5,676.55,57.26,12,687.12,275.75,,,105.96,12,1271.52,157.57,4,630.28,88.84,5,444.2,53.26,14,745.64,249.56,6,1497.36,170.55,4,682.2,51.78,,,0.802504,9331,0.8763,,7488,164.96,7653,6950,703,4514
11/20/2023,123.35,,,191.45,10,1914.5,75.47,6,452.82,114.65,3,343.95,136.25,5,681.25,57.4,12,688.8,279.03,,,106.32,12,1275.84,159.35,4,637.4,89.54,5,447.7,52.85,14,739.9,249.97,6,1499.82,171.18,4,684.72,51.77,,,0.79942,9367,0.87498,,7488,166.59,7655,6950,705,4547
11/21/2023,123.35,,,190.64,10,1906.4,76.57,6,459.42,114.46,3,343.38,136.97,5,684.85,58.03,12,696.36,280.47,,,106.55,12,1278.6,161.81,4,647.24,89.07,5,445.35,53.62,14,750.68,252.23,6,1513.38,171.69,4,686.76,51.95,,,0.79718,9412,0.8702,,7503,166.59,7670,6950,720,4538
11/22/2023,124.15,,,191.31,10,1913.1,77.28,6,463.68,113.81,3,341.43,138.49,5,692.45,58.42,12,701.04,281.93,,,107.92,12,1295.04,162.61,4,650.44,89.95,5,449.75,53.75,14,752.5,253.72,6,1522.32,171.77,4,687.08,51.56,,,0.80064,9469,0.87174,,7581,166.59,7748,6950,798,4557
11/24/2023,126.1,,,189.97,10,1899.7,77.31,6,463.86,115.32,3,345.96,136.69,5,683.45,58.57,12,702.84,282.54,,,107.64,12,1291.68,163.72,4,654.88,89.97,5,449.85,53.92,14,754.88,254.3,6,1525.8,172.01,4,688.04,52.02,,,0.793525,9461,0.8689,,7507,166.59,7674,6950,724,4559
11/27/2023,126.2,,,189.79,10,1897.9,77.11,6,462.66,111.96,3,335.88,136.41,5,682.05,58.46,12,701.52,281.84,,,107.96,12,1295.52,164.41,4,657.64,89.1,5,445.5,53.81,14,753.34,254.14,6,1524.84,171.48,4,685.92,52.26,,,0.79149,9443,0.86731,,7474,166.59,7640,6950,690,4550
11/28/2023,126.6,,,190.4,10,1904,77.87,6,467.22,112.9,3,338.7,137.2,5,686,58.58,12,702.96,282.09,,,108.75,12,1305,163.26,4,653.04,89.14,5,445.7,53.89,14,754.46,252.94,6,1517.64,169.68,4,678.72,52.88,,,0.78664,9453,0.86558,,7436,166.59,7603,6950,653,4555
11/29/2023,125.95,,,189.37,10,1893.7,77.88,6,467.28,114.41,3,343.23,134.99,5,674.95,58.23,12,698.76,280.38,,,110.37,12,1324.44,163,4,652,88.1,5,440.5,53.47,14,748.58,254.23,6,1525.38,169.74,4,678.96,52.03,,,0.787625,9448,0.86429,,7441,166.59,7608,6950,658,4551
11/30/2023,126.3,,,189.95,10,1899.5,78.77,6,472.62,115.95,3,347.85,132.53,5,662.65,58.44,12,701.28,281.84,,,110.27,12,1323.24,164.03,4,656.12,88.11,5,440.55,53.66,14,751.24,256.68,6,1540.08,170.99,4,683.96,51.9,,,0.79166,9479,0.8622,,7504,166.59,7671,6950,721,4568
12/01/2023,127.55,,,191.24,10,1912.4,78.7,6,472.2,118.72,3,356.16,131.86,5,659.3,58.64,12,703.68,285.96,,,113.48,12,1361.76,162.46,4,649.84,89.04,5,445.2,53.9,14,754.6,256.45,6,1538.7,173.8,4,695.2,51.45,,,0.787402,9549,0.8575,,7519,167.70,7687,7050,637,4595
12/04/2023,130.1,,,189.43,10,1894.3,78.98,6,473.88,118.68,3,356.04,129.27,5,646.35,58.57,12,702.84,286.13,,,115.15,12,1381.8,163.41,4,653.64,88.57,5,442.85,54.11,14,757.54,254.44,6,1526.64,174.39,4,697.56,51.43,,,0.79151,9533,0.85778,,7546,167.70,7714,7050,664,4570
12/05/2023,129.9,,,193.42,10,1934.2,77.68,6,466.08,117.21,3,351.63,130.99,5,654.95,58.66,12,703.92,286.54,,,115.41,12,1384.92,163.53,4,654.12,88,5,440,53.71,14,751.94,254.61,6,1527.66,173.07,4,692.28,51.91,,,0.794,9562,0.85695,,7592,169.79,7762,7050,712,4567
12/06/2023,129.6,,,192.32,10,1923.2,77.47,6,464.82,117.81,3,353.43,130.02,5,650.1,58.6,12,703.2,286.86,,,116.11,12,1393.32,161.49,4,645.96,88.56,5,442.8,53.74,14,752.36,254.29,6,1525.74,173.95,4,695.8,51.35,,,0.79626,9551,0.85717,,7605,169.79,7775,7050,725,4549
12/07/2023,129.5,,,194.27,10,1942.7,77.62,6,465.72,118.38,3,355.14,136.93,5,684.65,58.74,12,704.88,286.79,,,114.81,12,1377.72,161.71,4,646.84,88.89,5,444.45,53.93,14,755.02,255.82,6,1534.92,172.84,4,691.36,50.82,,,0.79431,9603,0.857,,7628,169.79,7798,7050,748,4586
12/08/2023,129.8,,,195.71,10,1957.1,77.17,6,463.02,117.78,3,353.34,134.99,5,674.95,58.61,12,703.32,285.53,,,115.91,12,1390.92,161.17,4,644.68,89.13,5,445.65,53.38,14,747.32,255.74,6,1534.44,172.5,4,690,50.29,,,0.796622,9605,0.8584,,7651,169.79,7821,7050,771,4604
12/11/2023,130.15,,,193.18,10,1931.8,77.64,6,465.84,118.99,3,356.97,133.29,5,666.45,59.04,12,708.48,289.15,,,118.61,12,1423.32,163.42,4,653.68,90.77,5,453.85,53.28,14,745.92,256.52,6,1539.12,173.38,4,693.52,50.41,,,0.79652,9639,0.8575,,7678,169.79,7847,7050,797,4622
12/12/2023,131.95,,,194.71,10,1947.1,78.59,6,471.54,119.07,3,357.21,132.52,5,662.6,59.42,12,713.04,291.42,,,119.64,12,1435.68,165.13,4,660.52,91.17,5,455.85,53.48,14,748.72,259.56,6,1557.36,176.59,4,706.36,50.45,,,0.7955,9716,0.85898,,7729,174.78,7904,7050,854,4644
12/13/2023,133.6,,,197.96,10,1979.6,79.39,6,476.34,119.96,3,359.88,132.57,5,662.85,59.93,12,719.16,295.93,,,121.17,12,1454.04,160.55,4,642.2,91.89,5,459.45,54.12,14,757.68,262.38,6,1574.28,179.06,4,716.24,51.35,,,0.79221,9802,0.86212,,7765,174.78,7940,7050,890,4707
12/14/2023,130.3,,,198.11,10,1981.1,76.27,6,457.62,120.88,3,362.64,131.94,5,659.7,59.04,12,708.48,290.02,,,121.02,12,1452.24,153.55,4,614.2,89.95,5,449.75,53.78,14,752.92,258.73,6,1552.38,176.67,4,706.68,50.72,,,0.783,9698,0.86086,,7593,174.78,7768,7050,718,4720
12/15/2023,129.7,,,197.57,10,1975.7,76.98,6,461.88,120.39,3,361.17,132.6,5,663,58.6,12,703.2,287.27,,,121.55,12,1458.6,153.41,4,613.64,89.29,5,446.45,53.29,14,746.06,258.03,6,1548.18,174.55,4,698.2,50.91,,,0.788022,9676,0.8595,,7625,174.78,7800,7050,750,4719
12/18/2023,130.6,,,195.89,10,1958.9,78.06,6,468.36,120.9,3,362.7,135.8,5,679,59.02,12,708.24,290.23,,,121.14,12,1453.68,156,4,624,89.82,5,449.1,53.63,14,750.82,258.37,6,1550.22,177.63,4,710.52,51.66,,,0.7904,9716,0.86335,,7679,178.47,7858,7050,808,4741
12/19/2023,129.9,,,196.94,10,1969.4,78.13,6,468.78,122.96,3,368.88,136.65,5,683.25,58.83,12,705.96,290.73,,,122.64,12,1471.68,157.68,4,630.72,91.28,5,456.4,53.92,14,754.88,259.99,6,1559.94,176.78,4,707.12,51.84,,,0.78538,9777,0.86241,,7679,180.35,7859,7050,809,4768
12/20/2023,129.8,,,194.83,10,1948.3,77.35,6,464.1,122.2,3,366.6,138.34,5,691.7,57.61,12,691.32,288.99,,,121.43,12,1457.16,155.56,4,622.24,90.06,5,450.3,53.54,14,749.56,257.11,6,1542.66,175.76,4,703.04,51.24,,,0.79106,9687,0.86569,,7663,180.35,7843,7050,793,4698
12/21/2023,129.5,,,194.68,10,1946.8,77.91,6,467.46,123.61,3,370.83,140.42,5,702.1,57.99,12,695.88,291.39,,,122.53,12,1470.36,156.48,4,625.92,91.38,5,456.9,53.82,14,753.48,259.54,6,1557.24,176.81,4,707.24,51.6,,,0.788333,9754,0.86765,,7690,180.35,7870,7050,820,4747
12/22/2023,129.2,,,193.6,10,1936,78.5,6,471,124.96,3,374.88,141.49,5,707.45,58.32,12,699.84,291.7,,,108.04,12,1296.48,157.76,4,631.04,91.85,5,459.25,54.11,14,757.54,258.43,6,1550.58,176.95,4,707.8,52.22,,,0.787402,9592,0.8684,,7553,180.35,7733,7050,683,4755
12/26/2023,129.2,,,193.05,10,1930.5,79.04,6,474.24,125.55,3,376.65,141.52,5,707.6,58.56,12,702.72,292.86,,,108.02,12,1296.24,157.38,4,629.52,92.79,5,463.95,54.15,14,758.1,259.16,6,1554.96,177.52,4,710.08,52.14,,,0.78572,9605,0.86762,,7546,180.35,7727,7050,677,4775
12/27/2023,128.15,,,193.15,10,1931.5,79.1,6,474.6,125.83,3,377.49,140.37,5,701.85,58.71,12,704.52,294.55,,,107.13,12,1285.56,157.66,4,630.64,92.77,5,463.85,54.44,14,762.16,258.93,6,1553.58,177.75,4,711,52.63,,,0.7812,9597,0.86747,,7497,180.35,7677,7050,627,4782
12/28/2023,128.05,,,193.58,10,1935.8,79.24,6,475.44,125.1,3,375.3,140.23,5,701.15,58.75,12,705,295.84,,,108.82,12,1305.84,158.34,4,633.36,93.24,5,466.2,54.54,14,763.56,260.4,6,1562.4,178.14,4,712.56,52.52,,,0.7853,9637,0.86914,,7568,180.35,7748,7050,698,4783
12/29/2023,128.7,,,192.53,10,1925.3,79.71,6,478.26,125.63,3,376.89,139.69,5,698.45,58.93,12,707.16,296.51,,,108.57,12,1302.84,159.28,4,637.12,93.81,5,469.05,54.54,14,763.56,260.35,6,1562.1,179.1,4,716.4,52.55,,,0.784868,9637,0.8676,,7564,181.40,7745,7050,695,4770
01/02/2024,127.5,,,185.64,10,1856.4,80.72,6,484.32,125.44,3,376.32,138.17,5,690.85,59.82,12,717.84,297.04,,,106.55,12,1278.6,161.63,4,646.52,93.28,5,466.4,54.55,14,763.7,258.87,6,1553.22,179.61,4,718.44,53.1,,,0.7922,9553,0.86677,,7568,181.40,7749,7050,699,4743
01/03/2024,127.55,6,765.3,184.25,10,1842.5,79.89,6,479.34,125.06,3,375.18,138.92,5,694.6,59.96,12,719.52,294.39,,,104.04,12,1248.48,163.17,4,652.68,91.7,5,458.5,54.72,14,766.08,257.98,6,1547.88,178.53,4,714.12,53.1,,,0.789,9499,0.86201,765.3,8154,177.14,8331,7150,1181,4705
01/04/2024,128.3,6,769.8,181.91,10,1819.1,80.34,6,482.04,125.81,3,377.43,136.39,5,681.95,59.76,12,717.12,291.74,,,102.3,12,1227.6,163,4,652,92.78,5,463.9,54.97,14,769.58,259.61,6,1557.66,178.79,4,715.16,52.59,,,0.78839,9464,0.86303,769.8,8125,180.11,8305,7150,1155,4689
01/05/2024,127.9,6,767.4,181.18,10,1811.8,79.98,6,479.88,125.88,3,377.64,135.73,5,678.65,59.67,12,716.04,288.99,,,102.08,12,1224.96,162.71,4,650.84,91.71,5,458.55,54.86,14,768.04,259.69,6,1558.14,177.77,4,711.08,52.24,,,0.785793,9436,0.8609,767.4,8075,180.11,8255,7150,1105,4697
01/08/2024,129.05,6,774.3,185.56,10,1855.6,80.4,6,482.4,125.25,3,375.75,138.84,5,694.2,60.11,12,721.32,291.9,,,103.62,12,1243.44,165.37,4,661.48,92.82,5,464.1,55.4,14,775.6,262.54,6,1575.24,178.24,4,712.96,52.75,,,0.78461,9562,0.85921,774.3,8168,180.11,8348,7150,1198,4764
01/09/2024,129.15,6,774.9,185.14,10,1851.4,80.82,6,484.92,123.69,3,371.07,140.95,5,704.75,60,12,720,290.87,,,102.74,12,1232.88,166.67,4,666.68,93.08,5,465.4,55.35,14,774.9,263.33,6,1579.98,178.23,4,712.92,53.1,,,0.7866,9565,0.85996,774.9,8190,180.11,8370,7150,1220,4757
01/10/2024,130.5,6,783,186.19,10,1861.9,80.55,6,483.3,124.35,3,373.05,142.28,5,711.4,60.2,12,722.4,294.09,,,103.77,12,1245.24,165.51,4,662.04,94.14,5,470.7,54.99,14,769.86,264.56,6,1587.36,179.18,4,716.72,53.76,,,0.78461,9604,0.86101,783,8210,180.11,8390,7150,1240,4783
01/11/2024,131.6,6,789.6,185.59,10,1855.9,80.56,6,483.36,124.51,3,373.53,142.08,5,710.4,59.81,12,717.72,294.15,,,105.9,12,1270.8,168.02,4,672.08,95.25,5,476.25,54.89,14,768.46,264.03,6,1584.18,179.22,4,716.88,53.7,,,0.78261,9630,0.85939,789.6,8215,180.11,8395,7150,1245,4780
01/12/2024,134,6,804,185.92,10,1859.2,80.91,6,485.46,126.21,3,378.63,142.65,5,713.25,60.39,12,724.68,293.47,,,105.06,12,1260.72,168.9,4,675.6,95.03,5,475.15,55.28,14,773.92,264.17,6,1585.02,181.4,4,725.6,53.77,,,0.784314,9657,0.86,804,8266,180.11,8446,7150,1296,4784
01/16/2024,135.95,6,815.7,183.63,10,1836.3,80.43,6,482.58,125.09,3,375.27,142.49,5,712.45,59.99,12,719.88,291.09,,,101.72,12,1220.64,168.57,4,674.28,95.87,5,479.35,54.21,14,758.94,265.24,6,1591.44,180.77,4,723.08,53.94,,,0.79123,9574,0.86072,815.7,8277,180.11,8458,7150,1308,4766
01/17/2024,136.1,6,816.6,182.68,10,1826.8,80.96,6,485.76,122.76,3,368.28,141.47,5,707.35,59.99,12,719.88,291.16,,,100.82,12,1209.84,169.89,4,679.56,94.39,5,471.95,53.69,14,751.66,266.63,6,1599.78,181.47,4,725.88,53.69,,,0.78884,9547,0.85862,816.6,8232,180.11,8412,7150,1262,4739
01/18/2024,136.1,6,816.6,188.63,10,1886.3,80.83,6,484.98,124.73,3,374.19,143.48,5,717.4,60.16,12,721.92,294.36,,,100.94,12,1211.28,169.91,4,679.64,94.75,5,473.75,53.08,14,743.12,268.14,6,1608.84,183.51,4,734.04,54.41,,,0.78679,9635,0.8559,816.6,8280,180.11,8460,7150,1310,4781
01/19/2024,137.35,6,824.1,191.56,10,1915.6,80.38,6,482.28,126.15,3,378.45,146.38,5,731.9,59.83,12,717.96,300.53,,,101.78,12,1221.36,170.14,4,680.56,95.5,5,477.5,53.07,14,742.98,270.9,6,1625.4,184.45,4,737.8,54.13,,,0.787092,9712,0.8589,824.1,8352,180.11,8532,7150,1382,4840
01/22/2024,138.2,6,829.2,193.89,10,1938.9,80.42,6,482.52,124.74,3,374.22,145.99,5,729.95,59.57,12,714.84,298.41,,,100.56,12,1206.72,170.28,4,681.12,95.13,5,475.65,52.86,14,740.04,271.2,6,1627.2,184.91,4,739.64,54.13,,,0.78697,9711,0.85601,829.2,8352,180.11,8532,7150,1382,4850
01/23/2024,137.2,6,823.2,195.18,10,1951.8,81.41,6,488.46,125.79,3,377.37,147.04,5,735.2,59.85,12,718.2,300.05,,,101.9,12,1222.8,170.32,4,681.28,95.06,5,475.3,53.4,14,747.6,271.26,6,1627.56,185.54,4,742.16,54.27,,,0.7879,9768,0.85531,823.2,8400,180.11,8580,7150,1430,4865
01/24/2024,139.2,6,835.2,194.5,10,1945,80.08,6,480.48,123.01,3,369.03,148.7,5,743.5,58.91,12,706.92,300.44,,,100.76,12,1209.12,178.36,4,713.44,94.95,5,474.75,53,14,742,271.65,6,1629.9,183.8,4,735.2,53.5,,,0.78624,9749,0.85552,835.2,8380,180.11,8560,7150,1410,4869
01/25/2024,139.1,6,834.6,194.17,10,1941.7,81.22,6,487.32,123.66,3,370.98,151.87,5,759.35,59.16,12,709.92,297.21,,,100.77,12,1209.24,178.01,4,712.04,95.51,5,477.55,53.57,14,749.98,272.61,6,1635.66,185.1,4,740.4,54.28,,,0.78689,9794,0.8535,834.6,8419,180.11,8599,7150,1449,4894
01/26/2024,137.95,6,827.7,192.42,10,1924.2,82.83,6,496.98,123.94,3,371.82,152.19,5,760.95,59.37,12,712.44,292.26,,,102.75,12,1233,179.42,4,717.68,96.38,5,481.9,54.42,14,761.88,267.94,6,1607.64,185.81,4,743.24,54.76,,,0.786782,9812,0.8546,827.7,8427,180.11,8607,7150,1457,4891
01/29/2024,138.35,6,830.1,191.73,10,1917.3,83.96,6,503.76,124.12,3,372.36,153.51,5,767.55,59.73,12,716.76,292.31,,,103.88,12,1246.56,177.76,4,711.04,96.41,5,482.05,54.86,14,768.04,273.66,6,1641.96,185.35,4,741.4,55.01,,,0.78658,9869,0.8521,830.1,8470,180.11,8650,7150,1500,4928
01/30/2024,138.9,6,833.4,188.04,10,1880.4,84.23,6,505.38,125.02,3,375.06,151.46,5,757.3,59.9,12,718.8,294.65,,,104.18,12,1250.16,179.71,4,718.84,96.82,5,484.1,55.17,14,772.38,277.15,6,1662.9,187.11,4,748.44,55.2,,,0.78768,9874,0.85403,833.4,8489,182.38,8671,7150,1521,4925
01/31/2024,136.5,6,819,184.4,10,1844,84.2,6,505.2,124.04,3,372.12,140.1,5,700.5,59.49,12,713.88,292.72,,,101.53,12,1218.36,178.25,4,713,94.91,5,474.55,54.78,14,766.92,273.26,6,1639.56,185.63,4,742.52,55.08,,,0.78874,9691,0.8521,819,8341,182.38,8524,7150,1374,4846
02/01/2024,138,6,828,186.86,10,1868.6,86.12,6,516.72,126.92,3,380.76,141.16,5,705.8,60.98,12,731.76,298.08,,,101.76,12,1221.12,178.71,4,714.84,97.06,5,485.3,55.7,14,779.8,277.05,6,1662.3,188.42,4,753.68,56.1,,,0.78448,9821,0.85307,828,8410,182.38,8593,7150,1443,4906
02/02/2024,138.5,6,831,185.85,10,1858.5,84.62,6,507.72,126.7,3,380.1,142.38,5,711.9,60.54,12,726.48,297.05,,,100.71,12,1208.52,180.69,4,722.76,97.51,5,487.55,55.23,14,773.22,277.18,6,1663.08,188.21,4,752.84,56.52,,,0.791578,9793,0.8553,831,8462,182.38,8645,7250,1395,4959
02/05/2024,139,6,834,187.68,10,1876.8,84.09,6,504.54,126.35,3,379.05,143.68,5,718.4,60.04,12,720.48,285.97,,,99.68,12,1196.16,182.18,4,728.72,96.65,5,483.25,55.41,14,775.74,275.58,6,1653.48,188.2,4,752.8,56.22,,,0.7978,9789,0.85694,834,8525,182.38,8707,7250,1457,4943
02/06/2024,139.15,6,834.9,189.3,10,1893,83.74,6,502.44,128.27,3,384.81,144.1,5,720.5,59.94,12,719.28,284.65,,,102.61,12,1231.32,180.27,4,721.08,97.1,5,485.5,56.1,14,785.4,276.76,6,1660.56,189.21,4,756.84,56.6,,,0.79324,9861,0.85333,834.9,8534,182.38,8717,7250,1467,4954
02/07/2024,138.95,6,833.7,189.41,10,1894.1,83.86,6,503.16,129.13,3,387.39,145.54,5,727.7,59.99,12,719.88,287.33,,,103.79,12,1245.48,182.17,4,728.68,97.83,5,489.15,55.01,14,770.14,279.39,6,1676.34,189.98,4,759.92,56.46,,,0.79193,9902,0.85302,833.7,8553,182.38,8735,7250,1485,4995
02/08/2024,139.75,6,838.5,188.32,10,1883.2,84.26,6,505.56,128.19,3,384.57,145.91,5,729.55,59.83,12,717.96,291.93,,,103.77,12,1245.24,182.96,4,731.84,98.36,5,491.8,57.02,14,798.28,275.78,6,1654.68,189.49,4,757.96,56.46,,,0.79236,9901,0.85389,838.5,8561,182.38,8743,7250,1493,4998
02/09/2024,142.5,6,855,188.85,10,1888.5,83.46,6,500.76,128.57,3,385.71,149,5,745,59.56,12,714.72,289.47,,,104.5,12,1254,182.72,4,730.88,98.75,5,493.75,56.94,14,797.16,276.43,6,1658.58,188.86,4,755.44,56.43,,,0.7922,9925,0.84905,855,8588,182.38,8771,7250,1521,5027
02/12/2024,142.25,6,853.5,187.15,10,1871.5,83.56,6,501.36,128.38,3,385.14,147.53,5,737.65,59.7,12,716.4,289.44,,,107.18,12,1286.16,182.36,4,729.44,98.08,5,490.4,56.91,14,796.74,275.07,6,1650.42,188.26,4,753.04,56.77,,,0.79192,9918,0.85296,853.5,8582,182.38,8765,7250,1515,5022
02/13/2024,140.3,6,841.8,185.04,10,1850.4,83.47,6,500.82,125.53,3,376.59,145.14,5,725.7,59.35,12,712.2,287.11,,,105,12,1260,182.08,4,728.32,97.96,5,489.8,56.36,14,789.04,275.81,6,1654.86,199.49,4,797.96,56.38,,,0.79424,9886,0.85041,841.8,8567,182.38,8750,7250,1500,4953
02/14/2024,142.55,6,855.3,184.15,10,1841.5,83.71,6,502.26,128.86,3,386.58,145.94,5,729.7,59.29,12,711.48,288.17,,,106.33,12,1275.96,187.95,4,751.8,97.17,5,485.85,56.3,14,788.2,277.56,6,1665.36,199.16,4,796.64,56.2,,,0.79565,9935,0.85386,855.3,8635,182.38,8818,7250,1568,5001
02/15/2024,141.7,6,850.2,183.86,10,1838.6,83.57,6,501.42,129.91,3,389.73,142.77,5,713.85,59.4,12,712.8,291.86,,,106.05,12,1272.6,189.24,4,756.96,97.94,5,489.7,56.35,14,788.9,280.98,6,1685.88,199.11,4,796.44,56.43,,,0.7937,9947,0.8551,850.2,8622,182.38,8804,7250,1554,5030
02/16/2024,143.95,6,863.7,182.31,10,1823.1,83.48,6,500.88,129.85,3,389.55,140.52,5,702.6,59.39,12,712.68,292.02,,,103.51,12,1242.12,189.09,4,756.36,98.04,5,490.2,57.04,14,798.56,278.56,6,1671.36,201.54,4,806.16,56.79,,,0.793462,9894,0.84736,863.7,8582,185.93,8768,7250,1518,5006
02/20/2024,147.2,6,883.2,181.56,10,1815.6,84.61,6,507.66,128.01,3,384.03,141.12,5,705.6,60.7,12,728.4,292.65,,,103.3,12,1239.6,189.48,4,757.92,97.36,5,486.8,57.42,14,803.88,275.15,6,1650.9,201.79,4,807.16,58.62,,,0.79193,9888,0.85617,883.2,8586,185.93,8772,7250,1522,4976
02/21/2024,145.65,6,873.9,182.32,10,1823.2,85.31,6,511.86,129.07,3,387.21,142.55,5,712.75,61.24,12,734.88,293.91,,,105.27,12,1263.24,190.25,4,761,98.17,5,490.85,57.62,14,806.68,276.76,6,1660.56,204.23,4,816.92,57.9,,,0.79126,9969,0.85613,873.9,8636,185.93,8822,7250,1572,4982
02/22/2024,146.95,6,881.7,184.37,10,1843.7,86,6,516,131.43,3,394.29,144.09,5,720.45,61.15,12,733.8,295.92,,,105.08,12,1260.96,191.69,4,766.76,99.11,5,495.55,57.06,14,798.84,283.75,6,1702.5,207.24,4,828.96,58.47,,,0.78966,10062,0.85482,881.7,8699,185.93,8885,7250,1635,5087
02/23/2024,148.2,6,889.2,182.52,10,1825.2,86.25,6,517.5,131.61,3,394.83,143.96,5,719.8,61.2,12,734.4,297.75,,,105.63,12,1267.56,191.3,4,765.2,99.38,5,496.9,56.99,14,797.86,283.6,6,1701.6,208.05,4,832.2,58.52,,,0.788644,10053,0.8544,889.2,8688,185.93,8874,7250,1624,5089
02/26/2024,147.3,6,883.8,181.16,10,1811.6,86.15,6,516.9,131.61,3,394.83,137.57,5,687.85,60.71,12,728.52,297.12,,,104.54,12,1254.48,193.58,4,774.32,99.23,5,496.15,56.78,14,794.92,284.15,6,1704.9,207.46,4,829.84,59.6,,,0.78836,9994,0.85534,883.8,8635,185.93,8821,7250,1571,5070
02/27/2024,145.5,6,873,182.63,10,1826.3,86.41,6,518.46,131.34,3,394.02,138.88,5,694.4,60.34,12,724.08,293.76,,,105.15,12,1261.8,192.18,4,768.72,100.52,5,502.6,55.81,14,781.34,283.17,6,1699.02,207.78,4,831.12,59.59,,,0.78854,10002,0.85481,873,8633,185.93,8819,7250,1569,5078
02/28/2024,146,6,876,181.42,10,1814.2,86.81,6,520.86,129.75,3,389.25,136.38,5,681.9,60.4,12,724.8,295.19,,,104.35,12,1252.2,192.03,4,768.12,101.1,5,505.5,55.2,14,772.8,285.63,6,1713.78,207.26,4,829.04,59.62,,,0.7897,9972,0.85602,876,8625,185.93,8811,7250,1561,5070
02/29/2024,145.85,6,875.1,180.75,10,1807.5,86.52,6,519.12,129.69,3,389.07,138.46,5,692.3,60.02,12,720.24,292.28,,,103.93,12,1247.16,189.56,4,758.24,99.14,5,495.7,55.09,14,771.26,282.64,6,1695.84,205.65,4,822.6,58.61,,,0.79205,9919,0.85575,875.1,8605,185.93,8791,7250,1541,5096
03/01/2024,145.25,6,871.5,179.66,10,1796.6,86.49,6,518.94,130.31,3,390.93,137.14,5,685.7,59.53,12,714.36,290.73,,,101.88,12,1222.56,187.83,4,751.32,98.51,5,492.55,55.29,14,774.06,283.16,6,1698.96,205.79,4,823.16,58.76,,,0.790014,9869,0.8573,871.5,8544,185.93,8730,7350,1380,5137
03/04/2024,145.7,6,874.2,175.1,10,1751,86.83,6,520.98,129.66,3,388.98,133.35,5,666.75,59.81,12,717.72,290.94,3,872.82,99.54,12,1194.48,189.24,4,756.96,97.94,5,489.7,55.28,-14,-773.92,280.53,6,1683.18,206.8,4,827.2,59.3,,,0.7879,9096,0.85529,874.2,7914,182.51,8097,7350,747,5131
03/05/2024,145.55,6,873.3,170.12,10,1701.2,86.73,6,520.38,129.59,3,388.77,132.67,5,663.35,59.52,12,714.24,292.54,3,877.62,98.31,12,1179.72,189.81,4,759.24,97.39,5,486.95,55.17,,,279.38,6,1676.28,206.87,4,827.48,60.04,,,0.7871,9795,0.85444,873.3,8456,184.59,8641,7350,1291,5079
03/06/2024,144.3,6,865.8,169.12,10,1691.2,87.18,6,523.08,126.95,3,380.85,131.4,5,657,59.55,12,714.6,292.93,3,878.79,97.63,12,1171.56,196.01,4,784.04,96.4,5,482,55.15,,,280.43,6,1682.58,207.92,4,831.68,60.57,,,0.78521,9797,0.85578,865.8,8434,184.59,8619,7350,1269,5105
03/07/2024,145.7,6,874.2,169,10,1690,88.14,6,528.84,129.05,3,387.15,134.38,5,671.9,59.44,12,713.28,291.11,3,873.33,98.19,12,1178.28,196.12,4,784.48,95.76,5,478.8,55.1,,,278.26,6,1669.56,207.26,4,829.04,60.36,,,0.7803,9805,0.85445,874.2,8398,184.59,8582,7350,1232,5157
03/08/2024,146.2,6,877.2,170.73,10,1707.3,88.07,6,528.42,128.72,3,386.16,135.41,5,677.05,59.52,12,714.24,292.55,3,877.65,99.16,12,1189.92,198.41,4,793.64,95.91,5,479.55,55.33,,,280.04,6,1680.24,207.75,4,831,60.12,,,0.777847,9865,0.8511,877.2,8420,185.68,8606,7350,1256,5124
03/11/2024,143.8,6,862.8,172.75,10,1727.5,88.13,6,528.78,128.77,3,386.31,137.67,5,688.35,60.24,12,722.88,294.82,3,884.46,101.08,12,1212.96,196.74,4,786.96,96.47,5,482.35,55.53,,,280.56,6,1683.36,209.28,4,837.12,60.66,,,0.780043,9941,0.85261,862.8,8490,185.68,8676,7350,1326,5118
03/12/2024,144.75,6,868.5,173.23,10,1732.3,88.76,6,532.56,129.96,3,389.88,138.5,5,692.5,60.5,12,726,294.31,3,882.93,100.18,12,1202.16,198.94,4,795.76,97.22,5,486.1,55.86,,,283.92,6,1703.52,209.79,4,839.16,61.41,,,0.7815,9983,0.85392,868.5,8543,185.68,8729,7350,1379,5175
03/13/2024,144.05,6,864.3,171.13,10,1711.3,89.2,6,535.2,130.36,3,391.08,139.79,5,698.95,61.12,12,733.44,282.86,3,848.58,101.36,12,1216.32,199.74,4,798.96,98.06,5,490.3,55.98,,,285.14,6,1710.84,211,4,844,61.28,,,0.78112,9979,0.85555,864.3,8534,185.68,8720,7350,1370,5165
03/14/2024,144.35,6,866.1,173,10,1730,88.35,6,530.1,128.18,3,384.54,143.1,5,715.5,60.5,12,726,281.73,3,845.19,100.26,12,1203.12,201.87,4,807.48,98.63,5,493.15,55.44,,,286.41,6,1718.46,210.31,4,841.24,61.02,,,0.78457,9995,0.85385,866.1,8581,185.68,8767,7350,1417,5150
03/15/2024,144.55,6,867.3,172.62,10,1726.2,88.45,6,530.7,128.62,3,385.86,141.18,5,705.9,59.88,12,718.56,279.14,3,837.42,99.64,12,1195.68,204.88,4,819.52,97.55,5,487.75,55.06,,,283.04,6,1698.24,210.53,4,842.12,60.68,,,0.785299,9948,0.856,867.3,8555,185.68,8740,7350,1390,5117
03/18/2024,145.2,6,871.2,173.72,10,1737.2,88.27,6,529.62,130.08,3,390.24,147.68,5,738.4,60.13,12,721.56,278.58,3,835.74,98.74,12,1184.88,206.41,4,825.64,96.22,5,481.1,54.59,,,285.05,6,1710.3,211.67,4,846.68,60.86,,,0.78572,10001,0.85422,871.2,8602,185.68,8788,7350,1438,5149
03/19/2024,145.65,6,873.9,176.08,10,1760.8,88.77,6,532.62,129.05,3,387.15,147.03,5,735.15,60.23,12,722.76,282.87,3,848.61,99.96,12,1199.52,205.49,4,821.96,98.42,5,492.1,56.09,,,287.35,6,1724.1,212.08,4,848.32,60.87,,,0.7862,10073,0.85401,873.9,8666,185.68,8851,7350,1501,5179
03/20/2024,146.65,6,879.9,178.67,10,1786.7,88.35,6,530.1,131.88,3,395.64,148.74,5,743.7,60.75,12,729,284.45,3,853.35,100.27,12,1203.24,205.72,4,822.88,98.88,5,494.4,55.62,,,289.28,6,1735.68,211.86,4,847.44,61.25,,,0.78135,10142,0.85441,879.9,8676,185.68,8862,7350,1512,5225
03/21/2024,146.2,6,877.2,171.37,10,1713.7,88.77,6,532.62,132.83,3,398.49,147.6,5,738,60.47,12,725.64,283.53,3,850.59,100.82,12,1209.84,205.57,4,822.28,99.18,5,495.9,55.64,,,290.37,6,1742.22,212.43,4,849.72,61.45,,,0.78977,10079,0.8578,877.2,8713,185.68,8898,7350,1548,5242
03/22/2024,146.65,6,879.9,172.28,10,1722.8,89.2,6,535.2,131.83,3,395.49,150.77,5,753.85,60.49,12,725.88,282.63,3,847.89,93.86,12,1126.32,205.7,4,822.8,99.48,5,497.4,56.24,,,283.26,6,1699.56,211.78,4,847.12,60.87,,,0.793525,9974,0.8622,879.9,8674,185.68,8859,7350,1509,5234
03/25/2024,144.85,6,869.1,170.85,10,1708.5,88.64,6,531.84,129.78,3,389.34,150.07,5,750.35,60.4,12,724.8,278.62,3,835.86,93.75,12,1125,206.02,4,824.08,98.18,5,490.9,55.85,,,281.21,6,1687.26,211.77,4,847.08,60.57,,,0.79127,9915,0.85757,869.1,8591,185.68,8776,7350,1426,5218
03/26/2024,144.4,6,866.4,169.71,10,1697.1,88.9,6,533.4,130.17,3,390.51,150.67,5,753.35,60.54,12,726.48,278.62,3,835.86,92.58,12,1110.96,204.65,4,818.6,99.3,5,496.5,55.83,,,280.6,6,1683.6,211.77,4,847.08,60.51,,,0.79186,9893,0.8578,866.4,8577,190.68,8768,7350,1418,5204
03/27/2024,145.35,6,872.1,173.31,10,1733.1,89.95,6,539.7,131.65,3,394.95,150.87,5,754.35,61.03,12,732.36,282.02,3,846.06,94.13,12,1129.56,206.15,4,824.6,101.08,5,505.4,56.41,,,279.02,6,1674.12,213.97,4,855.88,60.72,,,0.7926,9990,0.85698,872.1,8666,190.68,8856,7350,1506,5248
03/28/2024,145.2,6,871.2,171.48,10,1714.8,90.05,6,540.3,131.71,3,395.13,150.93,5,754.65,61.18,12,734.16,281.95,3,845.85,93.98,12,1127.76,206.82,4,827.28,101.42,5,507.1,56.46,,,279.08,6,1674.48,213.15,4,852.6,60.17,,,0.792,9974,0.85479,871.2,8644,193.82,8838,7350,1488,5254
04/01/2024,141.3,6,847.8,170.03,10,1700.3,89.06,6,534.36,131.52,3,394.56,155.49,5,777.45,60.68,12,728.16,280.22,3,840.66,92.56,12,1110.72,209.95,4,839.8,99.7,5,498.5,56.08,,,278.28,6,1669.68,212.91,4,851.64,60,,,0.7971,9946,0.85574,847.8,8653,193.82,8847,7350,1497,5244
04/02/2024,141.3,6,847.8,168.84,10,1688.4,89.06,6,534.36,130.28,3,390.84,154.56,5,772.8,60.15,12,721.8,277.74,3,833.22,90.95,12,1091.4,210.03,4,840.12,99.47,5,497.35,55.52,,,278.44,6,1670.64,211.11,4,844.44,59.16,,,0.79511,9885,0.85618,847.8,8586,193.82,8780,7350,1430,5206
04/03/2024,140.5,6,843,169.65,10,1696.5,88.1,6,528.6,130.57,3,391.71,154.92,5,774.6,59.83,12,717.96,275.54,3,826.62,90.33,12,1083.96,210.77,4,843.08,97.28,5,486.4,55.01,,,276.96,6,1661.76,210.42,4,841.68,59.43,,,0.7904,9853,0.85664,843,8510,200.74,8711,7350,1361,5211
04/04/2024,139.25,6,835.5,168.82,10,1688.2,87.4,6,524.4,129,3,387,150.53,5,752.65,59.3,12,711.6,270.09,3,810.27,89.07,12,1068.84,209.24,4,836.96,95.75,5,478.75,54.81,,,274,6,1644,207.09,4,828.36,59.5,,,0.791127,9731,0.8572,835.5,8415,200.74,8615,7350,1265,5147
04/05/2024,141.1,6,846.6,169.58,10,1695.8,87.88,6,527.28,129.74,3,389.22,152.5,5,762.5,59.51,12,714.12,266.69,3,800.07,88.84,12,1066.08,211,4,844,96.81,5,484.05,54.5,,,277.14,6,1662.84,206.93,4,827.72,59.85,,,0.791139,9774,0.8584,846.6,8459,200.74,8660,7350,1310,5204
04/08/2024,140.3,6,841.8,168.45,10,1684.5,87.72,6,526.32,130.5,3,391.5,154.85,5,774.25,59.27,12,711.24,267.56,3,802.68,90,12,1080,210.39,4,841.56,96.23,5,481.15,54.2,,,277.76,6,1666.56,206.7,4,826.8,59.78,,,0.78997,9787,0.85806,841.8,8453,200.74,8654,7350,1304,5202
04/09/2024,140.15,6,840.9,169.67,10,1696.7,87.65,6,525.9,130.99,3,392.97,156.6,5,783,59.72,12,716.64,269.44,3,808.32,91,12,1092,204.81,4,819.24,97.1,5,485.5,54.45,,,276.72,6,1660.32,206.48,4,825.92,59.79,,,0.78879,9807,0.85644,840.9,8455,200.74,8656,7350,1306,5210
04/10/2024,139.65,6,837.9,167.78,10,1677.8,86.56,6,519.36,131.26,3,393.78,156.14,5,780.7,58.92,12,707.04,268.67,3,806.01,89,12,1068,206.15,4,824.6,96.28,5,481.4,53.71,,,274.48,6,1646.88,208.2,4,832.8,60.62,,,0.7976,9738,0.8568,837.9,8485,200.74,8686,7350,1336,5161
04/11/2024,140.25,6,841.5,175.04,10,1750.4,86,6,516,129.43,3,388.29,159.41,5,797.05,59.05,12,708.6,268.62,3,805.86,92,12,1104,202.26,4,809.04,95.86,5,479.3,53.61,,,275.68,6,1654.08,205.94,4,823.76,60.09,,,0.79651,9836,0.85434,841.5,8554,200.74,8754,7350,1404,5199
04/12/2024,141.05,6,846.3,176.55,10,1765.5,85.85,6,515.1,128.45,3,385.35,157.73,5,788.65,58.28,12,699.36,267.39,3,802.17,92,12,1104,203.9,4,815.6,94.42,5,472.1,52.61,,,275.96,6,1655.76,205.37,4,821.48,60.14,,,0.802697,9825,0.8566,846.3,8611,200.74,8812,7350,1462,5123
04/15/2024,142.2,6,853.2,172.69,10,1726.9,86.17,6,517.02,128.79,3,386.37,154.86,5,774.3,58.14,12,697.68,266.23,3,798.69,93.1,12,1117.2,206.59,4,826.36,92.98,5,464.9,52.55,,,271.28,6,1627.68,205.36,4,821.44,59.93,,,0.80338,9759,0.85362,853.2,8568,200.74,8769,7350,1419,5062
04/16/2024,141.45,6,848.7,169.38,10,1693.8,86.17,6,517.02,127.28,3,381.84,154.4,5,772,58.06,12,696.72,265.43,3,796.29,93.39,12,1120.68,208.35,4,833.4,93.38,5,466.9,52.28,,,271.35,6,1628.1,204.98,4,819.92,59.84,,,0.80444,9727,0.8544,848.7,8550,201.01,8751,7350,1401,5051
04/17/2024,141.15,6,846.9,168,10,1680,86.75,6,520.5,127.03,3,381.09,155.47,5,777.35,58.51,12,702.12,269.95,3,809.85,94.84,12,1138.08,209.12,4,836.48,93.13,5,465.65,52.53,,,272.69,6,1636.14,206.15,4,824.6,59.65,,,0.80297,9772,0.85669,846.9,8572,201.01,8773,7350,1423,5022
04/18/2024,141.4,6,848.4,167.04,10,1670.4,86.71,6,520.26,127.16,3,381.48,156.01,5,780.05,58.91,12,706.92,270.98,3,812.94,95.74,12,1148.88,209.75,4,839,92.66,5,463.3,52.71,,,271.37,6,1628.22,205.07,4,820.28,59.26,,,0.80401,9772,0.85582,848.4,8583,201.01,8784,7350,1434,5011
04/19/2024,140.55,6,843.3,165,10,1650,87.13,6,522.78,127.65,3,382.95,154.09,5,770.45,60.17,12,722.04,271.99,3,815.97,94.53,12,1134.36,214.69,4,858.76,93.36,5,466.8,53.22,,,269.78,6,1618.68,207.07,4,828.28,59.53,,,0.808442,9771,0.8623,843.3,8627,201.01,8828,7350,1478,4967
04/22/2024,141.35,6,848.1,165.84,10,1658.4,88.33,6,529.98,129.32,3,387.96,156.28,5,781.4,60.55,12,726.6,275.58,3,826.74,94.19,12,1130.28,213,4,852,94.08,5,470.4,54.07,,,272.33,6,1633.98,207.53,4,830.12,60.14,,,0.8097,9828,0.8626,848.1,8689,201.01,8890,7450,1440,5011
04/23/2024,142.45,6,854.7,166.9,10,1669,88.58,6,531.48,129.4,3,388.2,158.26,5,791.3,60.64,12,727.68,276.88,3,830.64,94.02,12,1128.24,214.02,4,856.08,94.5,5,472.5,53.98,,,274.11,6,1644.66,208.78,4,835.12,59.09,,,0.803,9875,0.85942,854.7,8664,201.01,8865,7450,1415,5071
04/24/2024,141.55,6,849.3,169.02,10,1690.2,88.87,6,533.22,122.86,3,368.58,159.13,5,795.65,61.55,12,738.6,276.75,3,830.25,94.64,12,1135.68,212.2,4,848.8,95.28,5,476.4,54.08,,,275.02,6,1650.12,210.43,4,841.72,59.87,,,0.8026,9909,0.85871,849.3,8682,201.01,8883,7450,1433,5072
04/25/2024,139.8,6,838.8,169.89,10,1698.9,89.29,6,535.74,124.78,3,374.34,156,5,780,61.74,12,740.88,275.6,3,826.8,93.94,12,1127.28,210.07,4,840.28,96.42,5,482.1,57.29,,,275.16,6,1650.96,212.7,4,850.8,60.21,,,0.79942,9908,0.8576,838.8,8640,201.01,8841,7450,1391,5048
04/26/2024,142.9,6,857.4,169.3,10,1693,91.01,6,546.06,125.23,3,375.69,171.95,5,859.75,61.74,12,740.88,273.09,3,819.27,94.12,12,1129.44,208.03,4,832.12,96.36,5,481.8,57.65,,,274.52,6,1647.12,210.1,4,840.4,60.16,,,0.800705,9966,0.8563,857.4,8714,201.01,8915,7450,1465,5100
04/29/2024,141.15,6,846.9,173.5,10,1735,90.49,6,542.94,124.05,3,372.15,166.15,5,830.75,62.04,12,744.48,273.55,3,820.65,94.06,12,1128.72,206.67,4,826.68,94.87,5,474.35,57.94,,,271.84,6,1631.04,212.15,4,848.6,60.24,,,0.79619,9955,0.85314,846.9,8649,201.01,8850,7450,1400,5116
04/30/2024,140.75,6,844.5,170.33,10,1703.3,91.92,6,551.52,121.44,3,364.32,162.78,5,813.9,61.77,12,741.24,273.04,3,819.12,92.26,12,1107.12,208.25,4,833,94.09,5,470.45,58.33,,,268.61,6,1611.66,208.02,4,832.08,59.35,,,0.80063,9848,0.85397,844.5,8606,201.01,8807,7450,1357,5036
05/01/2024,140.75,6,844.5,169.3,10,1693,91.9,6,551.4,121.01,3,363.03,163.86,5,819.3,61.93,12,743.16,274.43,3,823.29,90.34,12,1084.08,211.8,4,847.2,93.82,5,469.1,58.35,,,267.32,6,1603.92,206.76,4,827.04,58.85,,,0.79749,9825,0.85474,844.5,8557,201.01,8758,7450,1308,5018
05/02/2024,140.75,6,844.5,173.03,10,1730.3,92.91,6,557.46,121.96,3,365.88,166.62,5,833.1,61.99,12,743.88,273.28,3,819.84,92.41,12,1108.92,209.03,4,836.12,94.91,5,474.55,58.52,,,267.61,6,1605.66,207.16,4,828.64,59.71,,,0.79741,9904,0.85551,844.5,8620,201.01,8821,7550,1271,5064
05/03/2024,143.6,6,861.6,183.38,10,1833.8,92.88,6,557.28,123.54,3,370.62,167.24,5,836.2,62.17,12,746.04,270.32,3,810.96,92.15,12,1105.8,208.72,4,834.88,95.11,5,475.55,58.65,,,268.49,6,1610.94,207.88,4,831.52,59.82,,,0.796876,10014,0.8583,861.6,8719,201.01,8920,7550,1370,5128
05/06/2024,144.2,6,865.2,181.71,10,1817.1,93.18,6,559.08,126.19,3,378.57,168.1,5,840.5,62.35,12,748.2,269.3,3,807.9,93.36,12,1120.32,215.51,4,862.04,97.45,5,487.25,58.67,,,272.67,6,1636.02,210.56,4,842.24,59.87,,,0.79619,10099,0.85727,865.2,8783,201.01,8984,7550,1434,5181
05/07/2024,146,6,876,182.4,10,1824,94.08,6,564.48,125.28,3,375.84,171.25,5,856.25,62.62,12,751.44,267.5,3,802.5,93.78,12,1125.36,215.46,4,861.84,97.92,5,489.6,59.24,,,276.46,6,1658.76,210.5,4,842,60.62,,,0.79991,10152,0.85992,876,8874,201.01,9075,7550,1525,5188
05/08/2024,147.5,6,885,182.74,10,1827.4,93.47,6,560.82,125.85,3,377.55,169.38,5,846.9,62.85,12,754.2,268.49,3,805.47,93.59,12,1123.08,215.9,4,863.6,98.5,5,492.5,59.28,,,277.19,6,1663.14,210,4,840,60.3,,,0.80043,10155,0.86016,885,8889,201.01,9090,7550,1540,5188
05/09/2024,148.2,6,889.2,184.57,10,1845.7,94.08,6,564.48,127.25,3,381.75,169.96,5,849.8,62.88,12,754.56,267.95,3,803.85,93.39,12,1120.68,213.72,4,854.88,98.91,5,494.55,60.1,,,278.54,6,1671.24,210.5,4,842,60.44,,,0.79836,10183,0.86078,889.2,8895,201.01,9097,7550,1547,5214
05/10/2024,146.95,6,881.7,183.05,10,1830.5,95.1,6,570.6,127.42,3,382.26,168.65,5,843.25,63.26,12,759.12,275,3,825,90.94,12,1091.28,215.76,4,863.04,98.81,5,494.05,60.2,,,280.74,6,1684.44,211.49,4,845.96,60.48,,,0.798403,10190,0.8612,881.7,8895,201.01,9096,7550,1546,5223
05/13/2024,146.25,6,877.5,186.28,10,1862.8,94.46,6,566.76,126.61,3,379.83,169.14,5,845.7,63.58,12,762.96,271.32,3,813.96,92.72,12,1112.64,212.41,4,849.64,98.75,5,493.75,60.67,,,279.39,6,1676.34,210.82,4,843.28,60.41,,,0.79606,10208,0.8592,877.5,8880,201.01,9081,7550,1531,5221
05/14/2024,145.35,6,872.1,187.43,10,1874.3,94.57,6,567.42,126.42,3,379.26,170.34,5,851.7,63.1,12,757.2,270.66,3,811.98,92.79,12,1113.48,213.67,4,854.68,99.04,5,495.2,60.8,,,277.74,6,1666.44,209.86,4,839.44,59.86,,,0.79458,10211,0.85928,872.1,8863,201.01,9064,7550,1514,5247
05/15/2024,145.35,6,872.1,189.72,10,1897.2,94.53,6,567.18,125.39,3,376.17,172.51,5,862.55,63.13,12,757.56,273.87,3,821.61,91.67,12,1100.04,209.25,4,837,98.48,5,492.4,61.29,,,281.5,6,1689,209,4,836,59.83,,,0.78802,10237,0.85799,872.1,8815,201.01,9016,7550,1466,5308
05/16/2024,146.45,6,878.7,189.84,10,1898.4,94.53,6,567.18,126.57,3,379.71,174.18,5,870.9,63.32,12,759.84,273.51,3,820.53,91.77,12,1101.24,207.01,4,828.04,98.92,5,494.6,60.83,,,279.84,6,1679.04,212.2,4,848.8,64.01,,,0.789141,10248,0.85761,878.7,8841,201.01,9042,7550,1492,5297
05/17/2024,146.6,6,879.6,189.87,10,1898.7,94.13,6,564.78,127.34,3,382.02,176.06,5,880.3,63.03,12,756.36,272.38,3,817.14,92.18,12,1106.16,209.22,4,836.88,100.29,5,501.45,61.59,,,280.1,6,1680.6,210.44,4,841.76,64.65,,,0.787216,10266,0.8572,879.6,8836,204.68,9040,7550,1490,5303
05/20/2024,147.1,6,882.6,191.04,10,1910.4,94.39,6,566.34,128.21,3,384.63,176.92,5,884.6,62.57,12,750.84,267.87,3,803.61,91.77,12,1101.24,206.98,4,827.92,97.79,5,488.95,60.9,,,278.54,6,1671.24,208.47,4,833.88,64.18,,,0.78673,10224,0.85444,882.6,8797,204.68,9002,7550,1452,5308
05/21/2024,147.15,6,882.9,192.35,10,1923.5,95.17,6,571.02,126.69,3,380.07,177.85,5,889.25,62.91,12,754.92,265.87,3,797.61,92.82,12,1113.84,209.38,4,837.52,97.7,5,488.5,61.07,,,275.95,6,1655.7,208.33,4,833.32,65.15,,,0.7867,10245,0.85394,882.9,8814,204.68,9019,7550,1469,5321
05/22/2024,148.05,6,888.3,190.9,10,1909,94.76,6,568.56,127.52,3,382.56,176.38,5,881.9,63,12,756,265.77,3,797.31,92.5,12,1110,206.34,4,825.36,101.12,5,505.6,60.99,,,275.58,6,1653.48,209.92,4,839.68,65.25,,,0.7861,10229,0.85096,888.3,8797,204.68,9002,7550,1452,5307
05/23/2024,149.8,6,898.8,186.88,10,1868.8,93.73,6,562.38,126.35,3,379.05,173.55,5,867.75,62.09,12,745.08,257.93,3,773.79,91.4,12,1096.8,203.18,4,812.72,100.16,5,500.8,61.17,,,274.23,6,1645.38,209.49,4,837.96,64.84,,,0.78777,10091,0.85172,898.8,8715,204.68,8919,7550,1369,5268
05/24/2024,151.25,6,907.5,189.98,10,1899.8,93.3,6,559.8,126.91,3,380.73,174.99,5,874.95,62,12,744,258.11,3,774.33,91.75,12,1101,203.91,4,815.64,102.14,5,510.7,61.38,,,274.49,6,1646.94,208.81,4,835.24,65.38,,,0.784806,10143,0.8518,907.5,8733,204.68,8938,7550,1388,5305
05/28/2024,149.6,6,897.6,189.99,10,1899.9,91.94,6,551.64,124.08,3,372.24,176.4,5,882,61.82,12,741.84,253.54,3,760.62,92,12,1104,205.18,4,820.72,101.42,5,507.1,60.9,,,270.98,6,1625.88,206.46,4,825.84,65.04,,,0.7838,10092,0.85054,897.6,8673,204.68,8878,7550,1328,5306
05/29/2024,148.35,6,890.1,190.29,10,1902.9,91.29,6,547.74,123.17,3,369.51,175.9,5,879.5,61.7,12,740.4,249.37,3,748.11,91.67,12,1100.04,203.15,4,812.6,101.44,5,507.2,60.22,,,268.86,6,1613.16,204.16,4,816.64,64.92,,,0.787526,10038,0.85065,890.1,8662,204.68,8867,7550,1317,5267
05/30/2024,145.7,6,874.2,191.29,10,1912.9,90.93,6,545.58,124.07,3,372.21,172.11,5,860.55,61.97,12,743.64,252.07,3,756.21,93.45,12,1121.4,206.93,4,827.72,103.37,5,516.85,60.81,,,271.3,6,1627.8,206.25,4,825,64.89,,,0.78552,10110,0.85088,874.2,8685,204.68,8890,7550,1340,5235
05/31/2024,146.05,6,876.3,192.25,10,1922.5,92.96,6,557.76,127.33,3,381.99,172.5,5,862.5,62.93,12,755.16,258.89,3,776.67,95.05,12,1140.6,211.18,4,844.72,103.1,5,515.5,61.59,,,272.46,6,1634.76,210.73,4,842.92,65.76,,,0.7851,10235,0.8522,876.3,8782,204.68,8987,7550,1437,5278
06/03/2024,145.9,6,875.4,194.03,10,1940.3,92.47,6,554.82,125.91,3,377.73,173.17,5,865.85,62.93,12,755.16,259.75,3,779.25,94.4,12,1132.8,209.38,4,837.52,105.44,5,527.2,62.17,,,270.38,6,1622.28,201.3,4,805.2,65.82,,,0.78063,10198,0.8514,875.4,8706,204.68,8911,7550,1361,5283
06/04/2024,146.95,6,881.7,194.35,10,1943.5,93.81,6,562.86,125.41,3,376.23,173.79,5,868.95,63.94,12,767.28,262.72,3,788.16,94.74,12,1136.88,211.97,4,847.88,105.87,5,529.35,62.75,,,272.42,6,1634.52,203.63,4,814.52,66.6,,,0.7829,10270,0.85195,881.7,8792,204.68,8996,7650,1346,5291
06/05/2024,149.5,6,897,195.87,10,1958.7,93.66,6,561.96,126.05,3,378.15,175.41,5,877.05,63.92,12,767.04,259.99,3,779.97,94.32,12,1131.84,212.61,4,850.44,107.79,5,538.95,63.1,,,274.5,6,1647,203.9,4,815.6,67.09,,,0.78157,10307,0.84989,897,8818,206.75,9025,7650,1375,5354
06/06/2024,150.35,6,902.1,194.48,10,1944.8,93.98,6,563.88,126.64,3,379.92,176.73,5,883.65,64.15,12,769.8,260.72,3,782.16,95.72,12,1148.64,213.19,4,852.76,106.93,5,534.65,63.05,,,277.04,6,1662.24,202.5,4,810,67.15,,,0.78166,10333,0.85139,902.1,8845,212.63,9057,7650,1407,5353
06/07/2024,149.55,6,897.3,196.89,10,1968.9,93.89,6,563.34,124.12,3,372.36,174.46,5,872.3,63.91,12,766.92,256.21,3,768.63,96.55,12,1158.6,212.53,4,850.12,107.44,5,537.2,62.56,,,278.67,6,1672.02,200.55,4,802.2,65.88,,,0.78166,10333,0.8495,897.3,8839,212.63,9051,7650,1401,5347
06/10/2024,148.5,6,891,193.12,10,1931.2,93.9,6,563.4,124.31,3,372.93,175.01,5,875.05,63.59,12,763.08,253.81,3,761.43,96,12,1152,210.28,4,841.12,107.32,5,536.6,62.54,,,275.04,6,1650.24,201.71,4,806.84,66.96,,,0.78577,10254,0.84574,891,8811,213.88,9025,7650,1375,5361
06/11/2024,149.2,6,895.2,207.15,10,2071.5,93.96,6,563.76,123.17,3,369.51,176.62,5,883.1,63.55,12,762.6,254.28,3,762.84,95.87,12,1150.44,208.49,4,833.96,107.08,5,535.4,62.54,,,274.67,6,1648.02,202.13,4,808.52,66.73,,,0.7849,10390,0.8429,895.2,8909,213.88,9123,7650,1473,5375
06/12/2024,151.4,6,908.4,213.07,10,2130.7,93.23,6,559.38,123.16,3,369.48,177.79,5,888.95,62.88,12,754.56,254.48,3,763.44,93.68,12,1124.16,202.44,4,809.76,107.09,5,535.45,63.07,,,270.32,6,1621.92,200.87,4,803.48,66.31,,,0.78148,10361,0.845,908.4,8865,213.88,9079,7650,1429,5421
06/13/2024,152.3,6,913.8,214.24,10,2142.4,94.76,6,568.56,121.7,3,365.1,175.16,5,875.8,62.99,12,755.88,253.7,3,761.1,94.18,12,1130.16,203.6,4,814.4,108.26,5,541.3,63.33,,,271.19,6,1627.14,201.22,4,804.88,66.7,,,0.784,10387,0.84182,913.8,8912,213.88,9126,7650,1476,5434
06/14/2024,152.7,6,916.2,212.49,10,2124.9,94.62,6,567.72,121.84,3,365.52,176.79,5,883.95,62.55,12,750.6,253.58,3,760.74,93.39,12,1120.68,203.92,4,815.68,108.5,5,542.5,63.25,,,270.66,6,1623.96,203.64,4,814.56,67.02,,,0.789079,10371,0.846,916.2,8958,213.88,9172,7650,1522,5432
06/17/2024,152.85,6,917.1,216.67,10,2166.7,95.95,6,575.7,120.73,3,362.19,177.24,5,886.2,62.62,12,751.44,253.51,3,760.53,95,12,1140,208.24,4,832.96,110.22,5,551.1,63.43,,,271.17,6,1627.02,206.38,4,825.52,67.42,,,0.786411,10479,0.8448,917.1,9016,213.88,9230,7650,1580,5473
06/18/2024,154.55,6,927.3,214.29,10,2142.9,97.01,6,582.06,118.45,3,355.35,175.09,5,875.45,62.63,12,751.56,250.79,3,752.37,94.78,12,1137.36,210.75,4,843,110.26,5,551.3,63.19,,,273.62,6,1641.72,207.89,4,831.56,67.6,,,0.78694,10465,0.845,927.3,9019,217.89,9236,7650,1586,5487
06/20/2024,154.85,6,929.1,209.68,10,2096.8,96.95,6,581.7,118,3,354,176.3,5,881.5,62.18,12,746.16,253.8,3,761.4,95.57,12,1146.84,210.85,4,843.4,110.38,5,551.9,63.17,,,276.82,6,1660.92,208.77,4,835.08,68.01,,,0.78986,10460,0.84561,929.1,9047,217.89,9265,7650,1615,5473
06/21/2024,153,6,918,207.49,10,2074.9,97.27,6,583.62,116.77,3,350.31,179.63,5,898.15,62.77,12,753.24,259.39,3,778.17,97.18,12,1166.16,209.19,4,836.76,111.01,5,555.05,63.12,,,275.22,6,1651.32,208.99,4,835.96,67.91,,,0.790389,10484,0.846,918,9063,217.89,9281,7650,1631,5465
06/24/2024,153.75,6,922.5,208.14,10,2081.4,98.99,6,593.94,118.31,3,354.93,179.22,5,896.1,63.97,12,767.64,260.38,3,781.14,97.17,12,1166.04,210.68,4,842.72,111.05,5,555.25,63.34,,,276.3,6,1657.8,212.44,4,849.76,68.9,,,0.78843,10547,0.84619,922.5,9096,219.90,9316,7650,1666,5448
06/25/2024,153.75,6,922.5,209.07,10,2090.7,98.7,6,592.2,117.88,3,353.64,184.03,5,920.15,63.84,12,766.08,257.38,3,772.14,94.75,12,1137,208.28,4,833.12,110.67,5,553.35,63.15,,,273.53,6,1641.18,212.06,4,848.24,67.42,,,0.78843,10508,0.84619,922.5,9065,219.90,9285,7650,1635,5469
06/26/2024,153.5,6,921,213.25,10,2132.5,98.23,6,589.38,118.24,3,354.72,183.88,5,919.4,64.05,12,768.6,257.83,3,773.49,94.06,12,1128.72,208.19,4,832.76,110.54,5,552.7,62.64,,,273.6,6,1641.6,212.67,4,850.68,68.29,,,0.79228,10545,0.84613,921,9134,219.90,9353,7650,1703,5478
06/27/2024,155.35,6,932.1,214.1,10,2141,98.17,6,589.02,117.99,3,353.97,185.41,5,927.05,63.91,12,766.92,258.17,3,774.51,94.19,12,1130.28,211.35,4,845.4,110.55,5,552.75,62.27,,,266.59,6,1599.54,212.67,4,850.68,67.88,,,0.79078,10531,0.84678,932.1,9117,219.90,9337,7650,1687,5483
06/28/2024,154.8,6,928.8,210.62,10,2106.2,97.04,6,582.24,118.13,3,354.39,182.15,5,910.75,63.65,12,763.8,254.84,3,764.52,75.37,12,904.44,207.71,4,830.84,110.1,5,550.5,61.86,,,262.47,6,1574.82,213.34,4,853.36,67.71,,,0.790514,10196,0.8475,928.8,8847,219.90,9067,7650,1417,5460
07/01/2024,153.55,6,921.3,216.75,10,2167.5,95.54,6,573.24,116.69,3,350.07,182.99,5,914.95,63.28,12,759.36,249.99,3,749.97,76.83,12,921.96,209.46,4,837.84,110.58,5,552.9,61.54,,,263.24,6,1579.44,209.36,4,837.44,67.48,,,0.79078,10245,0.84902,921.3,8883,219.90,9103,7650,1453,5475
07/02/2024,153.95,6,923.7,220.27,10,2202.7,96.12,6,576.72,117.58,3,352.74,185.24,5,926.2,63.15,12,757.8,247.79,3,743.37,76.04,12,912.48,211.12,4,844.48,110.2,5,551,61.67,,,268.23,6,1609.38,209.47,4,837.88,68.07,,,0.788,10315,0.8469,923.7,8910,221.00,9131,7750,1381,5509
07/03/2024,153.65,6,921.9,221.55,10,2215.5,95.89,6,575.34,119.09,3,357.27,185.82,5,929.1,63.33,12,759.96,250,3,750,75.24,12,902.88,210.27,4,841.08,110.39,5,551.95,61.86,,,268.99,6,1613.94,210.2,4,840.8,68.24,,,0.78445,10338,0.8465,921.9,8890,227.86,9118,7750,1368,5537
07/05/2024,153,6,918,226.34,10,2263.4,97.05,6,582.3,117.92,3,353.76,190.6,5,953,63.76,12,765.12,251.09,3,753.27,75.43,12,905.16,210.18,4,840.72,111.64,5,558.2,62.43,,,270.36,6,1622.16,210.33,4,841.32,70.04,,,0.780396,10438,0.8471,918,8924,227.86,9152,7750,1402,5567
07/08/2024,153.8,6,922.8,227.82,10,2278.2,97.58,6,585.48,116.7,3,350.1,189.03,5,945.15,62.96,12,755.52,247.85,3,743.55,73.05,12,876.6,209.71,4,838.84,112.21,5,561.05,62.81,,,266.4,6,1598.4,210.62,4,842.48,69.68,,,0.7803,10375,0.84509,922.8,8876,227.86,9104,7750,1354,5573
07/09/2024,154.3,6,925.8,228.68,10,2286.8,97.04,6,582.24,115.57,3,346.71,188.98,5,944.9,62.69,12,752.28,245.82,3,737.46,72.46,12,869.52,209.49,4,837.96,112.15,5,560.75,62.49,,,265.44,6,1592.64,210.02,4,840.08,69.9,,,0.782,10351,0.84563,925.8,8878,227.86,9105,7750,1355,5577
07/10/2024,155.35,6,932.1,232.98,10,2329.8,97.39,6,584.34,118.56,3,355.68,191.18,5,955.9,62.83,12,753.96,250.49,3,751.47,72.54,12,870.48,209.99,4,839.96,112.97,5,564.85,63.61,,,263,6,1578,211.18,4,844.72,70.41,,,0.77805,10429,0.8428,932.1,8900,227.86,9128,7750,1378,5634
07/11/2024,150.65,6,903.9,227.57,10,2275.7,97.76,6,586.56,119.41,3,358.23,185.57,5,927.85,63.1,12,757.2,254.8,3,764.4,73.39,12,880.68,211.82,4,847.28,113.94,5,569.7,63.71,,,262.55,6,1575.3,211.77,4,847.08,69.8,,,0.77377,10390,0.84134,903.9,8800,227.86,9028,7750,1278,5585
07/12/2024,153.85,6,923.1,230.54,10,2305.4,98.07,6,588.42,120.22,3,360.66,185.07,5,925.35,63.7,12,764.4,253.9,3,761.7,73.42,12,881.04,213.3,4,853.2,114.3,5,571.5,64.81,,,265.74,6,1594.44,213.75,4,855,69.24,,,0.770416,10461,0.8414,923.1,8836,227.86,9064,7750,1314,5615
07/15/2024,153.25,6,919.5,234.4,10,2344,97.25,6,583.5,121.58,3,364.74,186.53,5,932.65,63.41,12,760.92,251.53,3,754.59,71.31,12,855.72,217.1,4,868.4,113.81,5,569.05,64.08,,,268.45,6,1610.7,216,4,864,69.61,,,0.77101,10508,0.84028,919.5,8875,227.86,9102,7750,1352,5631
07/16/2024,154.1,6,924.6,234.82,10,2348.2,97.4,6,584.4,123.65,3,370.95,183.92,5,919.6,64.27,12,771.24,257.27,3,771.81,72.81,12,873.72,210,4,840,115.02,5,575.1,64.51,,,269.25,6,1615.5,220.89,4,883.56,69.99,,,0.770553,10554,0.83996,924.6,8909,228.12,9137,7750,1387,5667
07/17/2024,150.6,6,903.6,228.88,10,2288.8,99.39,6,596.34,123.04,3,369.12,181.02,5,905.1,65.21,12,782.52,261,3,783,73.07,12,876.84,221.35,4,885.4,113.97,5,569.85,65.47,,,272.7,6,1636.2,223.32,4,893.28,71.03,,,0.76879,10586,0.84103,903.6,8899,228.12,9127,7750,1377,5588
07/18/2024,150.75,6,904.5,224.18,10,2241.8,98.51,6,591.06,121.11,3,363.33,177.69,5,888.45,65.19,12,782.28,259.52,3,778.56,72.38,12,868.56,224.53,4,898.12,113.03,5,565.15,65.3,,,269.15,6,1614.9,223.1,4,892.4,70.82,,,0.7721,10485,0.84164,904.5,8856,228.12,9085,7750,1335,5545
07/19/2024,150.55,6,903.3,224.31,10,2243.1,98.08,6,588.48,120.67,3,362.01,177.66,5,888.3,65.29,12,783.48,257.28,3,771.84,72.7,12,872.4,219.35,4,877.4,111.75,5,558.75,65.28,,,265.46,6,1592.76,222.8,4,891.2,70.75,,,0.774313,10430,0.8432,903.3,8838,228.12,9066,7750,1316,5505
07/22/2024,153.1,6,918.6,223.96,10,2239.6,97.95,6,587.7,122.19,3,366.57,181.67,5,908.35,64.77,12,777.24,259.54,3,778.62,74.86,12,898.32,216.3,4,865.2,113.21,5,566.05,65.43,,,267.71,6,1606.26,223.45,4,893.8,70.38,,,0.77325,10488,0.84204,918.6,8883,228.12,9111,7750,1361,5564
07/23/2024,153.8,6,922.8,225.01,10,2250.1,96.55,6,579.3,119.98,3,359.94,181.79,5,908.95,64.96,12,779.52,254.05,3,762.15,73.4,12,880.8,215.9,4,863.6,113.42,5,567.1,64.43,,,264.79,6,1588.74,218.73,4,874.92,70.65,,,0.7751,10415,0.84091,922.8,8849,228.12,9077,7750,1327,5556
07/24/2024,153.75,6,922.5,218.54,10,2185.4,96.6,6,579.6,115.8,3,347.4,172.63,5,863.15,65.81,12,789.72,253.37,3,760.11,71.09,12,853.08,215.44,4,861.76,111.25,5,556.25,63.61,,,254.17,6,1525.02,217.38,4,869.52,70.6,,,0.7752,10191,0.84022,922.5,8675,228.12,8903,7750,1153,5427
07/25/2024,154.75,6,928.5,217.49,10,2174.9,96.49,6,578.94,113.42,3,340.26,167.28,5,836.4,66.07,12,792.84,251.46,3,754.38,71.41,12,856.92,212.77,4,851.08,111.27,5,556.35,66.47,,,253.74,6,1522.44,199.92,4,799.68,70.02,,,0.7778,10064,0.84391,928.5,8611,228.12,8840,7750,1090,5399
07/26/2024,156.1,6,936.6,217.96,10,2179.6,99.39,6,596.34,115.45,3,346.35,167,5,835,67.05,12,804.6,252,3,756,72.56,12,870.72,215.68,4,862.72,111.83,5,559.15,68.32,,,259.46,6,1556.76,196.96,4,787.84,69.78,,,0.777061,10155,0.8448,936.6,8682,228.12,8910,7750,1160,5459
07/29/2024,155.45,6,932.7,218.24,10,2182.4,100.88,6,605.28,114.77,3,344.31,169.53,5,847.65,66.83,12,801.96,261.42,3,784.26,73.55,12,882.6,213.63,4,854.52,112.56,5,562.8,68.54,,,261.6,6,1569.6,200.54,4,802.16,69.62,,,0.77758,10238,0.84128,932.7,8745,228.12,8973,7750,1223,5464
07/30/2024,157.6,6,945.6,218.8,10,2188,100.49,6,602.94,115.18,3,345.54,170.29,5,851.45,67.68,12,812.16,266.44,3,799.32,74.32,12,891.84,215.68,4,862.72,113.24,5,566.2,68.69,,,263.1,6,1578.6,201.1,4,804.4,69.19,,,0.779,10303,0.8424,945.6,8823,228.12,9051,7750,1301,5436
07/31/2024,155.1,6,930.6,222.08,10,2220.8,99.19,6,595.14,115.75,3,347.25,171.54,5,857.7,66.74,12,800.88,265.4,3,796.2,74.86,12,898.32,214.12,4,856.48,113.02,5,565.1,69.08,,,265.67,6,1594.02,202.66,4,810.64,68.64,,,0.77802,10343,0.842,930.6,8830,228.12,9058,7750,1308,5522
08/01/2024,151.9,6,911.4,218.36,10,2183.6,100.93,6,605.58,113.25,3,339.75,170.76,5,853.8,67.96,12,815.52,268.75,3,806.25,73.85,12,886.2,215.28,4,861.12,113.66,5,568.3,69.33,,,265.93,6,1595.58,206.07,4,824.28,69.79,,,0.78561,10340,0.84744,911.4,8896,228.12,9124,7750,1374,5447
08/02/2024,149.9,6,899.4,219.86,10,2198.6,102.81,6,616.86,112.35,3,337.05,166.66,5,833.3,69.33,12,831.96,276.69,3,830.07,74.01,12,888.12,216.94,4,867.76,113.14,5,565.7,70.36,,,266.58,6,1599.48,207.76,4,831.04,68.46,,,0.780762,10400,0.8521,899.4,8886,228.12,9114,7850,1264,5347
08/05/2024,147.35,6,884.1,209.27,10,2092.7,100.97,6,605.82,111.1,3,333.3,159.25,5,796.25,68.1,12,817.2,268.45,3,805.35,71.42,12,857.04,210.91,4,843.64,108.89,5,544.45,68.31,,,256.44,6,1538.64,201.54,4,806.16,67.59,,,0.78194,10041,0.85628,884.1,8608,228.12,8836,7850,986,5186
08/06/2024,147.45,6,884.7,207.23,10,2072.3,102.66,6,615.96,111.68,3,335.04,158.29,5,791.45,68.05,12,816.6,270.06,3,810.18,72.5,12,870,214.05,4,856.2,109.41,5,547.05,68.99,,,258.26,6,1549.56,203.14,4,812.56,67.74,,,0.78835,10077,0.861,884.7,8706,228.12,8934,7850,1084,5240
08/07/2024,149.2,6,895.2,209.82,10,2098.2,102.43,6,614.58,110.1,3,330.3,158.94,5,794.7,68.46,12,821.52,269.37,3,808.11,72.62,12,871.44,215.88,4,863.52,107.93,5,539.65,68.74,,,256.52,6,1539.12,204.85,4,819.4,66.91,,,0.78862,10101,0.86188,895.2,8737,228.12,8965,7850,1115,5200
08/08/2024,148.35,6,890.1,213.31,10,2133.1,102.71,6,616.26,111.26,3,333.78,162.03,5,810.15,68.73,12,824.76,271.19,3,813.57,74.19,12,890.28,218.36,4,873.44,109.92,5,549.6,69.1,,,259.83,6,1558.98,205.9,4,823.6,67.66,,,0.78447,10228,0.8562,890.1,8785,228.12,9013,7850,1163,5319
08/09/2024,149.7,6,898.2,216.24,10,2162.4,102.07,6,612.42,110.83,3,332.49,163.67,5,818.35,68.68,12,824.16,267.91,3,803.73,74.34,12,892.08,221.73,4,886.92,110.7,5,553.5,68,,,259.76,6,1558.56,205.26,4,821.04,67.95,,,0.78447,10266,0.8579,898.2,8824,228.12,9052,7850,1202,5344
08/12/2024,150,6,900,217.53,10,2175.3,101.28,6,607.68,110.68,3,332.04,162.29,5,811.45,68.17,12,818.04,269.46,3,808.38,74.64,12,895.68,222.99,4,891.96,111.39,5,556.95,67.71,,,259.89,6,1559.34,203.11,4,812.44,68.7,,,0.78301,10269,0.85629,900,8812,228.12,9040,7850,1190,5344
08/13/2024,150.7,6,904.2,221.27,10,2212.7,100.59,6,603.54,110.92,3,332.76,164.16,5,820.8,68.46,12,821.52,270.31,3,810.93,78.5,12,942,222.33,4,889.32,111.04,5,555.2,68.4,,,260.13,6,1560.78,203.92,4,815.68,68.13,,,0.7772,10365,0.85462,904.2,8829,228.12,9057,7850,1207,5434
08/14/2024,151.3,6,907.8,221.72,10,2217.2,102.18,6,613.08,111.14,3,333.42,160.37,5,801.85,68.58,12,822.96,271.15,3,813.45,78.52,12,942.24,234.34,4,937.36,109.08,5,545.4,68.47,,,261.14,6,1566.84,206.35,4,825.4,68.66,,,0.7795,10419,0.8585,907.8,8901,228.12,9129,7850,1279,5455
08/15/2024,151.85,6,911.1,224.72,10,2247.2,101.44,6,608.64,113.09,3,339.27,161.3,5,806.5,68.65,12,823.8,274.87,3,824.61,82.5,12,990,236.77,4,947.08,111.48,5,557.4,69.02,,,266.8,6,1600.8,206.91,4,827.64,73.18,,,0.77764,10573,0.85312,911.1,8999,228.12,9227,7850,1377,5543
08/16/2024,151.2,6,907.2,226.05,10,2260.5,101.99,6,611.94,112.92,3,338.76,162.96,5,814.8,69.18,12,830.16,278.49,3,835.47,83.23,12,998.76,235.88,4,943.52,111.45,5,557.25,68.61,,,267.38,6,1604.28,205.4,4,821.6,73.45,,,0.772022,10617,0.8509,907.2,8969,231.72,9200,7850,1350,5554
08/19/2024,151.1,6,906.6,225.89,10,2258.9,101.85,6,611.1,113.73,3,341.19,166.67,5,833.35,68.98,12,827.76,287.55,3,862.65,83.28,12,999.36,237.78,4,951.12,112.49,5,562.45,69.13,,,266.47,6,1598.82,206.59,4,826.36,73.72,,,0.7698,10673,0.85302,906.6,8989,231.72,9221,7850,1371,5608
08/20/2024,151.45,6,908.7,226.51,10,2265.1,103.06,6,618.36,113.82,3,341.46,167.18,5,835.9,69.38,12,832.56,285.63,3,856.89,83.56,12,1002.72,238.75,4,955,113.31,5,566.55,69.03,,,268.04,6,1608.24,208.1,4,832.4,74.54,,,0.76714,10715,0.85368,908.7,8996,231.72,9228,7850,1378,5597
08/21/2024,151.7,6,910.2,226.4,10,2264,103.47,6,620.82,114.18,3,342.54,165.85,5,829.25,69.57,12,834.84,289.71,3,869.13,84,12,1008,237.32,4,949.28,120.23,5,601.15,69.53,,,268.2,6,1609.2,209.38,4,837.52,75.24,,,0.76374,10766,0.85197,910.2,8998,231.72,9229,7850,1379,5621
08/22/2024,151.1,6,906.6,224.53,10,2245.3,103.95,6,623.7,114.7,3,344.1,163.8,5,819,69.33,12,831.96,289.21,3,867.63,83.41,12,1000.92,240.22,4,960.88,119,5,595,70.33,,,267.94,6,1607.64,210.12,4,840.48,75.58,,,0.76349,10737,0.84868,906.6,8967,231.72,9198,7850,1348,5571
08/23/2024,150.85,6,905.1,226.84,10,2268.4,104.21,6,625.26,117.56,3,352.68,165.62,5,828.1,69.79,12,837.48,289.52,3,868.56,84.05,12,1008.6,241.25,4,965,119.47,5,597.35,71.55,,,267.44,6,1604.64,209.98,4,839.92,75.7,,,0.756773,10796,0.8483,905.1,8938,231.72,9170,7850,1320,5635
08/26/2024,151.1,6,906.6,227.18,10,2271.8,105.09,6,630.54,118.1,3,354.3,166.16,7,1163.12,70.84,12,850.08,288.68,3,866.04,84.28,16,1348.48,242.45,4,969.8,120.13,5,600.65,71.58,,,268.21,6,1609.26,208.82,4,835.28,76.03,,,0.75805,11499,0.84625,906.6,9484,228.32,9713,7850,1863,5617
08/27/2024,149.65,6,897.9,228.03,10,2280.3,105.92,6,635.52,118.23,3,354.69,164.68,7,1152.76,71.5,12,858,289.64,3,868.92,85.29,16,1364.64,245.57,4,982.28,120.06,5,600.3,72.1,,,270.72,6,1624.32,209.2,4,836.8,76.13,,,0.75429,11559,0.84313,897.9,9476,228.32,9704,7850,1854,5626
08/28/2024,152.55,7,1067.85,226.49,10,2264.9,105.79,6,634.74,117.28,3,351.84,162.85,7,1139.95,71.75,12,861,287.05,3,861.15,82.79,16,1324.64,248.26,4,993.04,119.28,5,596.4,72.44,,,269.19,6,1615.14,209.31,4,837.24,76.08,,,0.75429,11480,0.84316,1067.85,9560,224.18,9784,7850,1934,5592
08/29/2024,155.25,7,1086.75,229.79,10,2297.9,105.81,6,634.86,116.95,3,350.85,161.78,7,1132.46,72.05,12,864.6,287.86,3,863.58,83.26,16,1332.16,250.01,4,1000.04,117.37,5,586.85,73.19,,,274.32,6,1645.92,209.88,4,839.52,76.42,,,0.75952,11549,0.84152,1086.75,9686,224.18,9910,7850,2060,5592
08/30/2024,154.15,7,1079.05,229,10,2290,106.5,6,639,117.82,3,353.46,163.38,7,1143.66,72.47,12,869.64,288.66,3,865.98,83.32,16,1333.12,252.2,4,1008.8,117.27,5,586.35,72.89,,,276.37,6,1658.22,212.04,4,848.16,77.23,,,0.761615,11596,0.8423,1079.05,9741,224.18,9965,7850,2115,5648
09/03/2024,154.2,7,1079.4,222.77,10,2227.7,107.78,6,646.68,117.91,3,353.73,157.36,7,1101.52,73.01,12,876.12,285.52,3,856.56,81.32,16,1301.12,252.32,4,1009.28,117.54,5,587.7,72.97,,,278.54,6,1671.24,209.4,4,837.6,77.17,,,0.76254,11469,0.84249,1079.4,9655,224.18,9879,8450,1429,5529
09/04/2024,153.5,7,1074.5,220.85,10,2208.5,108.77,6,652.62,118.54,3,355.62,156.45,7,1095.15,72.56,12,870.72,288.03,3,864.09,81.02,16,1296.32,253.91,4,1015.64,117.52,5,587.6,73.24,,,280.49,6,1682.94,209.32,4,837.28,77.24,,,0.76076,11466,0.8425,1074.5,9629,224.18,9853,8450,1403,5520
09/05/2024,150.3,7,1052.1,222.38,10,2223.8,108.53,6,651.18,117.34,3,352.02,157.24,7,1100.68,71.17,12,854.04,287.97,3,863.91,80.83,16,1293.28,249.54,4,998.16,118.01,5,590.05,73.64,,,278.62,6,1671.72,208.4,4,833.6,76.96,,,0.75887,11432,0.8431,1052.1,9563,226.19,9789,8450,1339,5503
09/06/2024,149.7,7,1047.9,220.82,10,2208.2,107.86,6,647.16,115.37,3,346.11,150.92,7,1056.44,71.14,12,853.68,289.51,3,868.53,80.63,16,1290.08,248.69,4,994.76,115.62,5,578.1,73.41,,,279.37,6,1676.22,204.73,4,818.92,76.64,,,0.761863,11338,0.8447,1047.9,9523,227.41,9751,8450,1301,5408
09/09/2024,152.55,7,1067.85,220.91,10,2209.1,107.11,6,642.66,117.2,3,351.6,148.71,7,1040.97,71.85,12,862.2,291.29,3,873.87,79.49,16,1271.84,251.31,4,1005.24,117.07,5,585.35,73.79,,,285.61,6,1713.66,208.46,4,833.84,77.34,,,0.76503,11390,0.84425,1067.85,9615,227.41,9843,8450,1393,5471
09/10/2024,152.25,7,1065.75,220.11,10,2201.1,106.84,6,641.04,115.78,3,347.34,148.66,7,1040.62,71.55,12,858.6,291.27,3,873.81,78.09,16,1249.44,249.13,4,996.52,117.83,5,589.15,73.52,,,285.34,6,1712.04,208.25,4,833,78.81,,,0.76451,11343,0.84243,1065.75,9569,227.41,9797,8450,1347,5496
09/11/2024,152.55,7,1067.85,222.66,10,2226.6,106.13,6,636.78,116.52,3,349.56,151.16,7,1058.12,71.08,12,852.96,290.23,3,870.69,78.4,16,1254.4,249.59,4,998.36,117.85,5,589.25,73,,,283.96,6,1703.76,207.64,4,830.56,78.84,,,0.7669,11371,0.84443,1067.85,9622,227.41,9850,8450,1400,5554
09/12/2024,155.3,7,1087.1,222.77,10,2227.7,106.34,6,638.04,119.37,3,358.11,154.69,7,1082.83,71.23,12,854.76,292.35,3,877.05,78.4,16,1254.4,249.48,4,997.92,118.22,5,591.1,72.99,,,285.37,6,1712.22,207.86,4,831.44,79.66,,,0.76148,11426,0.8435,1087.1,9617,227.41,9845,8450,1395,5596
09/13/2024,156.4,7,1094.8,222.5,10,2225,105.73,6,634.38,118.77,3,356.31,157.46,7,1102.22,71.41,12,856.92,296.53,3,889.59,79.01,16,1264.16,255.46,4,1021.84,119.81,5,599.05,73.19,,,287.35,6,1724.1,208.05,4,832.2,80.6,,,0.7619,11506,0.8447,1094.8,9691,227.41,9918,8450,1468,5626
09/16/2024,157.65,7,1103.55,216.32,10,2163.2,105.43,6,632.58,120.64,5,603.2,158.06,10,1580.6,72.1,12,865.2,296.69,3,890.07,79.8,16,1276.8,256.31,4,1025.24,119.61,6,717.66,73.76,,,290.48,6,1742.88,208.32,4,833.28,80.56,,,0.75696,12331,0.84244,1103.55,10264,222.34,10486,8450,2036,5633
09/17/2024,158.45,7,1109.15,216.79,10,2167.9,104.56,6,627.36,119.04,5,595.2,159.32,10,1593.2,71.8,12,861.6,293.75,3,881.25,80.64,16,1290.24,256.91,4,1027.64,117.84,6,707.04,72.92,,,291.56,6,1749.36,203.12,4,812.48,78.6,,,0.75945,12313,0.8446,1109.15,10288,222.34,10510,8460,2050,5635
09/18/2024,155.05,7,1085.35,220.69,10,2206.9,103.18,6,619.08,117,5,585,159.81,10,1598.1,71.75,12,861,292.03,3,876.09,80.9,16,1294.4,257.66,4,1030.64,117.25,6,703.5,72.42,,,288.48,6,1730.88,201.88,4,807.52,79.03,,,0.75751,12313,0.84179,1085.35,10241,223.24,10464,8460,2004,5618
09/19/2024,156.3,7,1094.1,228.87,10,2288.7,102.01,6,612.06,118.97,5,594.85,162.14,10,1621.4,70.62,12,847.44,293.85,3,881.55,80.98,16,1295.68,255.3,4,1021.2,118.29,6,709.74,72.36,,,285.24,6,1711.44,204.64,4,818.56,78.04,,,0.75291,12403,0.84016,1094.1,10257,226.46,10484,8460,2024,5714
09/20/2024,155.65,7,1089.55,228.2,10,2282,103.06,6,618.36,117.07,5,585.35,163.59,10,1635.9,71.64,12,859.68,296.83,3,890.49,86.52,16,1384.32,259.24,4,1036.96,117.93,6,707.58,72.46,,,284.77,6,1708.62,204.1,4,816.4,79.06,,,0.75291,12526,0.8391,1089.55,10345,230.00,10575,8460,2115,5703
09/23/2024,157.45,7,1102.15,226.47,10,2264.7,103.31,6,619.86,117.1,5,585.5,161.85,10,1618.5,71.73,12,860.76,299.06,3,897.18,86.2,16,1379.2,257.6,4,1030.4,117.13,6,702.78,73.01,,,288.63,6,1731.78,207.1,4,828.4,80.33,,,0.74907,12519,0.83231,1102.15,10295,230.00,10525,8460,2065,5719
09/24/2024,156.8,7,1097.6,227.37,10,2273.7,103.79,6,622.74,117.91,5,589.55,162.29,10,1622.9,71.33,12,855.96,300.27,3,900.81,87.46,16,1399.36,256.54,4,1026.16,117.65,6,705.9,72.87,,,272.78,6,1636.68,207.52,4,830.08,80.67,,,0.74475,12464,0.83344,1097.6,10197,230.00,10427,8460,1967,5733
09/25/2024,157.1,7,1099.7,226.37,10,2263.7,103.75,6,622.5,115.73,5,578.65,161.49,10,1614.9,71.45,12,857.4,300.47,3,901.41,88,16,1408,256.99,4,1027.96,118.13,6,708.78,73.46,,,269.63,6,1617.78,207.69,4,830.76,81.4,,,0.750988,12432,0.83584,1099.7,10255,230.00,10485,8460,2025,5722
09/26/2024,155.35,7,1087.45,227.52,10,2275.2,103.06,6,618.36,116.77,5,583.85,162.73,10,1627.3,71.4,12,856.8,303.65,3,910.95,89.39,16,1430.24,252.38,4,1009.52,118.08,6,708.48,73.4,,,271.69,6,1630.14,205.34,4,821.36,79.92,,,0.7455,12472,0.8335,1087.45,10204,230.00,10434,8460,1974,5745
09/27/2024,154.8,7,1083.6,227.79,10,2277.9,103.66,6,621.96,116.43,5,582.15,163.95,10,1639.5,71.79,12,861.48,303.69,3,911.07,89.44,16,1431.04,251.1,4,1004.4,117.5,6,705,73.62,,,275.17,6,1651.02,205.51,4,822.04,79.78,,,0.747887,12508,0.8353,1083.6,10259,230.00,10489,8460,2029,5738
09/30/2024,151.3,7,1059.1,233,10,2330,103.81,6,622.86,117.15,5,585.75,165.85,10,1658.5,71.86,12,862.32,304.51,3,913.53,88.4,16,1414.4,253.76,4,1015.04,117.54,6,705.24,73.08,,,274.95,6,1649.7,207.6,4,830.4,80.75,,,0.7476,12588,0.83254,1059.1,10292,230.00,10522,8460,2062,5762
10/01/2024,151.5,7,1060.5,226.21,10,2262.1,102.33,6,613.98,117.12,5,585.6,166.99,10,1669.9,71.71,12,860.52,302.98,3,908.94,89.13,16,1426.08,254.27,4,1017.08,116.64,6,699.84,72.72,,,277.6,6,1665.6,207.93,4,831.72,81.27,,,0.75335,12541,0.83354,1060.5,10332,232.95,10565,8460,2105,5709
10/02/2024,153.25,7,1072.75,226.78,10,2267.8,102.06,6,612.36,115.95,5,579.75,165.86,10,1658.6,71.01,12,852.12,303.76,3,911.28,83.1,16,1329.6,254.43,4,1017.72,116.45,6,698.7,72.16,,,277,6,1662,207.32,4,829.28,80.43,,,0.7538,12419,0.83272,1072.75,10255,232.95,10488,8560,1928,5710
10/03/2024,152.6,7,1068.2,225.67,10,2256.7,99.97,6,599.82,114.22,5,571.1,165.86,10,1658.6,70.52,12,846.24,303.45,3,910.35,82.1,16,1313.6,252.27,4,1009.08,115.06,6,690.36,70.77,,,276.86,6,1661.16,209.09,4,836.36,80.43,,,0.7616,12353,0.84047,1068.2,10306,240.45,10547,8560,1987,5700
10/04/2024,150.2,7,1051.4,226.8,10,2268,99.04,6,594.24,113.54,5,567.7,167.06,10,1670.6,70.17,12,842.04,303.76,3,911.28,82.25,16,1316,255.36,4,1021.44,114.69,6,688.14,70.69,,,277.93,6,1667.58,208.09,4,832.36,80.94,,,0.761847,12379,0.8366,1051.4,10311,240.45,10551,8560,1991,5751
10/07/2024,151.35,7,1059.45,221.69,10,2216.9,98.57,6,591.42,113.08,5,565.4,162.98,10,1629.8,69.01,12,828.12,300.85,3,902.55,80.83,16,1293.28,245.52,4,982.08,112.13,6,672.78,70.01,,,273.79,6,1642.74,205.41,4,821.64,79.1,,,0.76425,12147,0.8387,1059.45,10172,240.45,10412,8560,1852,5696
10/08/2024,152.25,7,1065.75,225.77,10,2257.7,100.58,6,603.48,113.44,5,567.2,164.38,10,1643.8,69.18,12,830.16,301.9,3,905.7,80.77,16,1292.32,249.02,4,996.08,113.45,6,680.7,70.75,,,274.96,6,1649.76,208.68,4,834.72,79.71,,,0.76366,12262,0.83814,1065.75,10257,240.45,10497,8560,1937,5751
10/09/2024,152.75,7,1069.25,229.54,10,2295.4,101,6,606,113.95,5,569.75,161.86,10,1618.6,69.57,12,834.84,303.83,3,911.49,82.45,16,1319.2,250.76,4,1003.04,113.98,6,683.88,70.76,,,276.93,6,1661.58,212.23,4,848.92,80.4,,,0.76521,12353,0.83724,1069.25,10348,240.45,10588,8560,2028,5792
10/10/2024,152.8,7,1069.6,229.04,10,2290.4,99.24,6,595.44,115.1,5,575.5,162.08,10,1620.8,69.25,12,831,304.04,3,912.12,82.1,16,1313.6,251.78,4,1007.12,112.59,6,675.54,70.2,,,277.47,6,1664.82,211.24,4,844.96,79.61,,,0.76557,12331,0.83701,1069.6,10336,240.45,10576,8560,2016,5780
10/11/2024,154.7,7,1082.9,227.55,10,2275.5,100.1,6,600.6,115.84,5,579.2,163.24,10,1632.4,69.57,12,834.84,305.04,3,915.12,82.15,16,1314.4,254.09,4,1016.36,113.73,6,682.38,70.64,,,277.84,6,1667.04,211.81,4,847.24,80.1,,,0.764977,12365,0.8377,1082.9,10366,240.45,10607,8560,2047,5815
10/14/2024,157,7,1099,231.3,10,2313,100.73,6,604.38,115.52,5,577.6,164.96,10,1649.6,70.34,12,844.08,309.84,3,929.52,81.6,16,1305.6,251.88,4,1007.52,115.24,6,691.44,70.98,,,280.68,6,1684.08,213.5,4,854,80.29,,,0.76526,12461,0.83487,1099,10453,240.45,10694,8560,2134,5860
10/15/2024,160.15,7,1121.05,233.85,10,2338.5,101.55,6,609.3,115.66,5,578.3,165.46,10,1654.6,70.34,12,844.08,309.84,3,929.52,81.6,16,1305.6,251.6,4,1006.4,116.76,6,700.56,71.24,,,279.29,6,1675.74,213.79,4,855.16,81.65,,,0.76535,12498,0.8329,1121.05,10499,240.71,10740,8560,2180,5815
10/16/2024,159.65,7,1117.55,231.78,10,2317.8,101.19,6,607.14,115.88,5,579.4,165.16,10,1651.6,70.57,12,846.84,312.92,3,938.76,83.94,16,1343.04,255.37,4,1021.48,117.4,6,704.4,71.08,,,287.52,6,1725.12,213.14,4,852.56,81.22,,,0.76981,12588,0.83583,1117.55,10625,240.71,10865,8560,2305,5842
10/17/2024,160.95,7,1126.65,232.15,10,2321.5,100.53,6,603.18,114.44,5,572.2,162.93,10,1629.3,69.9,12,838.8,314.7,3,944.1,83.4,16,1334.4,251.34,4,1005.36,117.48,6,704.88,70.74,,,290.39,6,1742.34,213.08,4,852.32,80.89,,,0.7683,12548,0.83204,1126.65,10578,240.71,10819,8560,2259,5841
10/18/2024,159,7,1113,235,10,2350,100.46,6,602.76,113.62,5,568.1,163.42,10,1634.2,70.44,12,845.28,316.56,3,949.68,82.92,16,1326.72,251.12,4,1004.48,117.71,6,706.26,70.82,,,290.62,6,1743.72,212.75,4,851,81.31,,,0.7662,12582,0.8332,1113,10568,240.71,10809,8560,2249,5865
10/21/2024,158.8,7,1111.6,236.48,10,2364.8,99.36,6,596.16,112.26,5,561.3,164.07,10,1640.7,69.45,12,833.4,314.89,3,944.67,81.48,16,1303.68,250.74,4,1002.96,115.66,6,693.96,70.09,,,286.85,6,1721.1,211.82,4,847.28,80.81,,,0.77024,12510,0.83306,1111.6,10562,240.71,10802,8560,2242,5854
10/22/2024,157.55,7,1102.85,235.86,10,2358.6,99.67,6,598.02,112.24,5,561.2,165.14,10,1651.4,69.45,12,833.4,314.69,3,944.07,81.42,16,1302.72,248.25,4,993,115.19,6,691.14,69.61,,,284.79,6,1708.74,211.05,4,844.2,82.02,,,0.77025,12486,0.83162,1102.85,10535,240.71,10776,8560,2216,5851
10/23/2024,157,7,1099,230.76,10,2307.6,98.98,6,593.88,111.99,5,559.95,162.78,10,1627.8,68.01,12,816.12,298.57,3,895.71,80.05,16,1280.8,247.25,4,989,114.22,6,685.32,68.22,,,283.76,6,1702.56,211.8,4,847.2,83.27,,,0.77437,12306,0.83477,1099,10447,240.71,10687,8560,2127,5797
10/24/2024,157.9,7,1105.3,230.57,10,2305.7,99.74,6,598.44,110.82,5,554.1,162.72,10,1627.2,67.3,12,807.6,301.58,3,904.74,79.04,16,1264.64,246.87,4,987.48,114.2,6,685.2,70.09,,,283.22,6,1699.32,208.91,4,835.64,83.04,,,0.77081,12270,0.83423,1105.3,10380,240.71,10621,8560,2061,5810
10/25/2024,158.7,7,1110.9,231.41,10,2314.1,95.61,6,573.66,110.97,5,554.85,165.27,10,1652.7,66.92,12,803.04,292.61,3,877.83,78.85,16,1261.6,243.78,4,975.12,113.82,6,682.92,69.4,,,281.73,6,1690.38,206.8,4,827.2,82.51,,,0.771486,12213,0.8332,1110.9,10348,240.71,10589,8560,2029,5808
10/28/2024,160.65,7,1124.55,233.4,10,2334,95.74,6,574.44,111.21,5,556.05,166.72,10,1667.2,66.67,12,800.04,296.79,3,890.37,78.91,16,1262.56,244.31,4,977.24,114.17,6,685.02,70.36,,,284.19,6,1705.14,208.26,4,833.04,82.75,,,0.77073,12285,0.83371,1124.55,10406,240.71,10647,8560,2087,5824
10/29/2024,160,7,1120,233.67,10,2336.7,94.72,6,568.32,110.29,5,551.45,169.68,10,1696.8,65.56,12,786.72,296.79,3,890.37,78.91,16,1262.56,241.68,4,966.72,114.11,6,684.66,70.08,,,281.88,6,1691.28,219.11,4,876.44,81.7,,,0.77073,12312,0.83146,1120,10420,240.71,10661,8560,2101,5833
10/30/2024,155.75,7,1090.25,230.1,10,2301,94.66,6,567.96,109.81,5,549.05,174.46,10,1744.6,65.92,12,791.04,291.52,3,874.56,76.45,16,1223.2,243,4,972,112.95,6,677.7,69.3,,,290.16,6,1740.96,214.82,4,859.28,81.39,,,0.77163,12301,0.8379,1090.25,10406,240.71,10646,8560,2086,5814
10/31/2024,154.7,7,1082.9,225.91,10,2259.1,93.71,6,562.26,107.92,5,539.6,171.11,10,1711.1,65.31,12,783.72,292.11,3,876.33,77.13,16,1234.08,242.83,4,971.32,113.03,6,678.18,68.52,,,289.85,6,1739.1,215.85,4,863.4,81.95,,,0.77533,12218,0.84386,1082.9,10387,240.71,10628,8560,2068,5705
11/01/2024,157.4,7,1101.8,222.91,10,2229.1,93.33,6,559.98,108.21,5,541.05,171.29,10,1712.9,65.01,12,780.12,295.21,3,885.63,78.06,16,1248.96,242.72,4,970.88,112.39,6,674.34,68.99,,,290.74,6,1744.44,213.99,4,855.96,82.19,,,0.7736,12203,0.8417,1101.8,10368,240.71,10609,8560,2049,5729
11/04/2024,157.4,7,1101.8,222.01,10,2220.1,93.61,6,561.66,108,5,540,169.24,10,1692.4,65.11,12,781.32,292.85,3,878.55,77.19,16,1235.04,241.48,4,965.92,112.69,6,676.14,68.97,,,291.85,6,1751.1,214.24,4,856.96,82.45,,,0.77193,12159,0.83933,1101.8,10311,240.71,10552,8660,1892,5713
11/05/2024,159.6,7,1117.2,223.45,10,2234.5,94.26,6,565.56,109.01,5,545.05,169.74,10,1697.4,65.37,12,784.44,297.32,3,891.96,77.98,16,1247.68,248.07,4,992.28,113.75,6,682.5,69.37,,,293.29,6,1759.74,215.88,4,863.52,83.68,,,0.76666,12265,0.83826,1117.2,10339,240.71,10580,8660,1920,5783
11/06/2024,160.9,7,1126.3,222.72,10,2227.2,90.22,6,541.32,112.32,5,561.6,176.51,10,1765.1,63.7,12,764.4,294,3,882,75.32,16,1205.12,258.75,4,1035,115.63,6,693.78,66.68,,,307.4,6,1844.4,218.48,4,873.92,83.44,,,0.7762,12394,0.83299,1126.3,10558,240.71,10799,8660,2139,5929
11/07/2024,160.45,7,1123.15,227.48,10,2274.8,90.77,6,544.62,113.34,5,566.7,180.75,10,1807.5,63.66,12,763.92,294.66,3,883.98,75.92,16,1214.72,255.27,4,1021.08,116.85,6,701.1,67.06,,,305.8,6,1834.8,220.44,4,881.76,83.85,,,0.77028,12495,0.83149,1123.15,10559,240.71,10799,8660,2139,5973
11/08/2024,161.85,7,1132.95,226.96,10,2269.6,92.57,6,555.42,110.8,5,554,178.35,10,1783.5,63.92,12,767.04,298.97,3,896.91,75.88,16,1214.08,261.52,4,1046.08,117.83,6,706.98,66.38,,,307.87,6,1847.22,224.12,4,896.48,84.83,,,0.774054,12537,0.83,1132.95,10645,240.71,10886,8660,2226,5996
11/11/2024,162.2,7,1135.4,224.23,10,2242.3,91.96,6,551.76,111.64,5,558.2,180.35,10,1803.5,63.36,12,760.32,301.53,3,904.59,76.6,16,1225.6,259.89,4,1039.56,118.06,6,708.36,65.51,,,310.92,6,1865.52,223.62,4,894.48,84.21,,,0.7767,12554,0.82821,1135.4,10691,240.71,10932,8660,2272,6001
11/12/2024,159.75,7,1118.25,224.23,10,2242.3,91.5,6,549,111.57,5,557.85,181.62,10,1816.2,63.2,12,758.4,298.65,3,895.95,76.66,16,1226.56,262.34,4,1049.36,119.85,6,719.1,64.77,,,309.85,6,1859.1,224.78,4,899.12,84.99,,,0.78498,12573,0.8335,1118.25,10802,240.71,11042,8660,2382,5984
11/13/2024,158.6,7,1110.2,225.12,10,2251.2,91.07,6,546.42,111.39,5,556.95,178.88,10,1788.8,63,12,756,297.35,3,892.05,76.52,16,1224.32,261.37,4,1045.48,121.13,6,726.78,64.55,,,309.48,6,1856.88,225.68,4,902.72,85.5,,,0.78698,12548,0.83134,1110.2,10798,240.71,11038,8660,2378,5985
11/14/2024,158.9,7,1112.3,228.22,10,2282.2,91.45,6,548.7,110.05,5,550.25,175.58,10,1755.8,62.55,12,750.6,298.56,3,895.68,75.68,16,1210.88,257.5,4,1030,119.91,6,719.46,64.58,,,308.25,6,1849.5,221.72,4,886.88,84.47,,,0.7894,12480,0.83121,1112.3,10776,240.71,11017,8660,2357,5949
11/15/2024,151.65,7,1061.55,225,10,2250,93.56,6,561.36,108.9,5,544.5,172.49,10,1724.9,61.74,12,740.88,292.63,3,877.89,76.66,16,1226.56,255.78,4,1023.12,119.97,6,719.82,64.58,,,309.64,6,1857.84,217.9,4,871.6,84.25,,,0.792581,12398,0.8356,1061.55,10714,242.39,10956,8660,2296,5871
11/18/2024,153.95,7,1077.65,228.02,10,2280.2,94.62,6,567.72,108.53,5,542.65,175.3,10,1753,61.86,12,742.32,291.1,3,873.3,74.89,16,1198.24,256.52,4,1026.08,119.67,6,718.02,65.14,,,312.16,6,1872.96,218.31,4,873.24,84.08,,,0.78869,12448,0.83558,1077.65,10718,242.39,10960,8660,2300,5894
11/19/2024,153.3,7,1073.1,228.28,10,2282.8,93.61,6,561.66,106.71,5,533.55,178.12,10,1781.2,62.59,12,751.08,290.73,3,872.19,73.91,16,1182.56,254.51,4,1018.04,119.56,6,717.36,65.09,,,311.85,6,1871.1,219.05,4,876.2,86.6,,,0.78774,12448,0.83555,1073.1,10702,244.40,10947,8660,2287,5917
11/20/2024,152.95,7,1070.65,229,10,2290,93.91,6,563.46,106.84,5,534.2,175.98,10,1759.8,62.99,12,755.88,290.91,3,872.73,73.36,16,1173.76,257.02,4,1028.08,119.74,6,718.44,64.74,,,307.39,6,1844.34,218.78,4,875.12,87.18,,,0.79018,12416,0.83336,1070.65,10703,244.40,10947,8660,2287,5917
11/21/2024,153.35,7,1073.45,228.52,10,2285.2,94.25,6,565.5,109.2,5,546,167.63,10,1676.3,63.76,12,765.12,288.47,3,865.41,75.1,16,1201.6,263.44,4,1053.76,119.77,6,718.62,64.83,,,309.9,6,1859.4,221.53,4,886.12,88.39,,,0.79461,12423,0.83185,1073.45,10764,244.40,11009,8660,2349,5949
11/22/2024,157.95,7,1105.65,229.87,10,2298.7,94.92,6,569.52,111.24,5,556.2,164.76,10,1647.6,63.92,12,767.04,290.28,3,870.84,77.4,16,1238.4,266.06,4,1064.24,121.47,6,728.82,65.94,,,309.92,6,1859.52,224.41,4,897.64,90.44,,,0.798021,12499,0.8314,1105.65,10893,244.40,11138,8660,2478,5969
11/25/2024,156.7,7,1096.9,232.87,10,2328.7,95.34,6,572.04,111.78,5,558.9,167.65,10,1676.5,64.38,12,772.56,296.19,3,888.57,79.26,16,1268.16,265.88,4,1063.52,124.79,6,748.74,66.13,,,313.19,6,1879.14,225.65,4,902.6,89.5,,,0.79789,12659,0.83331,1096.9,11015,244.40,11259,8660,2599,5987
11/26/2024,157.35,7,1101.45,235.06,10,2350.6,96.58,6,579.48,109.64,5,548.2,169.12,10,1691.2,64.55,12,774.6,296.33,3,888.99,77.61,16,1241.76,268.02,4,1072.08,126.2,6,757.2,66.49,,,311.82,6,1870.92,227.45,4,909.8,91.31,,,0.7953,12685,0.83434,1101.45,11007,244.40,11252,8660,2592,6022
11/27/2024,157.7,7,1103.9,234.93,10,2349.3,96.76,6,580.56,111.26,5,556.3,169.23,10,1692.3,64.43,12,773.16,295.08,3,885.24,78.34,16,1253.44,266.86,4,1067.44,126.36,6,758.16,67.21,,,314.7,6,1888.2,228.46,4,913.84,91.88,,,0.78879,12718,0.83313,1103.9,10951,244.40,11196,8660,2536,5999
11/29/2024,157.95,7,1105.65,237.33,10,2373.3,96.63,6,579.78,111.69,5,558.45,168.95,10,1689.5,64.08,12,768.96,296.01,3,888.03,78.77,16,1260.32,268.88,4,1075.52,125.69,6,754.14,67.32,,,315.08,6,1890.48,228.22,4,912.88,92.5,,,0.785361,12751,0.8309,1105.65,10933,244.40,11178,8660,2518,6032
12/02/2024,160.3,7,1122.1,239.59,10,2395.9,97.11,6,582.66,111.12,5,555.6,171.49,10,1714.9,63.65,12,763.8,292.44,3,877.32,79.09,16,1265.44,264.04,4,1056.16,126.19,6,757.14,67.4,,,316.65,6,1899.9,225.12,4,900.48,92.64,,,0.78998,12769,0.82951,1122.1,11018,244.40,11263,8660,2603,6047
12/03/2024,161.3,7,1129.1,242.65,10,2426.5,94.61,6,567.66,109.16,5,545.8,171.34,10,1713.4,63.52,12,762.24,294.5,3,883.5,78.86,16,1261.76,262.61,4,1050.44,124.75,6,748.5,66.8,,,313.01,6,1878.06,225.01,4,900.04,93.51,,,0.789,12738,0.82924,1129.1,10986,244.40,11231,8760,2471,6050
12/04/2024,162.8,7,1139.6,243.01,10,2430.1,94.81,6,568.86,109.66,5,548.3,174.37,10,1743.7,62.21,12,746.52,295.09,3,885.27,78.37,16,1253.92,260.35,4,1041.4,125.5,6,753,66.79,,,309.9,6,1859.4,225.29,4,901.16,94.45,,,0.78733,12732,0.82763,1139.6,10967,246.77,11214,8760,2454,6086
12/05/2024,164.25,7,1149.75,243.04,10,2430.4,95.1,6,570.6,109.31,5,546.55,172.64,10,1726.4,62.92,12,755.04,299.47,3,898.41,78.58,16,1257.28,261.29,4,1045.16,125.92,6,755.52,66.99,,,309.08,6,1854.48,224.05,4,896.2,95.3,,,0.78374,12736,0.8296,1149.75,10936,246.77,11182,8760,2422,6075
12/06/2024,162.8,7,1139.6,242.84,10,2428.4,94.23,6,565.38,106.96,5,534.8,174.71,10,1747.1,62.53,12,750.36,298.98,3,896.94,78.89,16,1262.24,254.56,4,1018.24,126.09,6,756.54,66.42,,,311.01,6,1866.06,222.19,4,888.76,95.7,,,0.784621,12715,0.8297,1139.6,10922,248.26,11170,8760,2410,6090
12/09/2024,161.35,7,1129.45,246.75,10,2467.5,92.94,6,557.64,106.38,5,531.9,175.37,10,1753.7,62.6,12,751.2,301.37,3,904.11,77.64,16,1242.24,247.86,4,991.44,125.9,6,755.4,66.19,,,308.3,6,1849.8,217.47,4,869.88,93.83,,,0.78437,12675,0.82781,1129.45,10877,248.26,11125,8760,2365,6053
12/10/2024,161.75,7,1132.25,247.77,10,2477.7,93.89,6,563.34,106.3,5,531.5,185.17,10,1851.7,62.91,12,754.92,300.71,3,902.13,76.74,16,1227.84,247.27,4,989.08,127.2,6,763.2,66.05,,,312.38,6,1874.28,216.08,4,864.32,94.55,,,0.78247,12800,0.82403,1132.25,10949,248.26,11197,8760,2437,6035
12/11/2024,163.05,7,1141.35,246.49,10,2464.9,92.76,6,556.56,105.13,5,525.65,195.4,10,1954,62.64,12,751.68,296.1,3,888.3,78.85,16,1261.6,243.73,4,974.92,126.81,6,760.86,66.13,,,313.79,6,1882.74,214.52,4,858.08,94.96,,,0.78331,12879,0.82295,1141.35,11028,248.26,11276,8760,2516,6084
12/12/2024,162.2,7,1135.4,247.96,10,2479.6,93.56,6,561.36,104.67,5,523.35,191.96,10,1919.6,63.84,12,766.08,296.63,3,889.89,77.96,16,1247.36,242.76,4,971.04,126.42,6,758.52,66.05,,,314.23,6,1885.38,214.45,4,857.8,94.09,,,0.78881,12860,0.82578,1135.4,11082,248.26,11330,8760,2570,6051
12/13/2024,162.4,7,1136.8,248.13,10,2481.3,93.44,6,560.64,103.83,5,519.15,189.82,10,1898.2,63.12,12,757.44,296.6,3,889.8,77.25,16,1236,251.8,4,1007.2,124.85,6,749.1,66.23,,,314.74,6,1888.44,213.2,4,852.8,94.25,,,0.79233,12840,0.8324,1136.8,11120,248.26,11368,8760,2608,6051
12/16/2024,163.9,7,1147.3,251.04,10,2510.4,92.92,6,557.52,102.77,5,513.85,196.66,10,1966.6,62.55,12,750.6,297.71,3,893.13,77.2,16,1235.2,250.25,4,1001,123.72,6,742.32,66.74,,,315.89,6,1895.34,211.64,4,846.56,94.87,,,0.788,12913,0.82863,1147.3,11126,248.26,11374,8760,2614,6074
12/17/2024,163.7,7,1145.9,253.48,10,2534.8,93.49,6,560.94,102.95,5,514.75,195.42,10,1954.2,63.4,12,760.8,296.08,3,888.24,78,16,1248,247.53,4,990.12,123.06,6,738.36,66.71,,,318.3,6,1909.8,209,4,836,95.42,,,0.78673,12936,0.82563,1145.9,11123,248.26,11371,8760,2611,6051
12/18/2024,163.75,7,1146.25,248.05,10,2480.5,92.75,6,556.5,101.4,5,507,188.4,10,1884,62.85,12,754.2,290.88,3,872.64,76.9,16,1230.4,240.28,4,961.12,121.24,6,727.44,65.06,,,309.78,6,1858.68,205.43,4,821.72,93.55,,,0.79569,12654,0.82354,1146.25,11013,256.91,11270,8760,2510,5872
12/19/2024,160.25,7,1121.75,249.79,10,2497.9,92.92,6,557.52,100.62,5,503.1,188.51,10,1885.1,62.45,12,749.4,290.23,3,870.69,77.1,16,1233.6,239.71,4,958.84,121.2,6,727.2,64.74,,,314.88,6,1889.28,205.53,4,822.12,93.4,,,0.80013,12695,0.82927,1121.75,11088,256.91,11345,8760,2585,5867
12/20/2024,161.1,7,1127.7,254.49,10,2544.9,92.03,6,552.18,101.17,5,505.85,191.41,10,1914.1,62.55,12,750.6,292.68,3,878.04,76.94,16,1231.04,239.97,4,959.88,122,6,732,64.31,,,317.71,6,1906.26,205.83,4,823.32,92.24,,,0.795418,12798,0.8299,1127.7,11116,256.91,11373,8760,2613,5931
12/23/2024,159.5,7,1116.5,255.27,10,2552.7,91.91,6,551.46,102.47,5,512.35,194.63,10,1946.3,62.38,12,748.56,291.29,3,873.87,76.76,16,1228.16,241.01,4,964.04,121.77,6,730.62,64.34,,,317.22,6,1903.32,203.8,4,815.2,90.35,,,0.7978,12827,0.83009,1116.5,11160,256.91,11417,8760,2657,5974
12/24/2024,159.5,7,1116.5,258.2,10,2582,92.39,6,554.34,102.9,5,514.5,196.11,10,1961.1,62.84,12,754.08,293.99,3,881.97,76.79,16,1228.64,243.24,4,972.96,123.49,6,740.94,64.34,,,320.65,6,1923.9,205.38,4,821.52,92.68,,,0.7977,12936,0.83009,1116.5,11246,258.94,11505,8760,2745,6040
12/26/2024,159.5,7,1116.5,259.02,10,2590.2,92.37,6,554.22,102.66,5,513.3,195.6,10,1956,62.57,12,750.84,294.8,3,884.4,76.94,16,1231.04,243.19,4,972.76,125.01,6,750.06,64.71,,,320.91,6,1925.46,205.02,4,820.08,92.79,,,0.7981,12948,0.83009,1116.5,11261,258.94,11520,8760,2760,6038
12/27/2024,161,7,1127,255.59,10,2555.9,91.81,6,550.86,101.97,5,509.85,192.76,10,1927.6,62.45,12,749.4,293.62,3,880.86,76.42,16,1222.72,241.02,4,964.08,123.94,6,743.64,64.64,,,318.66,6,1911.96,204.02,4,816.08,91.66,,,0.795355,12833,0.8292,1127,11141,258.94,11400,8760,2640,5971
12/30/2024,159.45,7,1116.15,252.2,10,2522,90.79,6,544.74,100.78,5,503.9,191.24,10,1912.4,62.03,12,744.36,289.6,3,868.8,74.65,16,1194.4,239.6,4,958.4,121.09,6,726.54,63.86,,,315.31,6,1891.86,202.27,4,809.08,90.57,,,0.79687,12676,0.82919,1116.15,11027,258.94,11286,8760,2526,5907
12/31/2024,160.4,7,1122.8,250.42,10,2504.2,90.91,6,545.46,101.51,5,507.55,189.3,10,1893,62.26,12,747.12,289.89,3,869.67,75.67,16,1210.72,239.61,4,958.44,120.81,6,724.86,63.79,,,316.04,6,1896.24,201.79,4,807.16,90.35,,,0.79887,12664,0.8267,1122.8,11045,258.94,11304,8760,2544,5882
01/02/2025,161.2,7,1128.4,243.85,10,2438.5,90.55,6,543.3,101.86,5,509.3,189.43,10,1894.3,61.84,12,742.08,292.51,3,877.53,73.67,16,1178.72,240.65,4,962.6,121.15,6,726.9,63.59,,,314.4,6,1886.4,200.54,4,802.16,90,,,0.79887,12562,0.82934,1128.4,10971,260.70,11232,8760,2472,5869
01/03/2025,159.05,7,1113.35,243.36,10,2433.6,90.15,6,540.9,102.53,5,512.65,191.79,10,1917.9,61.75,12,741,294.78,3,884.34,73.31,16,1172.96,242.22,4,968.88,120.73,6,724.38,63.57,,,314.91,6,1889.46,201.65,4,806.6,90.78,6,544.68,0.804894,13137,0.8302,1113.35,11498,259.04,11758,8860,2898,5942
01/06/2025,159.15,7,1114.05,245,10,2450,87.54,6,525.24,103.61,5,518.05,196.87,10,1968.7,60.81,12,729.72,292.18,3,876.54,72,16,1152,239.59,4,958.36,120.88,6,725.28,62.36,,,313.04,6,1878.24,201.76,4,807.04,91.43,6,548.58,0.7993,13138,0.8299,1114.05,11426,263.41,11689,8860,2829,5975
01/07/2025,159.9,7,1119.3,242.21,10,2422.1,87.39,6,524.34,104.34,5,521.7,195.49,10,1954.9,60.84,12,730.08,289.34,3,868.02,72.09,16,1153.44,242.28,4,969.12,120.14,6,720.84,62.83,,,311.67,6,1870.02,203.39,4,813.56,90.81,6,544.86,0.80142,13093,0.82896,1119.3,11421,263.41,11684,8860,2824,5909
01/08/2025,162.35,7,1136.45,242.7,10,2427,87.46,6,524.76,102.4,5,512,193.95,10,1939.5,61.71,12,740.52,286.9,3,860.7,71.29,16,1140.64,243.59,4,974.36,121.65,6,729.9,63.16,,,312.6,6,1875.6,206.58,4,826.32,91.8,6,550.8,0.80907,13102,0.83448,1136.45,11549,263.41,11812,8860,2952,5918
01/10/2025,165.45,7,1158.15,236.85,10,2368.5,86.36,6,518.16,99.95,5,499.75,192.04,10,1920.4,61.07,12,732.84,282.31,3,846.93,71.2,16,1139.2,235.61,4,942.44,120.06,6,720.36,62.02,,,307.71,6,1846.26,207.25,4,829,93,6,558,0.818733,12922,0.84,1158.15,11552,263.41,11816,8860,2956,5827
01/13/2025,163.75,7,1146.25,234.4,10,2344,87.1,6,522.6,100.26,5,501.3,191.01,10,1910.1,61.65,12,739.8,283.63,3,850.89,72.08,16,1153.28,235.78,4,943.12,119.89,6,719.34,61.91,,,306.92,6,1841.52,207.53,4,830.12,91.53,6,549.18,0.81744,12905,0.83908,1146.25,11511,263.41,11774,8860,2914,5836
01/14/2025,164.95,7,1154.65,233.28,10,2332.8,87.67,6,526.02,100.29,5,501.45,189.66,10,1896.6,62.04,12,744.48,281.58,3,844.74,71.17,16,1138.72,239.76,4,959.04,119.24,6,715.44,61.58,,,309.09,6,1854.54,207.17,4,828.68,90.79,6,544.74,0.81877,12887,0.84391,1154.65,11526,263.41,11790,8860,2930,5843
01/15/2025,166.9,7,1168.3,237.87,10,2378.7,87.86,6,527.16,100.69,5,503.45,195.55,10,1955.5,61.77,12,741.24,282.3,3,846.9,71.07,16,1137.12,242.47,4,969.88,119.11,6,714.66,61.56,,,316.28,6,1897.68,208,4,832,91.34,6,548.04,0.81677,13052,0.84085,1168.3,11643,263.41,11907,8860,3047,5950
01/16/2025,170,7,1190,228.26,10,2282.6,88.56,6,531.36,101.99,5,509.95,192.91,10,1929.1,62.25,12,747,279.74,3,839.22,71.11,16,1137.76,245.54,4,982.16,121.38,6,728.28,62.37,,,317.25,6,1903.5,211.01,4,844.04,91.3,6,547.8,0.8172,12983,0.8419,1190,11611,263.41,11875,8860,3015,5937
01/17/2025,171.3,7,1199.1,229.98,10,2299.8,88.69,6,532.14,101.52,5,507.6,196,10,1960,62.71,12,752.52,280.95,3,842.85,70.84,16,1133.44,243.68,4,974.72,121.85,6,731.1,62.62,,,319.62,6,1917.72,211.71,4,846.84,91.94,6,551.64,0.821153,13050,0.8457,1199.1,11730,276.23,12007,8860,3147,5997
01/21/2025,173.4,7,1213.8,222.64,10,2226.4,88.23,6,529.38,103.68,5,518.4,198.05,10,1980.5,62.42,12,749.04,282.61,3,847.83,73.17,16,1170.72,241.01,4,964.04,123.3,6,739.8,64.02,,,323.63,6,1941.78,212.93,4,851.72,93.08,6,558.48,0.810675,13078,0.84353,1213.8,11626,276.23,11902,8860,3042,6049
01/22/2025,174.6,7,1222.2,223.83,10,2238.3,87.55,6,525.3,104.43,5,522.15,198.37,10,1983.7,61.78,12,741.36,281.35,3,844.05,74.04,16,1184.64,239.17,4,956.68,122.57,6,735.42,63.06,,,323.56,6,1941.36,211.44,4,845.76,93.23,6,559.38,0.81207,13078,0.84521,1222.2,11653,276.23,11930,8860,3070,6086
01/23/2025,169.5,7,1186.5,223.66,10,2236.6,87.91,6,527.46,106.25,5,531.25,197.98,10,1979.8,61.53,12,738.36,284.43,3,853.29,74.29,16,1188.64,239.51,4,958.04,122.6,6,735.6,63.75,,,328.21,6,1969.26,210.1,4,840.4,93.81,6,562.86,0.80946,13122,0.84316,1186.5,11622,276.23,11898,8860,3038,6119
01/24/2025,169.35,7,1185.45,222.78,10,2227.8,87.88,6,527.28,105.54,5,527.7,200.21,10,2002.1,61.92,12,743.04,285.46,3,856.38,73.57,16,1177.12,238.82,4,955.28,122.73,6,736.38,63.56,,,330.2,6,1981.2,209.43,4,837.72,94.76,6,568.56,0.800897,13141,0.8413,1185.45,11522,276.23,11798,8860,2938,6101
01/27/2025,170.35,7,1192.45,229.86,10,2298.6,91.21,6,547.26,106.78,5,533.9,191.81,10,1918.1,63.87,12,766.44,293.09,3,879.27,75.58,16,1209.28,246.91,4,987.64,124.9,6,749.4,65.4,,,334.54,6,2007.24,213.63,4,854.52,97.4,6,584.4,0.80253,13336,0.83819,1192.45,11702,276.23,11978,8860,3118,6012
01/28/2025,172.7,7,1208.9,238.26,10,2382.6,89.86,6,539.16,105.12,5,525.6,195.3,10,1953,62.36,12,748.32,291.15,3,873.45,74.39,16,1190.24,245.05,4,980.2,124.34,6,746.04,64.67,,,334.48,6,2006.88,213.65,4,854.6,97.29,6,583.74,0.80375,13384,0.83822,1208.9,11771,276.23,12047,9860,2187,6068
01/29/2025,173.35,7,1213.45,239.36,10,2393.6,89.57,6,537.42,105.53,5,527.65,195.41,10,1954.1,62.83,12,753.96,290.11,3,870.33,76.58,16,1225.28,246.4,4,985.6,124.21,6,745.26,64.43,,,335.88,6,2015.28,209.55,4,838.2,97.5,6,585,0.802871,13432,0.83695,1213.45,11800,276.23,12076,9860,2216,6039
01/30/2025,175.05,7,1225.35,237.59,10,2375.9,90.89,6,545.34,105.2,5,526,200.87,10,2008.7,64.05,12,768.6,290.32,3,870.96,78.33,16,1253.28,249.22,4,996.88,126.09,6,756.54,65.59,,,343.05,6,2058.3,222.43,4,889.72,98.65,6,591.9,0.8049,13642,0.83682,1225.35,12006,276.23,12282,9860,2422,6071
01/31/2025,175.75,7,1230.25,236,10,2360,86.7,6,520.2,104.51,5,522.55,204.02,10,2040.2,63.48,12,761.76,288.7,3,866.1,76.9,16,1230.4,246.44,4,985.76,124.79,6,748.74,64.55,,,341.8,6,2050.8,220.26,4,881.04,98.16,6,588.96,0.806322,13557,0.8357,1230.25,11959,276.23,12235,9860,2375,6041
02/03/2025,175.4,7,1227.8,228.01,10,2280.1,87.03,10,870.3,98.72,10,987.2,201.23,10,2012.3,63.35,12,760.2,290.05,3,870.15,76.59,16,1225.44,248.92,4,995.68,124.31,6,745.86,64.86,,,345.82,6,2074.92,223.72,4,894.88,99.54,8,796.32,0.80439,14513,0.83066,1227.8,12694,271.25,12966,9860,3106,5995
02/04/2025,174.8,7,1223.6,232.8,10,2328,86.5,10,865,101.71,10,1017.1,206.38,10,2063.8,62.67,12,752.04,289.77,3,869.31,76.72,16,1227.52,248,4,992,125.14,6,750.84,64.41,,,345.15,6,2070.9,222.14,4,888.56,100.77,8,806.16,0.8014,14631,0.83129,1223.6,12743,271.25,13014,9960,3054,6038
02/05/2025,176.7,7,1236.9,232.47,10,2324.7,86.62,10,866.2,103.94,10,1039.4,191.33,10,1913.3,63.12,12,757.44,288.83,3,866.49,74.57,16,1193.12,249,4,996,125.51,6,753.06,65.53,,,349.44,6,2096.64,224.77,4,899.08,102.46,8,819.68,0.79974,14525,0.83176,1236.9,12645,271.25,12916,9960,2956,6061
02/06/2025,176.55,7,1235.85,233.22,10,2332.2,85.68,10,856.8,103.18,10,1031.8,191.6,10,1916,63.36,12,760.32,294.36,3,883.08,71.74,16,1147.84,251.35,4,1005.4,126.16,6,756.96,65.33,,,347.48,6,2084.88,224.92,4,899.68,102.85,8,822.8,0.80402,14498,0.83507,1235.85,12689,271.25,12960,9960,3000,6084
02/07/2025,176.55,7,1235.85,227.63,10,2276.3,86.76,10,867.6,101.58,10,1015.8,185.34,10,1853.4,63.84,12,766.08,294.3,3,882.9,68.68,16,1098.88,250.6,4,1002.4,124.69,6,748.14,65.55,,,348.02,6,2088.12,224.91,4,899.64,101.15,8,809.2,0.806062,14308,0.8329,1235.85,12563,271.25,12834,9960,2874,6026
02/10/2025,178.9,7,1252.3,227.65,10,2276.5,85.96,10,859.6,102.5,10,1025,186.47,10,1864.7,64.55,12,774.6,308.42,3,925.26,70.94,16,1135.04,249.69,4,998.76,124.97,6,749.82,65.54,,,351.23,6,2107.38,226.09,4,904.36,102.92,8,823.36,0.80902,14444,0.83343,1252.3,12729,271.25,13001,9960,3041,6066
02/11/2025,180.25,7,1261.75,232.62,10,2326.2,87.37,10,873.7,102.92,10,1029.2,185.32,10,1853.2,67.6,12,811.2,310.21,3,930.63,71.34,16,1141.44,257.57,4,1030.28,124.68,6,748.08,66.29,,,350.72,6,2104.32,226.75,4,907,102.47,8,819.76,0.80311,14575,0.83234,1261.75,12756,271.25,13027,9960,3067,6069
02/12/2025,180.75,7,1265.25,236.87,10,2368.7,86.73,10,867.3,102.63,10,1026.3,183.61,10,1836.1,68.71,12,824.52,307.6,3,922.8,72.26,16,1156.16,256.79,4,1027.16,124.41,6,746.46,66.53,,,351.49,6,2108.94,227.4,4,909.6,103.61,10,1036.1,0.80317,14830,0.83461,1265.25,12967,269.58,13237,9960,3277,6052
02/13/2025,180.1,7,1260.7,241.53,10,2415.3,87.75,10,877.5,102.57,10,1025.7,186.14,10,1861.4,69.5,12,834,310.02,3,930.06,73.21,16,1171.36,262.13,4,1048.52,125.85,6,755.1,62.96,,,355.63,6,2133.78,227.6,4,910.4,105.05,10,1050.5,0.79596,15014,0.83263,1260.7,13000,269.58,13270,9960,3310,6115
02/14/2025,178.7,7,1250.9,244.6,10,2446,86.04,10,860.4,101.59,10,1015.9,185.23,10,1852.3,68.87,12,826.44,308.55,3,925.65,73.04,16,1168.64,262.6,4,1050.4,124.34,6,746.04,61.75,,,353.81,6,2122.86,227.73,4,910.92,104.04,10,1040.4,0.793777,14966,0.8332,1250.9,12922,271.26,13193,9960,3233,6115
02/18/2025,177.5,7,1242.5,244.47,10,2444.7,86.39,10,863.9,102.79,10,1027.9,183.77,10,1837.7,69.05,12,828.6,304.83,3,914.49,77.59,16,1241.44,263.93,4,1055.72,123.83,6,742.98,61.79,,,356.73,6,2140.38,228.35,4,913.4,103.78,10,1037.8,0.79203,15049,0.82752,1242.5,12947,273.27,13221,9960,3261,6130
02/19/2025,176.85,7,1237.95,244.87,10,2448.7,87.42,10,874.2,102.38,10,1023.8,185.27,10,1852.7,70.07,12,840.84,301.94,3,905.82,76.78,16,1228.48,269.62,4,1078.48,123.42,6,740.52,62.6,,,355.23,6,2131.38,228.52,4,914.08,104,10,1040,0.79465,15079,0.82815,1237.95,13008,273.27,13281,9960,3321,6144
02/20/2025,175.5,7,1228.5,245.83,10,2458.3,87.87,10,878.7,103.83,10,1038.3,184.56,10,1845.6,70.04,12,840.48,303.05,3,909.15,77.23,16,1235.68,267.67,4,1070.68,122.98,6,737.88,62.48,,,350.49,6,2102.94,229.12,4,916.48,97.21,10,972.1,0.789241,15006,0.8287,1228.5,12862,273.27,13135,9960,3175,6118
02/21/2025,172.6,7,1208.2,245.55,10,2455.5,89.47,10,894.7,103.99,10,1039.9,179.66,10,1796.6,71.35,12,856.2,304.81,3,914.43,76.5,16,1224,266.19,4,1064.76,121.11,6,726.66,63.15,,,348.53,6,2091.18,228.03,4,912.12,94.78,10,947.8,0.791515,14924,0.8283,1208.2,12813,273.27,13086,9960,3126,6013
02/24/2025,172.55,7,1207.85,247.1,10,2471,90.11,10,901.1,101.09,10,1010.9,179.25,10,1792.5,70.59,12,847.08,307.57,3,922.71,80.28,16,1284.48,272.63,4,1090.52,121.47,6,728.82,63.36,,,349.86,6,2099.16,229.68,4,918.72,93.67,10,936.7,0.79253,15004,0.82902,1207.85,12892,273.27,13165,9960,3205,5983
02/25/2025,172.35,7,1206.45,247.04,10,2470.4,92.29,10,922.9,100.65,10,1006.5,175.42,10,1754.2,71.49,12,857.88,310.72,3,932.16,81.72,16,1307.52,278.52,4,1114.08,122.7,6,736.2,62.89,,,352.09,6,2112.54,230.75,4,923,97.69,10,976.9,0.78899,15114,0.83012,1206.45,12927,273.27,13200,9960,3240,5955
02/26/2025,153.65,7,1075.55,240.36,10,2403.6,90.17,10,901.7,100.47,10,1004.7,172.73,10,1727.3,70.8,12,849.6,304.27,3,912.81,81.17,16,1298.72,273.43,4,1093.72,124.89,6,749.34,63.01,,,350.63,6,2103.78,228.69,4,914.76,96.2,10,962,0.7885,14922,0.82701,1075.55,12656,273.27,12929,9960,2969,5956
02/27/2025,150.1,7,1050.7,237.3,10,2373,90.2,10,902,99.76,10,997.6,168.5,10,1685,70.87,12,850.44,309.95,3,929.85,80.02,16,1280.32,278.77,4,1115.08,123.49,6,740.94,63.53,,,355.74,6,2134.44,229.61,4,918.44,96.79,10,967.9,0.79372,14895,0.82502,1050.7,12689,273.27,12963,9960,3003,5862
02/28/2025,147.6,7,1033.2,241.84,10,2418.4,91.17,10,911.7,101.36,10,1013.6,170.28,10,1702.8,71.21,12,854.52,308.33,3,924.99,79.43,16,1270.88,282,4,1128,124.76,6,748.56,63.68,,,362.71,6,2176.26,232.78,4,931.12,98.61,10,986.1,0.7954,15067,0.8253,1033.2,12837,273.27,13110,9960,3150,5955
03/03/2025,150.3,7,1052.1,238.03,10,2380.3,92.81,10,928.1,98.25,10,982.5,167.01,10,1670.1,72.32,12,867.84,304.29,3,912.87,78.41,16,1254.56,285.08,4,1140.32,123.54,6,741.24,64.92,,,361.82,6,2170.92,233.78,4,935.12,97.59,10,975.9,0.78731,14960,0.82543,1052.1,12646,273.27,12920,9960,2960,5850
03/04/2025,146,7,1022,235.93,10,2359.3,91.06,10,910.6,97.47,10,974.7,170.92,10,1709.2,70.19,12,842.28,305.77,3,917.31,77.32,16,1237.12,283.19,4,1132.76,121.74,6,730.44,65.27,,,352.23,6,2113.38,229.96,4,919.84,94.97,10,949.7,0.7816,14797,0.83042,1022,12414,273.27,12687,10060,2627,5778
03/05/2025,144.05,7,1008.35,235.74,10,2357.4,91.75,10,917.5,100.12,10,1001.2,173.02,10,1730.2,70.08,12,840.96,307.45,3,922.35,77.81,16,1244.96,281.86,4,1127.44,123.04,6,738.24,65.64,,,352.68,6,2116.08,230.39,4,921.56,95.98,10,959.8,0.77568,14878,0.83729,1008.35,12385,275.62,12660,10060,2600,5843
03/06/2025,141.7,7,991.9,235.33,10,2353.3,93.29,10,932.9,101.94,10,1019.4,172.35,10,1723.5,70.46,12,845.52,310.37,3,931.11,77.71,16,1243.36,281.17,4,1124.68,120.65,6,723.9,65.53,,,344.16,6,2064.96,225.96,4,903.84,94.64,10,946.4,0.776078,14813,0.83712,991.9,12326,275.62,12602,10060,2542,5739
03/07/2025,142.1,7,994.7,239.07,10,2390.7,96.74,10,967.4,101.07,10,1010.7,173.86,10,1738.6,71.43,12,857.16,321.29,3,963.87,78.59,16,1257.44,279.82,4,1119.28,119.27,6,715.62,66.63,,,345.32,6,2071.92,229.55,4,918.2,91.72,10,917.2,0.774413,14928,0.8388,994.7,12395,277.09,12672,10060,2612,5770
03/10/2025,140.9,7,986.3,227.48,10,2274.8,97.5,10,975,98.15,10,981.5,165.87,10,1658.7,71.45,12,857.4,317.25,3,951.75,76.4,16,1222.4,278.69,4,1114.76,117.61,6,705.66,67.83,,,341.48,6,2048.88,227.77,4,911.08,87.82,10,878.2,0.77667,14580,0.84179,986.3,12154,277.09,12431,10060,2371,5615
03/11/2025,140.3,7,982.1,220.84,10,2208.4,94.1,10,941,95.46,10,954.6,164.04,10,1640.4,71.04,12,852.48,306.76,3,920.28,74.17,16,1186.72,276.94,4,1107.76,116.12,6,696.72,66.75,,,332.14,6,1992.84,224.21,4,896.84,87.44,10,874.4,0.77251,14272,0.84307,982.1,11854,277.09,12131,10060,2071,5572
03/12/2025,141.2,7,988.4,216.98,10,2169.8,90.82,10,908.2,96.88,10,968.8,167.11,10,1671.1,69.94,12,839.28,299.4,3,898.2,73.58,16,1177.28,277.55,4,1110.2,115.34,6,692.04,66.41,,,332.84,6,1997.04,222.86,4,891.44,85.2,10,852,0.77135,14175,0.83965,988.4,11764,277.09,12041,10060,1981,5599
03/13/2025,140.4,7,982.8,209.68,10,2096.8,90.52,10,905.2,95.92,10,959.2,162.76,10,1627.6,69.62,12,835.44,297.5,3,892.5,72.64,16,1162.24,279.4,4,1117.6,112.81,6,676.86,65.96,,,328.55,6,1971.3,223.2,4,892.8,84.5,10,845,0.7717,13983,0.83773,982.8,11614,277.09,11891,10060,1831,5522
03/14/2025,142.6,7,998.2,213.49,10,2134.9,89.82,10,898.2,97.7,10,977,165.49,10,1654.9,69.16,12,829.92,299.83,3,899.49,71.66,16,1146.56,283.69,4,1134.76,113.26,6,679.56,66.05,,,331.8,6,1990.8,224.86,4,899.44,85.35,10,853.5,0.772559,14099,0.844,998.2,11735,277.09,12012,11060,952,5639
03/17/2025,142.6,7,998.2,214,10,2140,90.71,10,907.1,98.2,10,982,164.29,10,1642.9,70.12,12,841.44,303.97,3,911.91,73.7,16,1179.2,291.22,4,1164.88,114.52,6,687.12,67.19,,,334.55,6,2007.3,228.19,4,912.76,87.46,10,874.6,0.7701,14251,0.84081,998.2,11814,277.09,12091,11060,1031,5675
03/18/2025,141.1,7,987.7,212.69,10,2126.9,89.49,10,894.9,97.53,10,975.3,160.67,10,1606.7,69.38,12,832.56,303.6,3,910.8,73.31,16,1172.96,283.28,4,1133.12,115.26,6,691.56,66.05,,,334.77,6,2008.62,225.87,4,903.48,85.59,10,855.9,0.7692,14113,0.84142,987.7,11687,277.09,11964,11060,904,5615
03/19/2025,143,10,1430,215.24,10,2152.4,90.44,10,904.4,97.66,10,976.6,163.89,10,1638.9,69.28,12,831.36,306.92,3,920.76,72.99,16,1167.84,273.29,4,1093.16,117.86,10,1178.6,66.29,,,339.87,6,2039.22,227.36,6,1364.16,86.33,10,863.3,0.7692,15131,0.83861,1430,12838,274.34,13112,11060,2052,5675
03/20/2025,142.85,10,1428.5,214.1,10,2141,90.28,10,902.8,97.74,10,977.4,162.8,10,1628,69.71,12,836.52,307,3,921,71.86,16,1149.76,274.62,4,1098.48,116.25,10,1162.5,66.63,,,339.5,6,2037,226.9,6,1361.4,85.81,10,858.1,0.77113,15074,0.83717,1428.5,12820,274.34,13094,11060,2034,5663
03/21/2025,142.5,10,1425,218.27,10,2182.7,90.3,10,903,96.81,10,968.1,163.99,10,1639.9,68.67,12,824.04,305.44,3,916.32,67.94,18,1222.92,272.86,4,1091.44,116.12,10,1161.2,65.98,,,335.66,6,2013.96,224.91,6,1349.46,85.98,10,859.8,0.77113,15133,0.8419,1425,12869,272.66,13142,11060,2082,5668
03/24/2025,143,10,1430,220.73,10,2207.3,90.9,10,909,98.7,10,987,167.68,10,1676.8,68.95,12,827.4,305.67,3,917.01,67.39,18,1213.02,274,4,1096,119.6,10,1196,65.41,,,343.87,6,2063.22,226.24,6,1357.44,87.49,10,874.9,0.77374,15325,0.83587,1430,13053,272.66,13326,11060,2266,5768
03/25/2025,144.45,10,1444.5,223.75,10,2237.5,89.59,10,895.9,98.35,10,983.5,170.56,10,1705.6,68.81,12,825.72,306.92,3,920.76,66.54,18,1197.72,274.43,4,1097.72,119.88,10,1198.8,65.35,,,344.62,6,2067.72,227.07,6,1362.42,84.76,10,847.6,0.7726,15341,0.83326,1444.5,13056,272.66,13329,11060,2269,5777
03/26/2025,143.9,10,1439,221.53,10,2215.3,92.03,10,920.3,100.07,10,1000.7,165.06,10,1650.6,70.02,12,840.24,313.58,3,940.74,65.74,18,1183.32,272.54,4,1090.16,119.7,10,1197,65.46,,,344.18,6,2065.08,228.93,6,1373.58,85.21,10,852.1,0.77654,15329,0.8341,1439,13104,272.66,13377,11060,2317,5712
03/27/2025,144.9,10,1449,223.85,10,2238.5,93.19,10,931.9,99.76,10,997.6,162.24,10,1622.4,70.74,12,848.88,312.69,3,938.07,65.8,18,1184.4,274.67,4,1098.68,120.57,10,1205.7,66,,,349.86,6,2099.16,229.02,6,1374.12,85.63,10,856.3,0.77208,15396,0.8339,1449,13095,272.66,13368,11060,2308,5693
03/28/2025,145.15,10,1451.5,217.9,10,2179,92.82,10,928.2,97.45,10,974.5,154.33,10,1543.3,70.37,12,844.44,307.09,3,921.27,63.29,18,1139.22,278.86,4,1115.44,118.21,10,1182.1,66.58,,,342.85,6,2057.1,227.92,6,1367.52,85.15,10,851.5,0.77208,15104,0.8408,1451.5,12882,272.66,13154,11060,2094,5581
03/31/2025,143.55,10,1435.5,222.13,10,2221.3,93.7,10,937,97.46,10,974.6,154.64,10,1546.4,71.62,12,859.44,312.37,3,937.11,63.48,18,1142.64,283.01,4,1132.04,121.8,10,1218,66.99,,,350.46,6,2102.76,231.51,6,1389.06,87.79,10,877.9,0.77394,15338,0.83726,1435.5,13073,272.66,13345,11060,2285,5612
04/01/2025,144.55,10,1445.5,223.19,10,2231.9,93.9,10,939,98.62,10,986.2,157.07,10,1570.7,71.87,12,862.44,313.63,3,940.89,64.76,18,1165.68,284.29,4,1137.16,122.72,10,1227.2,67.02,,,346.35,6,2078.1,233.79,6,1402.74,88.83,10,888.3,0.77381,15430,0.83533,1445.5,13148,274.82,13422,11060,2362,5633
04/02/2025,144.45,10,1444.5,223.89,10,2238.9,93.55,10,935.5,100.24,10,1002.4,157.04,10,1570.4,71.33,12,855.96,311.58,3,934.74,64.96,18,1169.28,281.23,4,1124.92,124.93,10,1249.3,67.34,,,346.33,6,2077.98,234.56,6,1407.36,89.76,10,897.6,0.7665,15464,0.8358,1444.5,13061,286.62,13347,11160,2187,5671
04/03/2025,144,10,1440,203.19,10,2031.9,96,10,960,98.21,10,982.1,150.72,10,1507.2,73.18,12,878.16,318.27,3,954.81,55.58,18,1000.44,287,4,1148,125.43,10,1254.3,70.37,,,339.39,6,2036.34,236.83,6,1420.98,87.26,10,872.6,0.76402,15047,0.8437,1440,12711,286.62,12998,11160,1838,5397
04/04/2025,143.45,10,1434.5,188.38,10,1883.8,91.66,10,916.6,96.49,10,964.9,145.6,10,1456,69.93,12,839.16,300.11,3,900.33,57.25,18,1030.5,257.64,4,1030.56,122.16,10,1221.6,67.41,,,313.13,6,1878.78,225.2,6,1351.2,83.19,10,831.9,0.776096,14305,0.8504,1434.5,12322,286.62,12609,11160,1449,5074
04/07/2025,135,10,1350,181.46,10,1814.6,89.19,10,891.9,94.75,10,947.5,146.75,10,1467.5,68.37,12,820.44,299.89,3,899.67,55.61,18,1000.98,255.27,4,1021.08,119.13,10,1191.3,65.14,,,312.32,6,1873.92,220.56,6,1323.36,83.83,10,838.3,0.78524,14091,0.85715,1350,12222,286.62,12508,11160,1348,5062
04/08/2025,139.35,10,1393.5,172.42,10,1724.2,88.6,10,886,92.66,10,926.6,144.7,10,1447,68.42,12,821.04,299.83,3,899.49,53.27,18,958.86,260.38,4,1041.52,120.03,10,1200.3,65.14,,,308.27,6,1849.62,216.47,6,1298.82,81.79,10,817.9,0.7818,13871,0.8585,1393.5,12041,286.62,12328,11160,1168,4983
04/09/2025,139.3,10,1393,198.85,10,1988.5,90.23,10,902.3,98.32,10,983.2,158.71,10,1587.1,69.95,12,839.4,303.96,3,911.88,59.32,18,1067.76,270.11,4,1080.44,126.05,10,1260.5,66.85,,,332.43,6,1994.58,224.42,6,1346.52,89.6,10,896,0.7797,14858,0.85381,1393,12774,288.18,13062,11160,1902,5457
04/10/2025,142.55,10,1425.5,190.42,10,1904.2,91.8,10,918,95.81,10,958.1,152.82,10,1528.2,70.76,12,849.12,306.78,3,920.34,54.4,18,979.2,273.18,4,1092.72,127.47,10,1274.7,67.4,,,324.61,6,1947.66,226.45,6,1358.7,90.61,10,906.1,0.7697,14637,0.86643,1425.5,12501,288.18,12789,11160,1629,5268
04/11/2025,144,10,1440,198.15,10,1981.5,94,10,940,99.76,10,997.6,157.14,10,1571.4,71.43,12,857.16,309.9,3,929.7,54.39,18,979.02,275.64,4,1102.56,128.15,10,1281.5,69.65,,,333.4,6,2000.4,229.38,6,1376.28,92.8,10,928,0.764351,14945,0.8682,1440,12674,288.18,12962,11160,1802,5363
04/14/2025,147.6,10,1476,202.52,10,2025.2,94.98,10,949.8,100.19,10,1001.9,159.07,10,1590.7,72.45,12,869.4,316.07,3,948.21,55.41,18,997.38,278.56,4,1114.24,130.6,10,1306,70.02,,,335.18,6,2011.08,232.3,6,1393.8,94.73,10,947.3,0.75904,15155,0.8607,1476,12774,288.18,13062,11160,1902,5406
04/15/2025,152.3,10,1523,202.14,10,2021.4,94.26,10,942.6,98.46,10,984.6,156.31,10,1563.1,71.86,12,862.32,312.48,3,937.44,54.83,18,986.94,276.11,4,1104.44,128.5,10,1285,69.92,,,335.81,6,2014.86,231.48,6,1388.88,93.97,10,939.7,0.7558,15031,0.85347,1523,12660,288.44,12949,11160,1789,5397
04/16/2025,150.3,10,1503,194.27,10,1942.7,93.49,10,934.9,98.54,10,985.4,153.33,10,1533.3,71.68,12,860.16,309.1,3,927.3,53.55,18,963.9,275.13,4,1100.52,126.31,10,1263.1,70.39,,,331.33,6,1987.98,229.57,6,1377.42,91.19,10,911.9,0.75563,14789,0.8611,1503,12469,288.44,12757,11160,1597,5276
04/17/2025,150.15,10,1501.5,196.98,10,1969.8,95.5,10,955,99.17,10,991.7,151.16,10,1511.6,73,12,876,311.3,3,933.9,55.76,18,1003.68,265.45,4,1061.8,127.62,10,1276.2,71.82,,,329.61,6,1977.66,230.91,6,1385.46,93.22,10,932.2,0.75378,14875,0.85731,1501.5,12500,288.44,12788,11160,1628,5283
04/21/2025,150.15,10,1501.5,193.16,10,1931.6,94.7,10,947,98.6,10,986,147.67,10,1476.7,72.77,12,873.24,308.72,3,926.16,56.12,18,1010.16,257.41,4,1029.64,123.98,10,1239.8,71.63,,,320.1,6,1920.6,227.57,6,1365.42,92.41,10,924.1,0.7474,14630,0.8604,1501.5,12227,288.44,12515,11160,1355,5158
04/22/2025,150.25,10,1502.5,199.74,10,1997.4,95.81,10,958.1,97.59,10,975.9,151.47,10,1514.7,73.9,12,886.8,319.08,3,957.24,57.06,18,1027.08,265.08,4,1060.32,125.71,10,1257.1,73.61,,,331.4,6,1988.4,229.96,6,1379.76,94.85,10,948.5,0.7534,14951,0.85517,1502.5,12549,288.44,12838,11160,1678,5288
04/23/2025,150.05,10,1500.5,204.6,10,2046,93.89,10,938.9,97.77,10,977.7,155.35,10,1553.5,73.3,12,879.6,318.48,3,955.44,57.39,18,1033.02,265.03,4,1060.12,125.5,10,1255,72.25,,,334.37,6,2006.22,228.63,6,1371.78,94.96,10,949.6,0.75389,15027,0.85391,1500.5,12610,288.44,12898,11160,1738,5376
04/24/2025,152.25,10,1522.5,208.37,10,2083.7,92.7,10,927,97.63,10,976.3,159.28,10,1592.8,72.52,12,870.24,316.22,3,948.66,58.48,18,1052.64,265.19,4,1060.76,126.5,10,1265,71.65,,,335.71,6,2014.26,227.47,6,1364.82,95.84,10,958.4,0.7504,15115,0.85325,1522.5,12641,288.44,12929,11160,1769,5485
04/25/2025,152.8,10,1528,209.28,10,2092.8,93.91,10,939.1,97.1,10,971,161.96,10,1619.6,71.91,12,862.92,316.74,3,950.22,57.62,18,1037.16,265.01,4,1060.04,126.56,10,1265.6,70.45,,,335.17,6,2011.02,228.31,6,1369.86,95.09,10,950.9,0.751033,15130,0.8573,1528,12673,288.44,12962,11160,1802,5525
04/28/2025,151.95,10,1519.5,210.14,10,2101.4,90.96,10,909.6,96.52,10,965.2,160.61,10,1606.1,71.79,12,861.48,316.81,3,950.43,57.31,18,1031.58,269.58,4,1078.32,127.13,10,1271.3,71.08,,,337.51,6,2025.06,229.08,6,1374.48,95.22,10,952.2,0.74426,15127,0.84906,1519.5,12549,288.44,12837,11160,1677,5529
04/29/2025,153.6,10,1536,211.21,10,2112.1,92.33,10,923.3,96.43,10,964.3,160.16,10,1601.6,72.35,12,868.2,314.5,3,943.5,57.54,18,1035.72,276.31,4,1105.24,128.03,10,1280.3,71.03,,,341.52,6,2049.12,228.8,6,1372.8,96.04,10,960.4,0.745668,15217,0.84921,1536,12651,288.44,12939,11160,1779,5561
04/30/2025,155.45,10,1554.5,212.5,10,2125,92.19,10,921.9,96.82,10,968.2,158.8,10,1588,72.55,12,870.6,319.65,3,958.95,56.4,18,1015.2,281.74,4,1126.96,128.68,10,1286.8,71.49,,,345.5,6,2073,233.36,6,1400.16,97.25,10,972.5,0.75053,15307,0.84989,1554.5,12810,288.44,13098,11160,1938,5569
05/01/2025,155.45,10,1554.5,213.32,10,2133.2,90.69,10,906.9,95.62,10,956.2,161.3,10,1613,71.29,12,855.48,313.64,3,940.92,56.76,18,1021.68,277.66,4,1110.64,127.63,10,1276.3,70.86,,,342.45,6,2054.7,233.4,6,1400.4,97.41,10,974.1,0.75265,15244,0.85019,1554.5,12795,288.44,13083,11160,1923,5604
05/02/2025,156.2,10,1562,205.35,10,2053.5,90.48,10,904.8,101.34,10,1013.4,164.03,10,1640.3,71.65,12,859.8,311.96,3,935.88,58.59,18,1054.62,282.81,4,1131.24,129.21,10,1292.1,71.44,,,347.6,6,2085.6,233.94,6,1403.64,98.75,10,987.5,0.753296,15362,0.85019,1562,12900,288.44,13189,11260,1929,5687
05/05/2025,156.9,10,1569,198.89,10,1988.9,90.74,10,907.4,98.69,10,986.9,164.21,10,1642.1,71.7,12,860.4,315.72,3,947.16,57.35,18,1032.3,282.16,4,1128.64,128.94,10,1289.4,71.4,,,348.64,6,2091.84,234.79,6,1408.74,99.33,10,993.3,0.7523,15277,0.85105,1569,12828,288.44,13117,11260,1857,5650
05/06/2025,156.25,10,1562.5,198.51,10,1985.1,91,10,910,98.43,10,984.3,163.23,10,1632.3,71.72,12,860.64,316.79,3,950.37,57.04,18,1026.72,283.66,4,1134.64,128.46,10,1284.6,71.89,,,347.7,6,2086.2,234.07,6,1404.42,98.55,10,985.5,0.74873,15245,0.84919,1562.5,12741,288.44,13030,11260,1770,5607
05/07/2025,157.95,10,1579.5,196.25,10,1962.5,90.88,10,908.8,99.77,10,997.7,151.38,10,1513.8,72.4,12,868.8,318.13,3,954.39,58.62,18,1055.16,286.38,4,1145.52,128.65,10,1286.5,72.12,,,349.85,6,2099.1,235.51,6,1413.06,98.83,10,988.3,0.75221,15194,0.85047,1579.5,12772,288.44,13061,11260,1801,5631
05/08/2025,158.9,10,1589,197.49,10,1974.9,90.83,10,908.3,101.33,10,1013.3,154.28,10,1542.8,71.17,12,854.04,313.49,3,940.47,58.91,18,1060.38,283.92,4,1135.68,128.09,10,1280.9,70.4,,,351.27,6,2107.62,233.13,6,1398.78,97.43,10,974.3,0.75555,15191,0.84799,1589,12825,288.44,13114,11260,1854,5664
05/09/2025,156.3,10,1563,198.53,10,1985.3,89.81,10,898.1,100.36,10,1003.6,152.75,10,1527.5,70.52,12,846.24,313.68,3,941.04,58.3,18,1049.4,284.51,4,1138.04,128.1,10,1281,70.31,,,352.54,6,2115.24,232.75,6,1396.5,96.72,10,967.2,0.751654,15149,0.8458,1563,12709,288.44,12997,11260,1737,5660
05/12/2025,155.25,10,1552.5,210.79,10,2107.9,89.14,10,891.4,104.7,10,1047,158.46,10,1584.6,69.53,12,834.36,311.92,3,935.76,62.58,18,1126.44,280.25,4,1121,131.49,10,1314.9,69.12,,,355.85,6,2135.1,225.57,6,1353.42,96.75,10,967.5,0.75885,15419,0.84194,1552.5,13008,288.44,13297,11260,2037,5844
05/13/2025,157.05,10,1570.5,212.93,10,2129.3,87.88,10,878.8,105.2,10,1052,159.53,10,1595.3,68.96,12,827.52,308.69,3,926.07,62.39,18,1123.02,282.59,4,1130.36,130.82,10,1308.2,68.37,,,356.14,6,2136.84,222.38,6,1334.28,95.88,10,958.8,0.75163,15400,0.8407,1570.5,12896,288.44,13184,11260,1924,5887
05/14/2025,156.85,10,1568.5,212.33,10,2123.3,87.57,10,875.7,106.4,10,1064,165.37,10,1653.7,69.16,12,829.92,307.5,3,922.5,61.73,18,1111.14,278.17,4,1112.68,131.25,10,1312.5,68.18,,,356.46,6,2138.76,222.47,6,1334.82,96.83,10,968.3,0.75395,15447,0.84301,1568.5,12969,288.44,13257,11260,1997,5893
05/15/2025,159.1,10,1591,211.45,10,2114.5,89.63,10,896.3,108.13,10,1081.3,163.96,10,1639.6,71.61,12,859.32,314.48,3,943.44,62.4,18,1123.2,281.15,4,1124.6,133.04,10,1330.4,69.57,,,362.3,6,2173.8,228.02,6,1368.12,96.35,10,963.5,0.75149,15618,0.84117,1591,13075,288.44,13364,11260,2104,5917
05/16/2025,160.45,10,1604.5,211.26,10,2112.6,91.23,10,912.3,108.07,10,1080.7,166.19,10,1661.9,72,12,864,318.61,3,955.83,63.11,18,1135.98,286.03,4,1144.12,133.34,10,1333.4,69.47,,,365.12,6,2190.72,229.87,6,1379.22,98.24,10,982.4,0.752785,15753,0.8404,1604.5,13207,293.42,13501,11260,2241,5958
05/19/2025,159.65,10,1596.5,208.78,10,2087.8,91.74,10,917.4,107.54,10,1075.4,166.54,10,1665.4,71.93,12,863.16,321.23,3,963.69,62.08,18,1117.44,288.24,4,1152.96,135.03,10,1350.3,70.26,,,367.9,6,2207.4,231.95,6,1391.7,98.12,10,981.2,0.7485,15774,0.84073,1596.5,13149,293.42,13442,11260,2182,5964
05/20/2025,160.5,10,1605,206.86,10,2068.6,91.99,10,919.9,107.45,10,1074.5,163.98,10,1639.8,71.69,12,860.28,319.8,3,959.4,62.56,18,1126.08,285.63,4,1142.52,134.93,10,1349.3,71.2,,,366.84,6,2201.04,233.89,6,1403.34,97.8,10,978,0.74639,15723,0.84253,1605,13088,293.42,13381,11260,2121,5940
05/21/2025,160.9,10,1609,202.09,10,2020.9,91.67,10,916.7,106.1,10,1061,168.56,10,1685.6,71.85,12,862.2,316.44,3,949.32,59.98,18,1079.64,281,4,1124,131.03,10,1310.3,71.39,,,358.3,6,2149.8,234.11,6,1404.66,96.43,10,964.3,0.74521,15528,0.84436,1609,12931,293.42,13224,11260,1964,5845
05/22/2025,160.15,10,1601.5,202.09,10,2020.9,91.67,10,916.7,106.1,10,1061,170.87,10,1708.7,71.85,12,862.2,314.31,3,942.93,61.32,18,1103.76,281,4,1124,131.03,10,1310.3,71.39,,,357.97,6,2147.82,233.32,6,1399.92,96.43,10,964.3,0.7452,15563,0.84064,1601.5,12943,293.42,13237,11260,1977,5842
05/23/2025,161.25,10,1612.5,195.27,10,1952.7,92.59,10,925.9,104.98,10,1049.8,168.47,10,1684.7,71.77,12,861.24,314.57,3,943.71,60.02,18,1080.36,277.3,4,1109.2,125.7,10,1257,71.75,,,353.54,6,2121.24,236.81,6,1420.86,96.34,10,963.4,0.73828,15370,0.8394,1612.5,12701,293.42,12994,11260,1734,5803
05/27/2025,160.3,10,1603,200.21,10,2002.1,92.43,10,924.3,105.22,10,1052.2,172.9,10,1729,71.78,12,861.36,314.95,3,944.85,62.83,18,1130.94,278.75,4,1115,127.96,10,1279.6,71.71,,,359.3,6,2155.8,238.03,6,1428.18,97.58,10,975.8,0.74001,15599,0.83889,1603,12888,293.42,13182,11260,1922,5922
05/28/2025,158.4,10,1584,200.42,10,2004.2,91.76,10,917.6,104.87,10,1048.7,172.36,10,1723.6,71.15,12,853.8,312.84,3,938.52,61.78,18,1112.04,277.03,4,1108.12,126.22,10,1262.2,71.21,,,359.73,6,2158.38,237.15,6,1422.9,97.24,10,972.4,0.74452,15522,0.83632,1584,12882,293.42,13175,11260,1915,5889
05/29/2025,156,10,1560,199.95,10,1999.5,92.3,10,923,104.98,10,1049.8,171.86,10,1718.6,71.49,12,857.88,311.86,3,935.58,61.44,18,1105.92,277.3,4,1109.2,127.07,10,1270.7,71.52,,,362.4,6,2174.4,237.76,6,1426.56,97.1,10,971,0.740796,15542,0.84271,1560,12828,294.90,13123,11260,1863,5912
05/30/2025,156.3,10,1563,200.85,10,2008.5,92.94,10,929.4,104.94,10,1049.4,171.74,10,1717.4,72.1,12,865.2,313.85,3,941.55,60.59,18,1090.62,284.93,4,1139.72,126.9,10,1269,71.82,,,365.19,6,2191.14,240.97,6,1445.82,98.72,10,987.2,0.742777,15635,0.8429,1563,12931,294.90,13226,11260,1966,5912
06/02/2025,155.95,10,1559.5,201.7,10,2017,91.93,10,919.3,104.89,10,1048.9,169.03,10,1690.3,72,12,864,312.68,3,938.04,61.57,18,1108.26,288.74,4,1154.96,128.43,10,1284.3,71.34,,,365.32,6,2191.92,242.1,6,1452.6,99.77,10,997.7,0.73764,15667,0.84477,1559.5,12874,294.90,13169,11360,1809,5936
06/03/2025,154.55,10,1545.5,203.27,10,2032.7,90.62,10,906.2,105.85,10,1058.5,166.18,10,1661.8,71.16,12,853.92,312.39,3,937.17,62.37,18,1122.66,287.25,4,1149,128.12,10,1281.2,70.55,,,365.86,6,2195.16,240.19,6,1441.14,99.98,10,999.8,0.73902,15639,0.84128,1545.5,12858,294.90,13153,11360,1793,5970
06/04/2025,156.2,10,1562,202.82,10,2028.2,90.2,10,902,106.09,10,1060.9,168.05,10,1680.5,71.37,12,856.44,311.57,3,934.71,62.77,18,1129.86,282.17,4,1128.68,128.07,10,1280.7,70.97,,,368,6,2208,238.89,6,1433.34,99.35,10,993.5,0.73789,15637,0.84278,1562,12855,294.90,13150,11360,1790,5971
06/05/2025,156.05,10,1560.5,200.63,10,2006.3,90.15,10,901.5,105.57,10,1055.7,168.21,10,1682.1,70.91,12,850.92,308.98,3,926.94,62.67,18,1128.06,280.2,4,1120.8,127.37,10,1273.7,70.95,,,366.77,6,2200.62,238.64,6,1431.84,97.96,10,979.6,0.7364,15558,0.84328,1560.5,12773,294.90,13068,11360,1708,5939
06/06/2025,155.45,10,1554.5,203.92,10,2039.2,90.24,10,902.4,104.92,10,1049.2,173.68,10,1736.8,71.35,12,856.2,307.36,3,922.08,62.8,18,1130.4,279.32,4,1117.28,128.45,10,1284.5,70.9,,,370.22,6,2221.32,236.33,6,1417.98,97.47,10,974.7,0.738989,15652,0.843,1554.5,12877,299.78,13177,11360,1817,6000
06/09/2025,154.2,10,1542,201.45,10,2014.5,90.87,10,908.7,104.6,10,1046,176.09,10,1760.9,71.77,12,861.24,304.78,3,914.34,61.91,18,1114.38,271.31,4,1085.24,126.35,10,1263.5,70.59,,,366.66,6,2199.96,233.99,6,1403.94,97.45,10,974.5,0.73764,15547,0.8429,1542,12768,299.78,13068,11360,1708,6006
06/10/2025,154.15,10,1541.5,202.67,10,2026.7,91.94,10,919.4,105.67,10,1056.7,178.6,10,1786,72.35,12,868.2,300.43,3,901.29,63.87,18,1149.66,265.49,4,1061.96,126.04,10,1260.4,71.02,,,370.7,6,2224.2,233.99,6,1403.94,97.32,10,973.2,0.74029,15632,0.84666,1541.5,12877,299.78,13177,12560,617,6039
06/11/2025,152.05,10,1520.5,198.78,10,1987.8,92.11,10,921.1,104.44,10,1044.4,177.35,10,1773.5,72.07,12,864.84,301.72,3,905.16,63.11,18,1135.98,263.22,4,1052.88,124.53,10,1245.3,70.81,,,373.31,6,2239.86,234.29,6,1405.74,95.8,10,958,0.73706,15535,0.84816,1520.5,12740,299.78,13039,12560,479,6022
06/12/2025,150.2,10,1502,199.2,10,1992,93.14,10,931.4,105.25,10,1052.5,175.7,10,1757,72.24,12,866.88,303.16,3,909.48,62.8,18,1130.4,268.42,4,1073.68,124.46,10,1244.6,71.61,,,371.4,6,2228.4,237.15,6,1422.9,94.83,10,948.3,0.7338,15558,0.85124,1502,12695,299.78,12994,12560,434,6045
06/13/2025,146.45,10,1464.5,196.45,10,1964.5,90.26,10,902.6,103.77,10,1037.7,174.67,10,1746.7,71.02,12,852.24,301.91,3,905.73,60.53,18,1089.54,267.85,4,1071.4,123.91,10,1239.1,70.5,,,352.85,6,2117.1,236.5,6,1419,94.44,10,944.4,0.737626,15290,0.8514,1464.5,12525,310.61,12836,12560,276,5977
06/16/2025,145.9,10,1459,198.42,10,1984.2,90.11,10,901.1,104.78,10,1047.8,176.77,10,1767.7,70.52,12,846.24,296.29,3,888.87,61.9,18,1114.2,266.43,4,1065.72,124.27,10,1242.7,70.63,,,355.48,6,2132.88,234.66,6,1407.96,94.29,10,942.9,0.73716,15342,0.85145,1459,12552,310.61,12863,12560,303,6033
06/17/2025,143.35,10,1433.5,195.64,10,1956.4,88.63,10,886.3,102.06,10,1020.6,175.95,10,1759.5,69.62,12,835.44,292.31,3,876.93,60,18,1080,265.77,4,1063.08,123.01,10,1230.1,69.99,,,357.84,6,2147.04,234.3,6,1405.8,94.25,10,942.5,0.7446,15204,0.85488,1433.5,12546,310.61,12857,12560,297,5983
06/18/2025,142.95,10,1429.5,196.58,10,1965.8,88.19,10,881.9,101.85,10,1018.5,173.32,10,1733.2,69.21,12,830.52,289.63,3,868.89,59.51,18,1071.18,260.33,4,1041.32,122.54,10,1225.4,69.86,,,340.38,6,2042.28,233.22,6,1399.32,95.09,10,950.9,0.74535,15029,0.85542,1429.5,12425,315.28,12740,12560,180,5981
06/20/2025,141.65,10,1416.5,201,10,2010,87.78,10,877.8,101.84,10,1018.4,166.64,10,1666.4,68.84,12,826.08,287.46,3,862.38,59.79,18,1076.22,262.01,4,1048.04,123.5,10,1235,68.93,,,338.57,6,2031.42,231.94,6,1391.64,96.12,10,961.2,0.743108,15005,0.8563,1416.5,12363,315.28,12678,12560,118,5968
06/23/2025,142.85,10,1428.5,201.5,10,2015,88.67,10,886.7,102.28,10,1022.8,165.19,10,1651.9,69.74,12,836.88,289.52,3,868.56,60.78,18,1094.04,266.38,4,1065.52,124.76,10,1247.6,70.14,,,343.75,6,2062.5,234.71,6,1408.26,97.87,10,978.7,0.73826,15138,0.85619,1428.5,12399,318.40,12718,12560,158,6025
06/24/2025,141.6,10,1416,200.3,10,2003,88.18,10,881.8,102.12,10,1021.2,166.77,10,1667.7,70.21,12,842.52,291.47,3,874.41,61.42,18,1105.56,266.01,4,1064.04,124.6,10,1246,70.13,,,351.63,6,2109.78,234.14,6,1404.84,98,10,980,0.73449,15201,0.85286,1416,12373,318.40,12691,12560,131,6092
06/25/2025,140.25,10,1402.5,201.56,10,2015.6,87.8,10,878,101.38,10,1013.8,170.68,10,1706.8,69.63,12,835.56,285.55,3,856.65,60.83,18,1094.94,259.67,4,1038.68,122.48,10,1224.8,68.95,,,345.26,6,2071.56,228.58,6,1371.48,97.26,10,972.6,0.73036,15080,0.8533,1402.5,12211,318.40,12529,12560,-31,6092
06/26/2025,141.35,10,1413.5,201,10,2010,87.79,10,877.9,103.89,10,1038.9,173.54,10,1735.4,69.47,12,833.64,285.63,3,856.89,62.54,18,1125.72,261.62,4,1046.48,122.14,10,1221.4,68.27,,,346.03,6,2076.18,226.72,6,1360.32,96.02,10,960.2,0.72861,15143,0.8518,1413.5,12237,318.40,12556,12560,-4,6141
06/27/2025,145.1,10,1451,201.08,10,2010.8,88.71,10,887.1,103.35,10,1033.5,178.53,10,1785.3,70.33,12,843.96,291.55,3,874.65,72.04,18,1296.72,263.99,4,1055.96,123.38,10,1233.8,68.54,,,348.61,6,2091.66,228.26,6,1369.56,97.27,10,972.7,0.728704,15456,0.8542,1451,12502,318.40,12820,12560,260,6173
06/30/2025,141.95,10,1419.5,205.17,10,2051.7,90.9,10,909,104.04,10,1040.4,176.23,10,1762.3,70.75,12,849,292.17,5,1460.85,71.04,18,1278.72,266.86,6,1601.16,123.49,10,1234.9,68.82,,,355.05,6,2130.3,228.82,10,2288.2,97.78,10,977.8,0.7283,17584,0.85836,1419.5,14025,313.24,14338,12560,1778,6205
07/01/2025,138.25,10,1382.5,207.82,10,2078.2,92.04,10,920.4,104.98,10,1049.8,175.84,10,1758.4,71.67,12,860.04,297.49,5,1487.45,73.41,18,1321.38,264.3,6,1585.8,125.16,10,1251.6,69.17,,,355.47,6,2132.82,228.8,10,2288,98.24,10,982.4,0.72742,17716,0.85878,1382.5,14074,313.24,14388,12660,1728,6198
07/02/2025,137.8,10,1378,212.44,10,2124.4,92.4,10,924,106.6,10,1066,178.64,10,1786.4,70.91,12,850.92,294.63,5,1473.15,76.39,18,1375.02,257.8,6,1546.8,125.31,10,1253.1,69.06,,,354.22,6,2125.32,223.39,10,2233.9,97.61,10,976.1,0.7326,17735,0.86443,1378,14184,316.78,14501,12660,1841,6227
07/03/2025,138.7,10,1387,213.55,10,2135.5,92.78,10,927.8,106.46,10,1064.6,179.53,10,1795.3,71.35,12,856.2,294.08,5,1470.4,76.39,18,1375.02,261.66,6,1569.96,125.86,10,1258.6,69.04,,,358.86,6,2153.16,227.1,10,2271,98.36,10,983.6,0.73162,17861,0.86118,1387,14262,325.06,14587,12660,1927,6279
07/07/2025,139.5,10,1395,209.95,10,2099.5,93.33,10,933.3,102.88,10,1028.8,176.79,10,1767.9,71.01,12,852.12,293.53,5,1467.65,76.53,18,1377.54,253.54,6,1521.24,125.17,10,1251.7,69.09,,,356.64,6,2139.84,226.92,10,2269.2,99.35,10,993.5,0.73402,17702,0.86143,1395,14196,325.06,14521,12660,1861,6230
07/08/2025,139.25,10,1392.5,210.01,10,2100.1,92.14,10,921.4,104.95,10,1049.5,174.36,10,1743.6,70.24,12,842.88,291.67,5,1458.35,73.92,18,1330.56,251.64,6,1509.84,125.26,10,1252.6,68.52,,,354.55,6,2127.3,224.87,10,2248.7,97.09,10,970.9,0.73609,17556,0.8629,1392.5,14124,325.06,14449,12660,1789,6226
07/09/2025,138.85,10,1388.5,211.14,10,2111.4,91.58,10,915.8,104.75,10,1047.5,176.62,10,1766.2,69.48,12,833.76,293.02,5,1465.1,73.56,18,1324.08,250.41,6,1502.46,125.45,10,1254.5,68.4,,,357.76,6,2146.56,225.75,10,2257.5,96.81,10,968.1,0.73567,17593,0.86299,1388.5,14141,325.06,14466,12660,1806,6263
07/10/2025,139.1,10,1391,212.41,10,2124.1,90.62,10,906.2,106.03,10,1060.3,177.62,10,1776.2,69.77,12,837.24,298.39,5,1491.95,74.62,18,1343.16,249.38,6,1496.28,124.16,10,1241.6,69.15,,,355.88,6,2135.28,225.65,10,2256.5,94.86,10,948.6,0.7364,17617,0.86165,1391,14172,325.06,14497,12660,1837,6280
07/11/2025,138.85,10,1388.5,211.16,10,2111.6,89.58,10,895.8,105.2,10,1052,180.19,10,1801.9,69.87,12,838.44,299.91,5,1499.55,72.63,18,1307.34,244.98,6,1469.88,123.71,10,1237.1,68.39,,,347.93,6,2087.58,226.01,10,2260.1,94.4,10,944,0.740796,17505,0.8664,1388.5,14171,325.06,14496,12660,1836,6260
07/14/2025,139.5,10,1395,208.62,10,2086.2,88.85,10,888.5,103.93,10,1039.3,181.56,10,1815.6,69.47,12,833.64,301.88,5,1509.4,72.25,18,1300.5,247.37,6,1484.22,123.56,10,1235.6,68.59,,,350.5,6,2103,229.3,10,2293,95.78,10,957.8,0.74471,17547,0.86876,1395,14279,325.06,14604,12660,1944,6269
07/15/2025,139.3,10,1393,209.11,10,2091.1,88.15,10,881.5,103.04,10,1030.4,182,10,1820,69.36,12,832.32,299.62,5,1498.1,71.99,18,1295.82,242.2,6,1453.2,121.74,10,1217.4,67.79,,,347.02,6,2082.12,225.84,10,2258.4,95.39,10,953.9,0.74664,17414,0.86661,1393,14209,325.44,14535,12660,1875,6244
07/16/2025,139.05,10,1390.5,210.16,10,2101.6,87.66,10,876.6,102.88,10,1028.8,182.97,10,1829.7,69.27,12,831.24,298.9,5,1494.5,72.1,18,1297.8,246.46,6,1478.76,121.35,10,1213.5,67.86,,,349.9,6,2099.4,225.86,10,2258.6,95.15,10,951.5,0.745651,17462,0.8676,1390.5,14227,325.44,14552,12660,1892,6264
07/17/2025,141.1,10,1411,210.02,10,2100.2,87.24,10,872.4,101.83,10,1018.3,183.58,10,1835.8,70.59,12,847.08,300.37,5,1501.85,72.98,18,1313.64,247.27,6,1483.62,122.17,10,1221.7,67.26,,,349.81,6,2098.86,225.7,10,2257,95.09,10,950.9,0.74446,17501,0.8647,1411,14249,325.44,14575,12660,1915,6297
07/18/2025,140.45,10,1404.5,211.18,10,2111.8,86.84,10,868.4,99.5,10,995,185.06,10,1850.6,69.85,12,838.2,297.07,5,1485.35,72.47,18,1304.46,246.41,6,1478.46,122.17,10,1221.7,67.16,,,349.05,6,2094.3,227.32,10,2273.2,95.05,10,950.5,0.74549,17472,0.8669,1404.5,14243,325.44,14568,12660,1908,6297
07/21/2025,138.8,10,1388,212.48,10,2124.8,86.64,10,866.4,99.55,10,995.5,190.1,10,1901,70.07,12,840.84,295.74,5,1478.7,74.02,18,1332.36,245.13,6,1470.78,124.94,10,1249.4,67.12,,,350.94,6,2105.64,225.3,10,2253,95.67,10,956.7,0.74132,17575,0.86691,1388,14232,325.44,14557,12660,1897,6306
07/22/2025,137.55,10,1375.5,214.4,10,2144,88.7,10,887,100.37,10,1003.7,191.34,10,1913.4,69.66,12,835.92,299.17,5,1495.85,75.39,18,1357.02,247.37,6,1484.22,125.6,10,1256,67.88,,,351.86,6,2111.16,227.09,10,2270.9,95.85,10,958.5,0.73956,17718,0.86814,1375.5,14297,325.44,14623,12660,1963,6310
07/23/2025,137.85,10,1378.5,214.15,10,2141.5,88.79,10,887.9,96.27,10,962.7,190.23,10,1902.3,69.16,12,829.92,298.12,5,1490.6,76.75,18,1381.5,247.53,6,1485.18,126.36,10,1263.6,68.49,,,355.29,6,2131.74,228.12,10,2281.2,95.68,10,956.8,0.7364,17715,0.86699,1378.5,14240,325.44,14566,12660,1906,6359
07/24/2025,137,10,1370,213.76,10,2137.6,88.45,10,884.5,95.42,10,954.2,192.17,10,1921.7,69.1,12,829.2,294.48,5,1472.4,75.42,18,1357.56,247.38,6,1484.28,126.26,10,1262.6,68.67,,,353.97,6,2123.82,230.61,10,2306.1,96.6,10,966,0.74019,17700,0.8702,1370,14294,325.44,14619,12660,1959,6363
07/25/2025,134.2,10,1342,213.88,10,2138.8,87.93,10,879.3,95.87,10,958.7,193.18,10,1931.8,69.17,12,830.04,298.47,5,1492.35,76.27,18,1372.86,250.1,6,1500.6,126.44,10,1264.4,67.98,,,357.04,6,2142.24,229.67,10,2296.7,97.47,10,974.7,0.744325,17782,0.8743,1342,14409,325.44,14735,12660,2075,6389
07/28/2025,134.85,10,1348.5,214.05,10,2140.5,86.47,10,864.7,95.01,10,950.1,192.58,10,1925.8,68.09,12,817.08,299.22,5,1496.1,79.24,18,1426.32,240.97,6,1445.82,125.39,10,1253.9,66.61,,,355.47,6,2132.82,227.9,10,2279,97.61,10,976.1,0.74849,17708,0.86795,1348.5,14425,325.44,14750,12660,2090,6390
07/29/2025,135.65,10,1356.5,211.27,10,2112.7,86.86,10,868.6,95.2,10,952,195.75,10,1957.5,69.38,12,832.56,302.67,5,1513.35,78.33,18,1409.94,241.49,6,1448.94,126.37,10,1263.7,66.75,,,351.29,6,2107.74,235.56,10,2355.6,98.33,10,983.3,0.74886,17806,0.86493,1356.5,14507,325.44,14833,12660,2173,6371
07/30/2025,137.5,10,1375,209.05,10,2090.5,85.8,10,858,94.23,10,942.3,196.53,10,1965.3,68.75,12,825,303.61,5,1518.05,76.68,18,1380.24,241.71,6,1450.26,125.81,10,1258.1,66.39,,,350.91,6,2105.46,232.51,10,2325.1,97.59,10,975.9,0.75428,17694,0.86202,1375,14532,325.44,14857,12660,2197,6363
07/31/2025,136.7,10,1367,207.57,10,2075.7,83.85,10,838.5,93.45,10,934.5,191.9,10,1919,67.89,12,814.68,300.07,5,1500.35,74.69,18,1344.42,242.04,6,1452.24,124.53,10,1245.3,65.73,,,345.47,6,2072.82,229.16,10,2291.6,97.98,10,979.8,0.75701,17469,0.86474,1367,14406,325.44,14732,12660,2072,6339
08/01/2025,133.1,10,1331,202.38,10,2023.8,83.51,10,835.1,92.86,10,928.6,189.13,10,1891.3,68.86,12,826.32,302.89,5,1514.45,74.62,18,1343.16,241.09,6,1446.54,126,10,1260,68.03,,,339.35,6,2036.1,228.88,10,2288.8,98.49,10,984.9,0.752842,17379,0.8726,1331,14245,325.44,14571,12760,1811,6238
08/04/2025,133.75,10,1337.5,203.35,10,2033.5,83.36,10,833.6,93.72,10,937.2,195.04,10,1950.4,68.96,12,827.52,304.23,5,1521.15,74.82,18,1346.76,241.58,6,1449.48,129.22,10,1292.2,67.69,,,342.15,6,2052.9,230.54,10,2305.4,99.59,10,995.9,0.75202,17546,0.87109,1337.5,14360,325.44,14685,12760,1925,6330
08/05/2025,131.4,10,1314,202.92,10,2029.2,83.06,10,830.6,94.17,10,941.7,194.67,10,1946.7,69.05,12,828.6,298.77,5,1493.85,74.38,18,1338.84,242.94,6,1457.64,128.77,10,1287.7,67.65,,,337.43,6,2024.58,229.78,10,2297.8,99.31,10,993.1,0.75191,17470,0.87059,1314,14280,325.44,14605,12760,1845,6299
08/06/2025,123.6,10,1236,213.25,10,2132.5,84.61,10,846.1,94.14,10,941.4,196.09,10,1960.9,69.51,12,834.12,307.66,5,1538.3,75.48,18,1358.64,247.52,6,1485.12,132.1,10,1321,68.41,,,339.74,6,2038.44,231.6,10,2316,103.36,10,1033.6,0.74862,17806,0.87304,1236,14409,325.44,14735,12760,1975,6345
08/07/2025,124.2,10,1242,220.03,10,2200.3,84.71,10,847.1,92.49,10,924.9,196.52,10,1965.2,70.43,12,845.16,307.91,5,1539.55,74.35,18,1338.3,245.31,6,1471.86,131.98,10,1319.8,68.99,,,332.09,6,1992.54,233.22,10,2332.2,103.12,10,1031.2,0.74341,17808,0.86796,1242,14317,325.44,14642,12760,1882,6340
08/08/2025,118.8,10,1188,229.35,10,2293.5,84.69,10,846.9,92.57,10,925.7,201.42,10,2014.2,70.34,12,844.08,305.45,5,1527.25,74.19,18,1335.42,246.51,6,1479.06,131.37,10,1313.7,68.69,,,336.78,6,2020.68,235.09,10,2350.9,103.73,10,1037.3,0.743494,17989,0.866,1188,14403,325.44,14729,12760,1969,6389
08/11/2025,116.6,10,1166,227.18,10,2271.8,84.45,10,844.5,93.24,10,932.4,201,10,2010,70.75,12,849,304.36,5,1521.8,74.02,18,1332.36,244.88,6,1469.28,132.4,10,1324,68.51,,,335.9,6,2015.4,237.1,10,2371,103.93,10,1039.3,0.74431,17981,0.8646,1166,14391,325.44,14717,12760,1957,6373
08/12/2025,115.75,10,1157.5,229.65,10,2296.5,84.97,10,849.7,93.79,10,937.9,203.34,10,2033.4,70.71,12,848.52,301.64,5,1508.2,74.9,18,1348.2,243.04,6,1458.24,133.39,10,1333.9,68.72,,,336.74,6,2020.44,232.98,10,2329.8,103.62,10,1036.2,0.74051,18001,0.86468,1157.5,14331,325.44,14656,12760,1896,6446
08/13/2025,112,10,1120,233.33,10,2333.3,86.34,10,863.4,93.89,10,938.9,201.96,10,2019.6,70.46,12,845.52,305.07,5,1525.35,77.2,18,1389.6,249.19,6,1495.14,134.1,10,1341,70.25,,,342.55,6,2055.3,229.9,10,2299,100.99,10,1009.9,0.73609,18116,0.86214,1120,14301,325.44,14626,12760,1866,6467
08/14/2025,113.7,10,1137,232.78,10,2327.8,84.65,10,846.5,92.76,10,927.6,202.94,10,2029.4,69.55,12,834.6,308.95,5,1544.75,76.39,18,1375.02,250.95,6,1505.7,132.95,10,1329.5,69.39,,,345.49,6,2072.94,226.15,10,2261.5,100.85,10,1008.5,0.73906,18064,0.86103,1137,14329,325.44,14655,12760,1895,6469
08/15/2025,113.45,10,1134.5,231.59,10,2315.9,85.07,10,850.7,93.34,10,933.4,203.9,10,2039,69.92,12,839.04,308.93,5,1544.65,76.97,18,1385.46,247.15,6,1482.9,132.62,10,1326.2,68.63,,,344.47,6,2066.82,226.81,10,2268.1,100,10,1000,0.737409,18052,0.8634,1134.5,14291,327.07,14618,12760,1858,6450
08/18/2025,112.95,10,1129.5,230.89,10,2308.9,84.26,10,842.6,93.21,10,932.1,203.5,10,2035,69.13,12,829.56,308.7,5,1543.5,77.43,18,1393.74,247.09,6,1482.54,133.06,10,1330.6,68.95,,,342.74,6,2056.44,224.2,10,2242,100.7,10,1007,0.74029,18004,0.86375,1129.5,14304,327.07,14631,12760,1871,6449
08/19/2025,112.35,10,1123.5,230.56,10,2305.6,85.85,10,858.5,94.35,10,943.5,201.57,10,2015.7,70.13,12,841.56,310.93,5,1554.65,76.88,18,1383.84,250.64,6,1503.84,134.62,10,1346.2,69.72,,,342.45,6,2054.7,228.49,10,2284.9,101.29,10,1012.9,0.741466,18106,0.86324,1123.5,14395,330.33,14725,12760,1965,6411
08/20/2025,118.1,10,1181,226.01,10,2260.1,86.05,10,860.5,93.81,10,938.1,199.32,10,1993.2,70.7,12,848.4,313.08,5,1565.4,76.26,18,1372.68,252.68,6,1516.08,138.27,10,1382.7,71.51,,,343.93,6,2063.58,230.03,10,2300.3,102.57,10,1025.7,0.74259,18127,0.86528,1181,14483,330.33,14813,12760,2053,6396
08/21/2025,114.75,10,1147.5,224.9,10,2249,86.28,10,862.8,94.03,10,940.3,199.75,10,1997.5,70.66,12,847.92,313.22,5,1566.1,76.18,18,1371.24,248.95,6,1493.7,137.51,10,1375.1,71.18,,,343.69,6,2062.14,229.61,10,2296.1,97.96,10,979.6,0.74519,18042,0.8654,1147.5,14437,330.33,14768,12760,2008,6370
08/22/2025,115.3,13,1498.9,227.76,10,2277.6,85.94,10,859.4,95.94,14,1343.16,206.09,10,2060.9,70.13,12,841.56,314.07,5,1570.35,78.38,18,1410.84,249.21,6,1495.26,136.54,10,1365.4,70.94,,,350.04,6,2100.24,227.02,10,2270.2,96.83,10,968.3,0.739426,18563,0.8669,1498.9,15026,324.35,15350,13070,2280,6467
08/28/2025,109.3,13,1420.9,232.56,10,2325.6,83.42,10,834.2,96.1,14,1345.4,211.64,10,2116.4,68.36,12,820.32,312.22,5,1561.1,77.92,18,1402.56,246.11,6,1476.66,137.12,10,1371.2,70.17,,,349.86,6,2099.16,224.58,10,2245.8,96.11,10,961.1,0.74013,18560,0.86454,1420.9,14965,324.35,15289,13070,2219,6502
08/29/2025,107.6,13,1398.8,232.14,10,2321.4,84.07,10,840.7,96.78,14,1354.92,212.91,10,2129.1,68.99,12,827.88,313.54,5,1567.7,77.37,18,1392.66,247.06,6,1482.36,136.61,10,1366.1,71.1,,,351.78,6,2110.68,226.39,10,2263.9,96.98,10,969.8,0.740412,18627,0.86474,1398.8,15001,324.35,15326,13070,2256,6460
09/02/2025,104.35,13,1356.55,229.72,10,2297.2,84.39,10,843.9,96.63,14,1352.82,211.35,10,2113.5,69.06,12,828.72,315.76,5,1578.8,74.29,18,1337.22,245.86,6,1475.16,138.57,10,1385.7,71.48,,,350.07,6,2100.42,225.73,10,2257.3,97.85,10,978.5,0.74719,18549,0.86924,1356.55,15039,324.35,15363,13270,2093,6416
09/03/2025,104.4,13,1357.2,238.47,10,2384.7,83.81,10,838.1,96.58,14,1352.12,230.66,10,2306.6,68.99,12,827.88,316.39,5,1581.95,74.74,18,1345.32,246.72,6,1480.32,139.47,10,1394.7,72.27,,,350.87,6,2105.22,224.41,10,2244.1,99.44,10,994.4,0.74396,18855,0.86746,1357.2,15205,324.35,15529,13270,2259,6448
09/04/2025,107.3,13,1394.9,239.78,10,2397.8,83.67,10,836.7,96.74,14,1354.36,232.3,10,2323,68.25,12,819,316.99,5,1584.95,75.35,18,1356.3,249.01,6,1494.06,141.02,10,1410.2,73.14,,,350.99,6,2105.94,224.95,10,2249.5,100.93,10,1009.3,0.7438,18941,0.86701,1394.9,15298,328.07,15626,13270,2356,6502
09/05/2025,108.2,15,1623,239.69,10,2396.9,85.13,10,851.3,96.55,14,1351.7,235,10,2350,67.96,12,815.52,314.38,5,1571.9,73.91,21,1552.11,243.86,6,1463.16,139.26,10,1392.6,72.35,,,343.22,6,2059.32,220.06,10,2200.6,100.51,10,1005.1,0.740247,19010,0.8675,1623,15480,324.74,15805,13420,2385,6482
09/08/2025,110.05,15,1650.75,237.88,10,2378.8,84.19,10,841.9,95.25,14,1333.5,234.04,10,2340.4,67.43,12,809.16,312.8,5,1564,74.15,21,1557.15,245.94,6,1475.64,140.84,10,1408.4,72,,,342.3,6,2053.8,219.05,10,2190.5,102.28,10,1022.8,0.73784,18976,0.86833,1650.75,15435,324.74,15759,13420,2339,6495
09/09/2025,109.15,15,1637.25,234.35,10,2343.5,84.28,10,842.8,93.24,14,1305.36,239.63,10,2396.3,67.86,12,814.32,312.52,5,1562.6,73.6,21,1545.6,243.26,6,1459.56,139.97,10,1399.7,70.97,,,343.99,6,2063.94,219.16,10,2191.6,102.29,10,1022.9,0.739585,18948,0.8655,1637.25,15431,324.74,15756,13420,2336,6513
09/10/2025,105.5,15,1582.5,226.79,10,2267.9,83.2,10,832,92.41,14,1293.74,239.17,10,2391.7,67.82,12,813.84,305.94,5,1529.7,74.25,21,1559.25,246.41,6,1478.46,139.86,10,1398.6,70.63,,,338.12,6,2028.72,217.69,10,2176.9,100.41,10,1004.1,0.73884,18775,0.86466,1582.5,15240,324.74,15565,13420,2145,6532
09/11/2025,106.8,15,1602,230.03,10,2300.3,84.06,10,840.6,93.93,14,1315.02,240.37,10,2403.7,67.62,12,811.44,308.43,5,1542.15,74.33,21,1560.93,248.8,6,1492.8,140.83,10,1408.3,71.43,,,343.49,6,2060.94,220.5,10,2205,102.65,10,1026.5,0.73656,18968,0.86426,1602,15355,324.74,15680,13420,2260,6587
09/12/2025,112.3,15,1684.5,234.07,10,2340.7,83.28,10,832.8,93.42,14,1307.88,240.8,10,2408,67.01,12,804.12,305.4,5,1527,73,21,1533,248.28,6,1489.68,139.48,10,1394.8,70.75,,,339.43,6,2036.58,218.16,10,2181.6,103.49,10,1034.9,0.737572,18891,0.8656,1684.5,15392,324.74,15716,13420,2296,6584
09/15/2025,110.6,15,1659,236.7,10,2367,82.13,10,821.3,95.34,14,1334.76,251.61,10,2516.1,66.21,12,794.52,302.07,5,1510.35,73.03,21,1533.63,245.65,6,1473.9,141.17,10,1411.7,70.11,,,339.05,6,2034.3,216.13,10,2161.3,103.69,10,1036.9,0.73515,18996,0.86476,1659,15399,324.74,15724,13420,2304,6615
09/16/2025,110.35,15,1655.25,238.15,10,2381.5,81.48,10,814.8,95.64,14,1338.96,251.16,10,2511.6,66.24,12,794.88,303.29,5,1516.45,72.75,21,1527.75,244.97,6,1469.82,139.55,10,1395.5,69.59,,,340.03,6,2040.18,213.88,10,2138.8,103.42,10,1034.2,0.73239,18964,0.86941,1655.25,15328,324.74,15653,13420,2233,6607
09/17/2025,109.95,15,1649.25,238.99,10,2389.9,82.22,10,822.2,94.66,14,1325.24,249.53,10,2495.3,67.04,12,804.48,304.97,5,1524.85,72.31,21,1518.51,243.61,6,1461.66,140.04,10,1400.4,70.22,,,346.2,6,2077.2,215.66,10,2156.6,104.27,10,1042.7,0.73369,19019,0.86762,1649.25,15385,326.04,15711,13420,2291,6600
09/18/2025,116.5,15,1747.5,237.88,10,2378.8,81.53,10,815.3,93.51,14,1309.14,252.03,10,2520.3,66.46,12,797.52,301.14,5,1505.7,72.1,21,1514.1,242,6,1452,139.93,10,1399.3,69.14,,,338.18,6,2029.08,215.92,10,2159.2,103.6,10,1036,0.73768,18916,0.86965,1747.5,15474,331.54,15806,13420,2386,6632
09/19/2025,114.1,15,1711.5,245.5,10,2455,81.17,10,811.7,93.32,14,1306.48,254.72,10,2547.2,66.43,12,797.16,302.38,5,1511.9,70.89,21,1488.69,242.34,6,1454.04,139.78,10,1397.8,68.85,,,341.61,6,2049.66,216.4,10,2164,102.33,10,1023.3,0.74206,19007,0.8717,1711.5,15596,340.48,15937,13420,2517,6664
09/22/2025,113.55,15,1703.25,256.08,10,2560.8,79.36,10,793.6,92.01,14,1288.14,252.53,10,2525.3,66.21,12,794.52,302.99,5,1514.95,71.28,21,1496.88,241.15,6,1446.9,139.41,10,1394.1,68.05,,,344.36,6,2066.16,216.99,10,2169.9,102.82,10,1028.2,0.73992,19079,0.8731,1703.25,15604,340.48,15945,13420,2525,6694
09/23/2025,113.7,15,1705.5,254.43,10,2544.3,80.15,10,801.5,92.23,14,1291.22,251.66,10,2516.6,66.71,12,800.52,303.19,5,1515.95,70.93,21,1489.53,238.61,6,1431.66,139.72,10,1397.2,68.15,,,338.7,6,2032.2,218.23,10,2182.3,102.52,10,1025.2,0.7394,19028,0.87359,1705.5,15559,340.48,15900,13420,2480,6657
09/24/2025,112.9,15,1693.5,252.31,10,2523.1,81.13,10,811.3,92.15,14,1290.1,247.14,10,2471.4,66.45,12,797.4,303.19,5,1515.95,70.93,21,1489.53,240,6,1440,140.44,10,1404.4,67.6,,,338.68,6,2032.08,219.42,10,2194.2,102.73,10,1027.3,0.743362,18997,0.873,1693.5,15600,340.48,15940,13420,2520,6638
09/25/2025,112.6,15,1689,256.87,10,2568.7,79.7,10,797,92.4,14,1293.6,245.79,10,2457.9,65.98,12,791.76,303.19,5,1515.95,70.93,21,1489.53,242.19,6,1453.14,141.46,10,1414.6,66.75,,,334.93,6,2009.58,217.16,10,2171.6,103.05,10,1030.5,0.743362,18994,0.87445,1689,15596,340.48,15937,13420,2517,6605
09/26/2025,112.25,15,1683.75,255.46,10,2554.6,79.59,10,795.9,92.88,14,1300.32,246.54,10,2465.4,65.67,12,788.04,305.24,5,1526.2,69.31,21,1455.51,243.48,6,1460.88,143.09,10,1430.9,66.69,,,337.37,6,2024.22,218.69,10,2186.9,103.16,10,1031.6,0.746102,19020,0.8737,1683.75,15662,340.48,16003,13420,2583,6644
09/29/2025,113.9,15,1708.5,254.43,10,2544.3,80.4,10,804,93.9,14,1314.6,244.05,10,2440.5,66.04,12,792.48,302.99,5,1514.95,69.55,21,1460.55,244.4,6,1466.4,143.52,10,1435.2,66.57,,,340.16,6,2040.96,219.43,10,2194.3,103.08,10,1030.8,0.7442,19039,0.8731,1708.5,15661,340.48,16001,13420,2581,6661
09/30/2025,116.15,15,1742.25,254.63,10,2546.3,79.94,10,799.4,94.3,14,1320.2,243.1,10,2431,66.32,12,795.84,303.89,5,1519.45,69.73,21,1464.33,246.95,6,1481.7,144.54,10,1445.4,66.69,,,341.38,6,2048.28,220.83,10,2208.3,103.06,10,1030.6,0.74386,19091,0.87294,1742.25,15722,345.69,16067,13420,2647,6688
10/01/2025,114.25,15,1713.75,255.45,10,2554.5,79.01,10,790.1,94.46,14,1322.44,244.9,10,2449,66.78,12,801.36,300.52,5,1502.6,74.2,21,1558.2,246.46,6,1478.76,144.32,10,1443.2,66.16,,,347.83,6,2086.98,219.87,10,2198.7,101.96,10,1019.6,0.74183,19205,0.87041,1713.75,15739,350.66,16089,13620,2469,6711
10/02/2025,115.05,15,1725.75,257.13,10,2571.3,78.31,10,783.1,94.47,14,1322.58,245.69,10,2456.9,66.1,12,793.2,299.88,5,1499.4,74.57,21,1565.97,243.5,6,1461,142.49,10,1424.9,66.31,,,345.95,6,2075.7,216.91,10,2169.1,101.7,10,1017,0.74368,19140,0.87193,1725.75,15739,350.66,16090,13620,2470,6715
10/03/2025,112.25,15,1683.75,258.02,10,2580.2,78,10,780,96.38,14,1349.32,245.35,10,2453.5,66.65,12,799.8,300.98,5,1504.9,71.93,21,1510.53,245.7,6,1474.2,141.33,10,1413.3,66.44,,,349.84,6,2099.04,219.76,10,2197.6,102.07,10,1020.7,0.74195,19183,0.8711,1683.75,15700,359.06,16059,13620,2439,6716
10/06/2025,112.85,15,1692.75,256.69,10,2566.9,77.45,10,774.5,96.61,14,1352.54,250.43,10,2504.3,66.1,12,793.2,296.04,5,1480.2,71.17,21,1494.57,240.5,6,1443,143.11,10,1431.1,65.9,,,349.28,6,2095.68,217.69,10,2176.9,102.7,10,1027,0.74157,19140,0.86836,1692.75,15663,359.06,16023,13620,2403,6740
10/07/2025,110.8,15,1662,256.48,10,2564.8,79.11,10,791.1,96.94,14,1357.16,245.76,10,2457.6,66.79,12,801.48,296.32,5,1481.6,68.91,21,1447.11,243.89,6,1463.34,142.66,10,1426.6,65.94,,,352.42,6,2114.52,217.56,10,2175.6,103.24,10,1032.4,0.7451,19113,0.8683,1662,15684,359.06,16044,13620,2424,6715
10/08/2025,110.85,15,1662.75,258.06,10,2580.6,78,10,780,96.36,14,1349.04,244.62,10,2446.2,66.12,12,793.44,294.4,5,1472,69.09,21,1450.89,243.06,6,1458.36,140.71,10,1407.1,65.97,,,351.36,6,2108.16,219.98,10,2199.8,102.9,10,1029,0.74619,19075,0.86779,1662.75,15676,359.06,16035,13620,2415,6754
10/09/2025,110,15,1650,254.04,10,2540.4,77.81,10,778.1,95.48,14,1336.72,241.53,10,2415.3,66.37,12,796.44,293.81,5,1469.05,68.06,21,1429.26,242.16,6,1452.96,138.56,10,1385.6,66.3,,,347.04,6,2082.24,217.53,10,2175.3,101.77,10,1017.7,0.7516,18879,0.86933,1650,15624,359.06,15983,13620,2363,6735
10/10/2025,109.3,15,1639.5,245.27,10,2452.7,77.96,10,779.6,94.45,14,1322.3,236.57,10,2365.7,67.04,12,804.48,297.01,5,1485.05,65.22,21,1369.62,240,6,1440,140.38,10,1403.8,67.98,,,343.65,6,2061.9,219.25,10,2192.5,101.84,10,1018.4,0.748839,18696,0.8699,1639.5,15427,359.06,15786,13620,2166,6553
10/13/2025,110.15,15,1652.25,247.66,10,2476.6,76.98,10,769.8,96.13,14,1345.82,244.15,10,2441.5,66.8,12,801.6,300.11,5,1500.55,67.38,21,1414.98,236.28,6,1417.68,141.39,10,1413.9,67.6,,,343.3,6,2059.8,217.09,10,2170.9,102.12,10,1021.2,0.75004,18834,0.8675,1652.25,15560,359.06,15919,13620,2299,6655
10/14/2025,109.95,15,1649.25,247.77,10,2477.7,78.4,10,784,95.85,14,1341.9,245.45,10,2454.5,67.51,12,810.12,304.56,5,1522.8,67.64,21,1420.44,240.4,6,1442.4,144.1,10,1441,68.61,,,348.38,6,2090.28,218.11,10,2181.1,107.21,10,1072.1,0.75066,19038,0.87094,1649.25,15728,359.44,16087,13620,2467,6644
10/15/2025,109.75,15,1646.25,249.34,10,2493.4,77.63,10,776.3,97.13,14,1359.82,251.03,10,2510.3,67.08,12,804.96,305.25,5,1526.25,68.46,21,1437.66,226.5,6,1359,145.16,10,1451.6,68.49,,,345.69,6,2074.14,213.69,10,2136.9,109.03,10,1090.3,0.74602,19021,0.86879,1646.25,15620,359.44,15979,13620,2359,6671
10/16/2025,109.5,15,1642.5,247.45,10,2474.5,78.08,10,780.8,94.66,14,1325.24,251.46,10,2514.6,67.59,12,811.08,305.33,5,1526.65,66.84,21,1403.64,221.74,6,1330.44,142.55,10,1425.5,69.77,,,335.4,6,2012.4,213.29,10,2132.9,106.47,10,1064.7,0.74374,18802,0.87012,1642.5,15413,359.44,15773,13620,2153,6629
10/17/2025,109.15,15,1637.25,252.29,10,2522.9,79.12,10,791.2,95.68,16,1530.88,253.3,10,2533,68.44,12,821.28,308.09,5,1540.45,67.37,23,1549.51,225.61,6,1353.66,143.84,10,1438.4,71.01,,,341.89,6,2051.34,215.48,10,2154.8,107.73,10,1077.3,0.744713,19365,0.868,1637.25,15842,355.96,16198,13620,2578,6664
10/20/2025,110.2,15,1653,262.24,10,2622.4,78.75,10,787.5,95.36,16,1525.76,256.55,10,2565.5,68.44,12,821.28,307.77,5,1538.85,67.62,23,1555.26,219.38,6,1316.28,143.33,10,1433.3,70.75,,,344.41,6,2066.46,215.4,10,2154,107.05,10,1070.5,0.74598,19457,0.86861,1653,15950,355.96,16306,13620,2686,6735
10/21/2025,111.35,15,1670.25,262.77,10,2627.7,78.62,10,786.2,94.99,16,1519.84,250.46,10,2504.6,71.22,12,854.64,307.48,5,1537.4,68.36,23,1572.28,221.6,6,1329.6,143.91,10,1439.1,70.13,,,344.41,6,2066.46,214.89,10,2148.9,106.22,10,1062.2,0.74821,19449,0.8679,1670.25,16001,355.96,16357,13620,2737,6735
10/22/2025,112.75,15,1691.25,258.45,10,2584.5,79.86,10,798.6,96.11,16,1537.76,251.69,10,2516.9,70.81,12,849.72,310.11,5,1550.55,69.08,23,1588.84,222.63,6,1335.78,143.06,10,1430.6,69.95,,,345.36,6,2072.16,216.46,10,2164.6,107.14,10,1071.4,0.74896,19501,0.86939,1691.25,16076,355.96,16432,13620,2812,6699
10/23/2025,112.85,15,1692.75,259.58,10,2595.8,78.44,10,784.4,95.96,16,1535.36,253.08,10,2530.8,69.94,12,839.28,306.97,5,1534.85,69.68,23,1602.64,220.59,6,1323.54,142.4,10,1424,70.11,,,345.96,6,2075.76,216.11,10,2161.1,106.86,10,1068.6,0.75033,19476,0.87167,1692.75,16089,355.96,16445,13620,2825,6738
10/24/2025,114.1,15,1711.5,262.82,10,2628.2,78,10,780,95.32,16,1525.12,259.92,10,2599.2,69.71,12,836.52,305.79,5,1528.95,69.11,23,1589.53,219.09,6,1314.54,141.91,10,1419.1,70.5,,,347.38,6,2084.28,214.66,10,2146.6,106.17,10,1061.7,0.751484,19514,0.8735,1711.5,16159,355.96,16515,13620,2895,6792
10/27/2025,112.7,15,1690.5,268.81,10,2688.1,77.83,10,778.3,94.77,16,1516.32,269.27,10,2692.7,70.06,12,840.72,310,5,1550,68.59,23,1577.57,216.59,6,1299.54,143.27,10,1432.7,70.55,,,347.82,6,2086.92,213.77,10,2137.7,104.47,10,1044.7,0.749569,19645,0.8733,1690.5,16202,355.96,16558,13620,2938,6875
10/28/2025,110.7,15,1660.5,269,10,2690,77.14,10,771.4,94.73,16,1515.68,267.47,10,2674.7,70.16,12,841.92,306.4,5,1532,67.43,23,1550.89,211.91,6,1271.46,144.03,10,1440.3,69.66,,,346.9,6,2081.4,204.23,10,2042.3,103.17,10,1031.7,0.75305,19444,0.87783,1660.5,16100,355.96,16456,13620,2836,6891
10/29/2025,106,15,1590,269.7,10,2697,75.73,10,757.3,93.17,16,1490.72,274.57,10,2745.7,68.35,12,820.2,302.35,5,1511.75,65.35,23,1503.05,207.97,6,1247.82,141.69,10,1416.9,68.59,,,341.28,6,2047.68,197.53,10,1975.3,102.46,10,1024.6,0.75784,19238,0.8793,1590,15977,355.96,16333,13620,2713,6891
10/30/2025,105.2,15,1578,271.4,10,2714,76.51,10,765.1,93.3,16,1492.8,281.48,10,2814.8,68.98,12,827.76,302.43,5,1512.15,64.9,23,1492.7,206.97,6,1241.82,142.29,10,1422.9,68.48,,,345.03,6,2070.18,200.57,10,2005.7,102.23,10,1022.3,0.75993,19382,0.87935,1578,16117,355.96,16473,13620,2853,6822
10/31/2025,106.25,15,1593.75,270.37,10,2703.7,77.05,10,770.5,95.91,16,1534.56,281.19,10,2811.9,68.9,12,826.8,298.43,5,1492.15,64.59,23,1485.57,206,6,1236,140.14,10,1401.4,67.71,,,340.74,6,2044.44,199.77,10,1997.7,101.18,10,1011.8,0.76011,19317,0.8815,1593.75,16088,355.96,16444,13620,2824,6840
11/03/2025,106,15,1590,269.05,10,2690.5,74.98,10,749.8,95.62,16,1529.92,283.72,10,2837.2,67.97,12,815.64,296.37,5,1481.85,62.65,23,1440.95,203.7,6,1222.2,140.41,10,1404.1,68.25,,,336.9,6,2021.4,196.77,10,1967.7,101.59,10,1015.9,0.76131,19177,0.87692,1590,15994,355.96,16350,13820,2530,6852
11/04/2025,107,15,1605,270.04,10,2700.4,76.55,10,765.5,95.76,16,1532.16,277.54,10,2775.4,68.66,12,823.92,299.21,5,1496.05,61.23,23,1408.29,209.59,6,1257.54,142.05,10,1420.5,68.41,,,340.3,6,2041.8,200.68,10,2006.8,102.27,10,1022.7,0.767949,19251,0.882,1605,16199,355.96,16555,13820,2735,6772
11/05/2025,108.85,15,1632.75,270.14,10,2701.4,76.91,10,769.1,96.02,16,1536.32,284.31,10,2843.1,68.51,12,822.12,305.67,5,1528.35,62.11,23,1428.53,208.94,6,1253.64,143.7,10,1437,68.95,,,340.04,6,2040.24,200.54,10,2005.4,101.47,10,1014.7,0.767949,19380,0.88078,1632.75,16321,355.96,16677,13820,2857,6796
11/06/2025,100.4,15,1506,269.77,10,2697.7,77.27,10,772.7,94.54,16,1512.64,284.75,10,2847.5,69.06,12,828.72,298.41,5,1492.05,61.89,23,1423.47,209.61,6,1257.66,143.77,10,1437.7,68.52,,,336.96,6,2021.76,199.62,10,1996.2,101.68,10,1016.8,0.76098,19305,0.87882,1506,16014,355.96,16370,13820,2550,6720
11/07/2025,96.54,15,1448.1,268.47,10,2684.7,78.76,10,787.6,95.03,16,1520.48,278.83,10,2788.3,70.55,12,846.6,299.66,5,1498.3,61.09,23,1405.07,217.27,6,1303.62,144.61,10,1446.1,69.15,,,336.02,6,2016.12,201.92,10,2019.2,102.59,10,1025.9,0.759878,19342,0.8791,1448.1,15971,355.96,16327,13820,2507,6729
11/10/2025,93.64,15,1404.6,269.43,10,2694.3,78.47,10,784.7,94.51,16,1512.16,290.1,10,2901,70.52,12,846.24,299.1,5,1495.5,60.8,23,1398.4,217.53,6,1305.18,146.72,10,1467.2,68.41,,,334.85,6,2009.1,200.47,10,2004.7,102.42,10,1024.2,0.75913,19443,0.87731,1404.6,15992,355.96,16348,13820,2528,6832
11/11/2025,95.82,15,1437.3,275.25,10,2752.5,79.47,10,794.7,95.96,16,1535.36,291.31,10,2913.1,71.61,12,859.32,306.83,5,1534.15,63.15,23,1452.45,219.91,6,1319.46,146.16,10,1461.6,68.7,,,338.92,6,2033.52,203.27,10,2032.7,103.44,10,1034.4,0.76029,19723,0.88092,1437.3,16262,355.96,16618,13820,2798,6847
11/12/2025,93.56,15,1403.4,273.47,10,2734.7,78.56,10,785.6,97.87,16,1565.92,286.71,10,2867.1,71.51,12,858.12,306.94,5,1534.7,64.2,23,1476.6,221.87,6,1331.22,147.63,10,1476.3,68.61,,,338.88,6,2033.28,203.8,10,2038,103.44,10,1034.4,0.76174,19736,0.88294,1403.4,16273,355.96,16629,13820,2809,6851
11/13/2025,93.86,15,1407.9,272.95,10,2729.5,78.79,10,787.9,96.61,16,1545.76,278.57,10,2785.7,71.07,12,852.84,307.58,5,1537.9,66.03,23,1518.69,223.15,6,1338.9,146.4,10,1464,67.87,,,336.08,6,2016.48,204.51,10,2045.1,102.54,10,1025.4,0.76033,19648,0.88422,1407.9,16184,355.96,16540,13820,2720,6737
11/14/2025,94.44,15,1416.6,272.41,10,2724.1,78.05,10,780.5,96.15,16,1538.4,276.41,10,2764.1,71.16,12,853.92,307.03,5,1535.15,64.17,23,1475.91,225.18,6,1351.08,146.08,10,1460.8,66.65,,,330.02,6,1980.12,209.17,10,2091.7,102.48,10,1024.8,0.759936,19581,0.8833,1416.6,16131,357.63,16489,13820,2669,6734
11/17/2025,91.86,15,1377.9,267.46,10,2674.6,78.81,10,788.1,95.48,16,1527.68,285.02,10,2850.2,70.68,12,848.16,304.9,5,1524.5,62.9,23,1446.7,225.35,6,1352.1,145.18,10,1451.8,66.61,,,325.75,6,1954.5,207.97,10,2079.7,102.95,10,1029.5,0.7601,19528,0.88097,1377.9,16057,357.63,16414,13820,2594,6672
11/18/2025,90.46,15,1356.9,267.44,10,2674.4,79.33,10,793.3,93.96,16,1503.36,284.28,10,2842.8,71.22,12,854.64,304.59,5,1522.95,62.49,23,1437.27,224.88,6,1349.28,145.58,10,1455.8,66.81,,,321.18,6,1927.08,211.3,10,2113,101.39,10,1013.9,0.7606,19488,0.88076,1356.9,16018,360.98,16378,13820,2558,6617
11/19/2025,91.36,15,1370.4,268.56,10,2685.6,78.47,10,784.7,93.56,16,1496.96,292.81,10,2928.1,71.11,12,853.32,302.74,5,1513.7,62.64,23,1440.72,222.93,6,1337.58,145.81,10,1458.1,66.23,,,324.12,6,1944.72,215.66,10,2156.6,100.61,10,1006.1,0.76559,19606,0.88342,1370.4,16221,360.98,16582,13820,2762,6642
11/20/2025,91.16,15,1367.4,266.25,10,2662.5,78.86,10,788.6,92.02,16,1472.32,289.45,10,2894.5,71.21,12,854.52,304.16,5,1520.8,61.43,23,1412.89,226,6,1356,148.07,10,1480.7,66.69,,,323.77,6,1942.62,216.8,10,2168,107.11,10,1071.1,0.76424,19625,0.88147,1367.4,16203,360.98,16564,13820,2744,6539
11/21/2025,92.76,15,1391.4,271.49,10,2714.9,80.93,10,809.3,92.99,16,1487.84,299.66,10,2996.6,72.95,12,875.4,309.35,5,1546.75,62.8,23,1444.4,226.91,6,1361.46,151.43,10,1514.3,67.95,,,327.98,6,1967.88,216.62,10,2166.2,105.32,10,1053.2,0.763184,19938,0.879,1391.4,16440,360.98,16801,13820,2981,6603
11/24/2025,91.54,15,1373.1,275.92,10,2759.2,79.18,10,791.8,90.91,16,1454.56,318.58,10,3185.8,72.59,12,871.08,304.9,5,1524.5,61.93,23,1424.39,225.08,6,1350.48,148.86,10,1488.6,67.05,,,329.3,6,1975.8,211.84,10,2118.4,104.06,10,1040.6,0.763,19985,0.87891,1373.1,16456,360.98,16817,13820,2997,6705
11/25/2025,91.38,15,1370.7,276.97,10,2769.7,79.82,10,798.2,92.67,16,1482.72,323.44,10,3234.4,72.61,12,871.32,310.45,5,1552.25,63.68,23,1464.64,226.41,6,1358.46,152.39,10,1523.9,67.76,,,334.53,6,2007.18,216.23,10,2162.3,107,10,1070,0.759954,20295,0.87884,1370.7,16628,360.98,16989,13820,3169,6766
11/26/2025,91.7,15,1375.5,277.55,10,2775.5,80.04,10,800.4,94.01,16,1504.16,319.95,10,3199.5,72.88,12,874.56,312.4,5,1562,64.33,23,1479.59,229.15,6,1374.9,153.13,10,1531.3,67.72,,,333.79,6,2002.74,217.35,10,2173.5,109.1,10,1091,0.755002,20369,0.8759,1375.5,16584,360.98,16945,13820,3125,6813
11/28/2025,91.6,15,1374,278.85,10,2788.5,80.39,10,803.9,95.89,16,1534.24,320.18,10,3201.8,73.12,12,877.44,311.82,5,1559.1,64.63,23,1486.49,228.79,6,1372.74,151.92,10,1519.2,68.16,,,334.44,6,2006.64,217.87,10,2178.7,110.51,10,1105.1,0.754546,20434,0.8765,1374,16623,360.98,16984,13820,3164,6849
12/01/2025,90.64,15,1359.6,283.1,10,2831,79.94,10,799.4,95.55,16,1528.8,314.89,10,3148.9,71.95,12,863.4,303.57,5,1517.85,65.39,23,1503.97,227.82,6,1366.92,151.13,10,1511.3,67.89,,,330.39,6,1982.34,215.93,10,2159.3,111.53,10,1115.3,0.75704,20328,0.87868,1359.6,16584,360.98,16945,14020,2925,6813
12/02/2025,89.16,15,1337.4,286.19,10,2861.9,78.82,10,788.2,96,16,1536,315.81,10,3158.1,70.67,12,848.04,300.72,5,1503.6,64.93,23,1493.39,228.76,6,1372.56,150.02,10,1500.2,66.97,,,329.62,6,1977.72,214.54,10,2145.4,112.41,10,1124.1,0.75646,20309,0.87957,1337.4,16539,360.98,16900,14020,2880,6829
12/03/2025,90.44,15,1356.6,284.15,10,2841.5,78.2,10,782,98.63,16,1578.08,319.63,10,3196.3,70.81,12,849.72,307.71,5,1538.55,65.65,23,1509.95,227.18,6,1363.08,150.06,10,1500.6,66.78,,,329.61,6,1977.66,216.15,10,2161.5,114.41,10,1144.1,0.74913,20443,0.8741,1356.6,16500,363.56,16864,14020,2844,6850
12/04/2025,89.94,15,1349.1,280.7,10,2807,77.6,10,776,98.56,16,1576.96,317.62,10,3176.2,70.45,12,845.4,308.54,5,1542.7,65.69,23,1510.87,227.09,6,1362.54,150.3,10,1503,66.5,,,327.1,6,1962.6,214.19,10,2141.9,114.84,10,1148.4,0.75065,20354,0.87393,1349.1,16457,363.56,16821,14020,2801,6857
12/05/2025,90.28,15,1354.2,278.78,10,2787.8,78.07,10,780.7,98.16,16,1570.56,321.27,10,3212.7,70,12,840,311.23,5,1556.15,65.86,23,1514.78,222.89,6,1337.34,153.28,10,1532.8,66.92,,,331.24,6,1987.44,213.58,10,2135.8,115.11,10,1151.1,0.749569,20407,0.873,1354.2,16479,366.26,16845,14020,2825,6870
12/08/2025,87.32,15,1309.8,277.89,10,2778.9,76.11,10,761.1,98.25,16,1572,313.72,10,3137.2,70.25,12,843,309.79,5,1548.95,63.54,23,1461.42,223.16,6,1338.96,153.72,10,1537.2,62.21,,,326.84,6,1961.04,210.23,10,2102.3,113.56,10,1135.6,0.750368,20178,0.87344,1309.8,16285,366.26,16651,14020,2631,6847
12/09/2025,88.7,15,1330.5,277.18,10,2771.8,76.98,10,769.8,97.71,16,1563.36,317.08,10,3170.8,70.09,12,841.08,310.79,5,1553.95,63.33,23,1456.59,226.35,6,1358.1,153.68,10,1536.8,64.04,,,326.5,6,1959,209.31,10,2093.1,115.06,10,1150.6,0.75168,20225,0.87403,1330.5,16366,366.26,16732,14020,2712,6841
12/10/2025,88.08,15,1321.2,278.78,10,2787.8,77.76,10,777.6,98.3,16,1572.8,320.21,10,3202.1,70.21,12,842.52,310.53,5,1552.65,65.79,23,1513.17,222.81,6,1336.86,155.67,10,1556.7,63.86,,,325.73,6,1954.38,209.15,10,2091.5,113.18,10,1131.8,0.74692,20320,0.87403,1321.2,16332,366.26,16698,14020,2678,6887
12/11/2025,88.64,15,1329.6,278.03,10,2780.3,77.25,10,772.5,97.96,16,1567.36,312.43,10,3124.3,69.11,12,829.32,309.71,5,1548.55,67.74,23,1558.02,230.44,6,1382.64,155.58,10,1555.8,64.82,,,345.63,6,2073.78,212.05,10,2120.5,115.52,10,1155.2,0.7468,20468,0.87658,1329.6,16451,366.26,16817,14020,2797,6901
12/12/2025,88.86,15,1332.9,278.28,10,2782.8,78.34,10,783.4,97.89,16,1566.24,309.29,10,3092.9,70.52,12,846.24,316.72,5,1583.6,67.47,23,1551.81,234.85,6,1409.1,156.14,10,1561.4,64.94,,,347.83,6,2086.98,215.61,10,2156.1,116.7,10,1167,0.747775,20588,0.8783,1332.9,16566,366.26,16932,14020,2912,6827
12/15/2025,91.88,15,1378.2,274.11,10,2741.1,79.43,10,794.3,98.35,16,1573.6,308.22,10,3082.2,70.97,12,851.64,318.73,5,1593.65,67.78,23,1558.94,236.36,6,1418.16,156.71,10,1567.1,65.04,,,346.89,6,2081.34,218.32,10,2183.2,116.79,10,1167.9,0.74735,20613,0.87845,1378.2,16616,366.26,16982,14020,2962,6817
12/16/2025,90.5,15,1357.5,274.61,10,2746.1,78.95,10,789.5,96.92,16,1550.72,306.57,10,3065.7,70.37,12,844.44,314.5,5,1572.5,67.12,23,1543.76,231.81,6,1390.86,155.09,10,1550.9,64.33,,,345.11,6,2070.66,218.9,10,2189,115.42,10,1154.2,0.744879,20468,0.87514,1357.5,16434,366.26,16801,14020,2781,6800
12/17/2025,90.56,15,1358.4,271.84,10,2718.4,79.73,10,797.3,97.37,16,1557.92,296.72,10,2967.2,70.67,12,848.04,318.69,5,1593.45,65.69,23,1510.87,227.27,6,1363.62,155.66,10,1556.6,65.57,,,344.41,6,2066.46,219.77,10,2197.7,115.66,10,1156.6,0.747686,20334,0.8779,1358.4,16396,377.32,16773,14020,2753,6721
12/18/2025,90.74,15,1361.1,272.19,10,2721.9,77.73,10,777.3,99.58,16,1593.28,302.46,10,3024.6,70.36,12,844.32,319.65,5,1598.25,65.63,23,1509.49,224.86,6,1349.16,154.88,10,1548.8,65.2,,,346.01,6,2076.06,218.32,10,2183.2,114.83,10,1148.3,0.747083,20375,0.87596,1361.1,16414,377.32,16791,14020,2771,6775
12/19/2025,89.52,15,1342.8,273.67,10,2736.7,78.36,10,783.6,98.2,16,1571.2,307.16,10,3071.6,70.06,12,840.72,315.84,5,1579.2,58.71,23,1350.33,224.28,6,1345.68,154.6,10,1546,65.1,,,349.25,6,2095.5,216.34,10,2163.4,114.36,10,1143.6,0.74744,20228,0.8753,1342.8,16294,377.32,16672,14020,2652,6835
12/22/2025,90.08,15,1351.2,270.97,10,2709.7,79.04,10,790.4,98.2,16,1571.2,309.78,10,3097.8,70.21,12,842.52,316.22,5,1581.1,57.22,23,1316.06,227.36,6,1364.16,156.58,10,1565.8,64.96,,,352.09,6,2112.54,219.66,10,2196.6,112.6,10,1126,0.742396,20274,0.87343,1351.2,16231,377.32,16609,14020,2589,6878
12/23/2025,88.24,15,1323.6,272.36,10,2723.6,79.93,10,799.3,98.75,16,1580,314.35,10,3143.5,69.87,12,838.44,310.84,5,1554.2,57.34,23,1318.82,227.89,6,1367.34,155.92,10,1559.2,65.73,,,353.38,6,2120.28,220.34,10,2203.4,110.9,10,1109,0.742396,20317,0.87281,1323.6,16239,382.51,16621,14020,2601,6910
12/24/2025,88.26,15,1323.9,273.81,10,2738.1,80.25,10,802.5,98.69,16,1579.04,314.09,10,3140.9,70.11,12,841.32,313.33,5,1566.65,60,23,1380,227.66,6,1365.96,157.29,10,1572.9,65.99,,,355.14,6,2130.84,221.36,10,2213.6,111.61,10,1116.1,0.74093,20448,0.87245,1323.9,16306,382.51,16688,14020,2668,6932
12/26/2025,88.26,15,1323.9,273.4,10,2734,79.73,10,797.3,98.69,16,1579.04,313.51,10,3135.1,69.87,12,838.44,310.68,5,1553.4,60.93,23,1401.39,227.13,6,1362.78,157.11,10,1571.1,66.18,,,355,6,2130,221.1,10,2211,111.74,10,1117.4,0.7406,20431,0.8723,1323.9,16286,382.51,16669,14020,2649,6930
12/29/2025,88.9,15,1333.5,273.76,10,2737.6,79.69,10,796.9,99.44,16,1591.04,313.56,10,3135.6,70.16,12,841.92,308.53,5,1542.65,61.21,23,1407.83,228.51,6,1371.06,156.47,10,1564.7,65.77,,,354.61,6,2127.66,222.29,10,2222.9,112.53,10,1125.3,0.740138,20465,0.8714,1333.5,16309,382.51,16692,14020,2672,6906
12/30/2025,89.18,15,1337.7,273.08,10,2730.8,79.51,10,795.1,99.31,16,1588.96,313.85,10,3138.5,70.07,12,840.84,308.03,5,1540.15,61.19,23,1407.37,229.97,6,1379.82,155.35,10,1553.5,65.62,,,353.62,6,2121.72,222.12,10,2221.2,111.92,10,1119.2,0.742545,20437,0.87224,1337.7,16342,382.51,16725,14020,2705,6896
12/31/2025,88.34,15,1325.1,271.86,10,2718.6,79.02,10,790.2,98.85,16,1581.6,313,10,3130,69.91,12,838.92,305.63,5,1528.15,63.71,23,1465.33,227.72,6,1366.32,153.61,10,1536.1,65.4,,,350.71,6,2104.26,219.71,10,2197.1,111.41,10,1114.1,0.74359,20371,0.87241,1325.1,16303,382.51,16686,14020,2666,6846
01/02/2026,87.96,15,1319.4,271.01,10,2710.1,77.69,10,776.9,100.3,16,1604.8,315.15,10,3151.5,69.12,12,829.44,303.26,5,1516.3,63.28,23,1455.44,212.12,6,1272.72,154.28,10,1542.8,65.05,,,346.48,6,2078.88,218.4,10,2184,112.76,10,1127.6,0.742556,20250,0.87115,1319.4,16187,388.26,16575,14220,2355,6858
01/05/2026,92.08,15,1381.2,267.26,10,2672.6,76.93,10,769.3,99.33,16,1589.28,316.54,10,3165.4,67.94,12,815.28,299.86,5,1499.3,64.53,23,1484.19,212.92,6,1277.52,153.84,10,1538.4,63.74,,,353.8,6,2122.8,219.44,10,2194.4,112.71,10,1127.1,0.738925,20256,0.865625,1381.2,16163,388.26,16551,14220,2331,6902
01/06/2026,90.72,15,1360.8,262.36,10,2623.6,77.2,10,772,100.6,16,1609.6,314.34,10,3143.4,67.84,12,814.08,302.77,5,1513.85,65.35,23,1503.05,212.35,6,1274.1,153.92,10,1539.2,64.48,,,357.56,6,2145.36,219.08,10,2190.8,114.34,10,1143.4,0.740745,20272,0.865765,1360.8,16195,394.17,16589,14220,2369,6945
01/07/2026,90.44,15,1356.6,260.33,10,2603.3,77.09,10,770.9,96.67,16,1546.72,321.98,10,3219.8,67.54,12,810.48,304.16,5,1520.8,63.22,23,1454.06,209.1,6,1254.6,154.04,10,1540.4,62.62,,,355.88,6,2135.28,215.97,10,2159.7,112.72,10,1127.2,0.743035,20143,0.86762,1356.6,16144,395.65,16540,14220,2320,6921
01/08/2026,90.16,15,1352.4,259.04,10,2590.4,80.87,10,808.7,99.47,16,1591.52,325.44,10,3254.4,69.37,12,832.44,308.88,5,1544.4,65.26,23,1500.98,213.15,6,1278.9,158.25,10,1582.5,63.34,,,352.23,6,2113.38,217.86,10,2178.6,113.07,10,1130.7,0.744244,20407,0.86764,1352.4,16361,395.65,16757,14220,2537,6921
01/09/2026,91.26,23,2098.98,259.37,10,2593.7,81.48,10,814.8,98.95,16,1583.2,328.57,10,3285.7,70.51,12,846.12,307.32,5,1536.6,65.92,23,1516.16,215.16,6,1290.96,157.81,10,1578.1,64.2,,,349.77,6,2098.62,220.91,10,2209.1,114.53,10,1145.3,0.745879,20498,0.86775,2098.98,17111,391.39,17502,14220,3282,6966
01/12/2026,90.2,23,2074.6,260.25,10,2602.5,81.93,10,819.3,98.95,16,1583.2,331.86,10,3318.6,70.5,12,846,306.75,5,1533.75,65.64,23,1509.72,216.5,6,1299,157.1,10,1571,64.42,,,343.2,6,2059.2,218.57,10,2185.7,117.97,10,1179.7,0.742665,20508,0.866445,2074.6,17028,443,17471,14220,3251,6977
01/13/2026,88.46,23,2034.58,261.05,10,2610.5,82.96,10,829.6,97.36,16,1557.76,335.97,10,3359.7,71.24,12,854.88,309.44,5,1547.2,66.3,23,1524.9,205.06,6,1230.36,158.14,10,1581.4,64.7,,,327.88,6,1967.28,216.18,10,2161.8,120.36,10,1203.6,0.744825,20429,0.86717,2034.58,16980,443,17423,14220,3203,6964
01/14/2026,87.8,23,2019.4,259.96,10,2599.6,84.55,10,845.5,97.65,16,1562.4,335.84,10,3358.4,71.44,12,857.28,308.13,5,1540.65,65.57,23,1508.11,205.5,6,1233,155.13,10,1551.3,65.33,,,329.17,6,1975.02,218.79,10,2187.9,120.04,10,1200.4,0.74395,20420,0.866465,2019.4,16941,443,17384,14220,3164,6927
01/15/2026,88,23,2024,258.21,10,2582.1,84.34,10,843.4,99.23,16,1587.68,332.78,10,3327.8,70.48,12,845.76,308.62,5,1543.1,64.59,23,1485.57,203.52,6,1221.12,156.16,10,1561.6,64.21,,,327.75,6,1966.5,219.86,10,2198.6,119.2,10,1192,0.74734,20355,0.86755,2024,16968,443,17411,14220,3191,6944
01/16/2026,87.64,23,2015.72,255.53,10,2555.3,84.52,10,845.2,100.11,16,1601.76,330,10,3300,70.44,12,845.28,307.43,5,1537.15,64.38,23,1480.74,202.37,6,1214.22,157.38,10,1573.8,64.51,,,328.3,6,1969.8,221.23,10,2212.3,119.7,10,1197,0.747217,20333,0.86745,2015.72,16941,443,17384,14220,3164,6940
01/17/2026,84.88,23,1952.24,255.53,10,2555.3,85.44,10,854.4,97.19,16,1555.04,322,10,3220,71.75,12,861,302.84,5,1514.2,63.63,23,1463.49,203.92,6,1223.52,156.08,10,1560.8,64.9,,,325.82,6,1954.92,221.3,10,2213,118.71,10,1187.1,0.747077,20163,0.86725,1952.24,16756,443,17199,14220,2979,6797
01/18/2026,84.88,23,1952.24,255.53,10,2555.3,85.44,10,854.4,97.19,16,1555.04,322,10,3220,71.75,12,861,302.84,5,1514.2,63.63,23,1463.49,203.92,6,1223.52,156.08,10,1560.8,64.9,,,325.82,6,1954.92,221.3,10,2213,118.71,10,1187.1,0.74609,20163,0.867315,1952.24,16736,443,17179,14220,2959,6797
01/19/2026,84.88,23,1952.24,255.53,10,2555.3,85.44,10,854.4,97.19,16,1555.04,322,10,3220,71.75,12,861,302.84,5,1514.2,63.63,23,1463.49,203.92,6,1223.52,156.08,10,1560.8,64.9,,,325.82,6,1954.92,221.3,10,2213,118.71,10,1187.1,0.74528,20163,0.86742,1952.24,16720,443,17163,14220,2943,6797
01/20/2026,84.58,23,1945.34,246.7,10,2467,85.44,10,854.4,97.19,16,1555.04,322,10,3220,71.75,12,861,302.84,5,1514.2,63.63,23,1463.49,203.92,6,1223.52,156.08,10,1560.8,64.9,,,325.82,6,1954.92,221.3,10,2213,118.71,10,1187.1,0.7441,20074,0.8725,1945.34,16635,443,17078,14220,2858,6797
01/21/2026,84.08,23,1933.84,247.65,10,2476.5,84.73,10,847.3,99.38,16,1590.08,328.38,10,3283.8,72.01,12,864.12,305.69,5,1528.45,65.41,23,1504.43,203,6,1218,155.85,10,1558.5,64.83,,,325.28,6,1951.68,226.49,10,2264.9,119.36,10,1193.6,0.745235,20281,0.86987,1933.84,16797,443,17240,14220,3020,6876
01/22/2026,83.3,23,1915.9,248.35,10,2483.5,85.81,10,858.1,100.02,16,1600.32,330.54,10,3305.4,71.87,12,862.44,306.03,5,1530.15,65.46,23,1505.58,206.92,6,1241.52,153.42,10,1534.2,65.53,,,326.36,6,1958.16,229,10,2290,117.83,10,1178.3,0.740715,20348,0.87064,1915.9,16740,443,17183,14220,2963,6913
01/23/2026,84.38,23,1940.74,248.04,10,2480.4,86.66,10,866.6,99.85,16,1597.6,327.93,10,3279.3,72.88,12,874.56,309.25,5,1546.25,65.04,23,1495.92,206.03,6,1236.18,153.24,10,1532.4,67,,,326.18,6,1957.08,229.23,10,2292.3,117.73,10,1177.3,0.732869,20336,0.86665,1940.74,16585,443,17028,14220,2808,6916
01/24/2026,83.52,23,1920.96,255.41,10,2554.1,85.2,10,852,99.89,16,1598.24,333.26,10,3332.6,72.56,12,870.72,312.95,5,1564.75,64.99,23,1494.77,208,6,1248,150.08,10,1500.8,67.31,,,328.49,6,1970.94,230.25,10,2302.5,117.64,10,1176.4,0.732869,20466,0.8667,1920.96,16664,443,17107,14220,2887,6950
01/25/2026,83.52,23,1920.96,255.41,10,2554.1,85.2,10,852,99.89,16,1598.24,333.26,10,3332.6,72.56,12,870.72,312.95,5,1564.75,64.99,23,1494.77,208,6,1248,150.08,10,1500.8,67.31,,,328.49,6,1970.94,230.25,10,2302.5,117.64,10,1176.4,0.73196,20466,0.8667,1920.96,16645,443,17088,14220,2868,6950
01/26/2026,83.52,23,1920.96,255.41,10,2554.1,85.2,10,852,99.89,16,1598.24,333.26,10,3332.6,72.56,12,870.72,312.95,5,1564.75,64.99,23,1494.77,208,6,1248,150.08,10,1500.8,67.31,,,328.49,6,1970.94,230.25,10,2302.5,117.64,10,1176.4,0.73117,20466,0.86835,1920.96,16632,443,17075,14220,2855,6950
01/27/2026,80.56,23,1852.88,258.27,10,2582.7,85.76,10,857.6,100.48,16,1607.68,334.55,10,3345.5,73.55,12,882.6,314.13,5,1570.65,63.09,23,1451.07,208.08,6,1248.48,148.01,10,1480.1,67.56,,,325.26,6,1951.56,231.34,10,2313.4,116.94,10,1169.4,0.723385,20461,0.86931,1852.88,16412,443,16855,14220,2635,6979
01/28/2026,81.32,23,1870.36,256.44,10,2564.4,85,10,850,98.54,16,1576.64,336.01,10,3360.1,73.06,12,876.72,312.8,5,1564,62.24,23,1431.52,212.74,6,1276.44,147.79,10,1477.9,66.53,,,326.98,6,1961.88,231.6,10,2316,116.57,10,1165.7,0.72337,20421,0.866355,1870.36,16393,443,16836,14220,2616,6978
01/29/2026,79.22,23,1822.06,258.28,10,2582.8,85.24,10,852.4,101.03,16,1616.48,338.25,10,3382.5,73.43,12,881.16,315.51,5,1577.55,62.6,23,1439.8,208.26,6,1249.56,147.47,10,1474.7,67.53,,,331.8,6,1990.8,223.13,10,2231.3,117.41,10,1174.1,0.72435,20453,0.866725,1822.06,16394,443,16837,14220,2617,6969
01/30/2026,78.88,23,1814.24,259.48,10,2594.8,90.29,10,902.9,96.22,16,1539.52,338,10,3380,74.81,12,897.72,315,5,1575,61.81,23,1421.63,208,6,1248,149.81,10,1498.1,68.36,,,321.83,6,1930.98,222.24,10,2222.4,119.14,10,1191.4,0.7303,20402,0.86595,1814.24,16471,443,16914,14220,2694,6939
01/31/2026,78.88,23,1814.24,259.48,10,2594.8,90.29,10,902.9,96.22,16,1539.52,338,10,3380,74.81,12,897.72,315,5,1575,61.81,23,1421.63,208,6,1248,149.81,10,1498.1,68.36,,,321.83,6,1930.98,222.24,10,2222.4,119.14,10,1191.4,0.730354,20402,0.86595,1814.24,16472,443,16915,14220,2695,6939
02/01/2026,78.88,23,1814.24,259.48,10,2594.8,90.29,10,902.9,96.22,16,1539.52,338,10,3380,74.81,12,897.72,315,5,1575,61.81,23,1421.63,208,6,1248,149.81,10,1498.1,68.36,,,321.83,6,1930.98,222.24,10,2222.4,119.14,10,1191.4,0.730194,20402,0.865965,1814.24,16469,443,16912,14220,2692,6939
02/02/2026,80.2,23,1844.6,270.01,10,2700.1,91.89,10,918.9,95.68,16,1530.88,343.69,10,3436.9,75.33,12,903.96,318.53,5,1592.65,62.18,23,1430.14,203.04,6,1218.24,150.17,10,1501.7,68.77,,,333.84,6,2003.04,223.16,10,2231.6,124.06,10,1240.6,0.73136,20709,0.86287,1844.6,16737,435,17172,14220,2952,6976
02/03/2026,70.04,23,1610.92,269.48,10,2694.8,93.15,10,931.5,96.53,16,1544.48,339.71,10,3397.1,76.89,12,922.68,319.48,5,1597.4,60.93,23,1401.39,201.03,6,1206.18,152.07,10,1520.7,69.15,,,333.84,6,2003.04,225.09,10,2250.9,127.71,10,1277.1,0.73006,20747,0.86258,1610.92,16536,435,16971,14220,2751,6918
02/04/2026,68.56,23,1576.88,276.49,10,2764.9,94.37,10,943.7,99.01,16,1584.16,333.04,10,3330.4,77.35,12,928.2,323.69,5,1618.45,64.22,23,1477.06,205.54,6,1233.24,153.94,10,1539.4,70.79,,,329.95,6,1979.7,226.43,10,2264.3,128,10,1280,0.73289,20944,0.8649,1576.88,16713,435,17148,14220,2928,6883
02/05/2026,69.96,27,1888.92,275.91,10,2759.1,94.88,10,948.8,100,16,1600,331.25,10,3312.5,78.51,12,942.12,323.48,5,1617.4,62.7,23,1442.1,207.56,6,1245.36,155.4,10,1554,71.57,,,329.13,6,1974.78,226.6,10,2266,126.94,10,1269.4,0.7396,20932,0.871,1888.92,17126,435,17561,14220,3341,6798
02/06/2026,67.7,27,1827.9,278.12,10,2781.2,94.41,10,944.1,101.43,16,1622.88,322.86,10,3228.6,79.03,12,948.36,327.16,5,1635.8,63.92,23,1470.16,202.29,6,1213.74,155.86,10,1558.6,72.12,,,331.58,6,1989.48,226.79,10,2267.9,131.18,10,1311.8,0.7343761,20973,0.8685,1827.9,16989,435,17424,14220,3204,6932
02/07/2026,67.7,27,1827.9,278.12,10,2781.2,94.41,10,944.1,101.43,16,1622.88,322.86,10,3228.6,79.03,12,948.36,327.16,5,1635.8,63.92,23,1470.16,202.29,6,1213.74,155.86,10,1558.6,72.12,,,331.58,6,1989.48,226.79,10,2267.9,131.18,10,1311.8,0.7343761,20973,0.8685,1827.9,16989,435,17424,14220,3204,6932
02/08/2026,67.7,27,1827.9,278.12,10,2781.2,94.41,10,944.1,101.43,16,1622.88,322.86,10,3228.6,79.03,12,948.36,327.16,5,1635.8,63.92,23,1470.16,202.29,6,1213.74,155.86,10,1558.6,72.12,,,331.58,6,1989.48,226.79,10,2267.9,131.18,10,1311.8,0.73481,20973,0.86891,1827.9,16999,435,17434,14220,3214,6932
02/09/2026,66.82,27,1804.14,274.62,10,2746.2,94.16,10,941.6,103.39,16,1654.24,324.32,10,3243.2,77.97,12,935.64,325.6,5,1628,62.41,23,1435.43,201.53,6,1209.18,156.24,10,1562.4,71.36,,,325.58,6,1953.48,230.5,10,2305,129.02,10,1290.2,0.73081,20905,0.86991,1804.14,16847,435,17282,14220,3062,6965
02/10/2026,65.72,27,1774.44,273.68,10,2736.8,93.93,10,939.3,106.07,16,1697.12,318.58,10,3185.8,76.81,12,921.72,325.97,5,1629.85,63.04,23,1449.92,202.6,6,1215.6,153.29,10,1532.9,71.97,,,328.17,6,1969.02,231.72,10,2317.2,126.7,10,1267,0.73343,20862,0.87194,1774.44,16848,435,17283,14220,3063,6942
02/11/2026,62.34,27,1683.18,275.5,10,2755,95.31,10,953.1,106.32,16,1701.12,310.96,10,3109.6,78.6,12,943.2,323.21,5,1616.05,62.35,23,1434.05,208.37,6,1250.22,150.75,10,1507.5,73.27,,,329.24,6,1975.44,234.66,10,2346.6,128.77,10,1287.7,0.7339988,20880,0.87166,1683.18,16793,435,17228,14220,3008,6941
02/12/2026,60.48,27,1632.96,261.73,10,2617.3,96.17,10,961.7,107.3,16,1716.8,309,10,3090,79,12,948,332.08,5,1660.4,61.1,23,1405.3,205.45,6,1232.7,154.18,10,1541.8,73.46,,,324.18,6,1945.08,231.01,10,2310.1,133.64,10,1336.4,0.7342,20766,0.87144,1632.96,16669,435,17104,14220,2884,6833
02/13/2026,64.18,27,1732.86,255.78,10,2557.8,96.67,10,966.7,107.6,16,1721.6,305.72,10,3057.2,78.68,12,944.16,327.58,5,1637.9,63.13,23,1451.99,204.53,6,1227.18,154.46,10,1544.6,74.59,,,314.08,6,1884.48,234.52,10,2345.2,133.89,10,1338.9,0.7324934,20678,0.8691,1732.86,16652,435,17087,14220,2867,6836
02/14/2026,64.18,27,1732.86,255.78,10,2557.8,96.67,10,966.7,107.6,16,1721.6,305.72,10,3057.2,78.68,12,944.16,327.58,5,1637.9,63.13,23,1451.99,204.53,6,1227.18,154.46,10,1544.6,74.59,,,314.08,6,1884.48,234.52,10,2345.2,133.89,10,1338.9,0.7341066,20678,0.8693,1732.86,16686,435,17121,14220,2901,6836
02/15/2026,64.18,27,1732.86,255.78,10,2557.8,96.67,10,966.7,107.6,16,1721.6,305.72,10,3057.2,78.68,12,944.16,327.58,5,1637.9,63.13,23,1451.99,204.53,6,1227.18,154.46,10,1544.6,74.59,,,314.08,6,1884.48,234.52,10,2345.2,133.89,10,1338.9,0.73272,20678,0.8695,1732.86,16658,435,17093,14220,2873,6836
02/16/2026,61.84,27,1669.68,255.78,10,2557.8,96.67,10,966.7,107.6,16,1721.6,305.72,10,3057.2,78.68,12,944.16,327.58,5,1637.9,63.13,23,1451.99,204.53,6,1227.18,154.46,10,1544.6,74.59,,,314.08,6,1884.48,234.52,10,2345.2,133.89,10,1338.9,0.7338,20678,0.86952,1669.68,16625,435,17060,14220,2840,6836
02/17/2026,62.14,27,1677.78,263.88,10,2638.8,95.65,10,956.5,108.47,16,1735.52,302.02,10,3020.2,79.56,12,954.72,327.62,5,1638.1,64.82,23,1490.86,207.9,6,1247.4,156.97,10,1569.7,73.96,,,319.5,6,1917,235.22,10,2352.2,128.85,10,1288.5,0.73722,20810,0.87368,1677.78,16807,435,17242,14220,3022,6843
02/18/2026,61.74,27,1666.98,264.35,10,2643.5,95.58,10,955.8,107.88,16,1726.08,303.33,10,3033.3,79.49,12,953.88,327.89,5,1639.45,65.55,23,1507.65,203.28,6,1219.68,157.23,10,1572.3,72.42,,,320.3,6,1921.8,234.06,10,2340.6,126.62,10,1266.2,0.74097,20780,0.87345,1666.98,16854,435,17288,14220,3068,6881
02/19/2026,62.32,27,1682.64,260.58,10,2605.8,93.98,10,939.8,109.43,16,1750.88,302.85,10,3028.5,78.91,12,946.92,327.11,5,1635.55,65.61,23,1509.03,201.77,6,1210.62,156.51,10,1565.1,72.01,,,318.93,6,1913.58,233.42,10,2334.2,124.87,10,1248.7,0.74288,20689,0.87425,1682.64,16840,435,17275,14220,3055,6862
02/20/2026,62.36,27,1683.72,264.58,10,2645.8,95.09,10,950.9,110.46,16,1767.36,314.98,10,3149.8,79.84,12,958.08,329.23,5,1646.15,65.4,23,1504.2,204.08,6,1224.48,158.23,10,1582.3,73.23,,,320.95,6,1925.7,230.31,10,2303.1,122.99,10,1229.9,0.7418948,20888,0.8744,1683.72,16969,435,17404,14220,3184,6910
02/21/2026,62.36,27,1683.72,264.58,10,2645.8,95.09,10,950.9,110.46,16,1767.36,314.98,10,3149.8,79.84,12,958.08,329.23,5,1646.15,65.4,23,1504.2,204.08,6,1224.48,158.23,10,1582.3,73.23,,,320.95,6,1925.7,230.31,10,2303.1,122.99,10,1229.9,0.7417847,20888,0.874,1683.72,16966,435,17401,14220,3181,6910
02/22/2026,62.36,27,1683.72,264.58,10,2645.8,95.09,10,950.9,110.46,16,1767.36,314.98,10,3149.8,79.84,12,958.08,329.23,5,1646.15,65.4,23,1504.2,204.08,6,1224.48,158.23,10,1582.3,73.23,,,320.95,6,1925.7,230.31,10,2303.1,122.99,10,1229.9,0.73892,20888,0.87446,1683.72,16907,435,17342,14220,3122,6910
02/23/2026,59.68,27,1611.36,266.18,10,2661.8,97.1,10,971,110.09,16,1761.44,311.49,10,3114.9,80.56,12,966.72,334.56,5,1672.8,63.09,23,1451.07,203.69,6,1222.14,157.69,10,1576.9,73.98,,,306.52,6,1839.12,230.56,10,2305.6,125.81,10,1258.1,0.74091,20802,0.87378,1611.36,16820,435,17255,14220,3035,6838
02/24/2026,62.2,27,1679.4,272.14,10,2721.4,98.11,10,981.1,111.3,16,1780.8,310.9,10,3109,80.72,12,968.64,333.05,5,1665.25,64.09,23,1474.07,206.08,6,1236.48,157.66,10,1576.6,74.59,,,307.22,6,1843.32,229.58,10,2295.8,126.75,10,1267.5,0.74088,20920,0.87234,1679.4,16964,435,17399,14220,3179,6890
02/25/2026,63.74,27,1720.98,274.23,10,2742.3,96.67,10,966.7,109.02,16,1744.32,312.9,10,3129,80.47,12,965.64,333.01,5,1665.05,63.4,23,1458.2,204.54,6,1227.24,155.82,10,1558.2,73.2,,,312.99,6,1877.94,228.1,10,2281,125.75,10,1257.5,0.73757,20873,0.8714,1720.98,16895,435,17330,14220,3110,6946
02/26/2026,66.1,27,1784.7,272.95,10,2729.5,97.55,10,975.5,110.25,16,1764,307.38,10,3073.8,80.5,12,966,334.53,5,1672.65,63.95,23,1470.85,211.73,6,1270.38,158.69,10,1586.9,73.28,,,316.7,6,1900.2,233.9,10,2339,124.42,10,1244.2,0.74125,20993,0.874845,1784.7,17122,435,17557,14220,3337,6909
02/27/2026,68.1,27,1838.7,264.18,10,2641.8,99.14,10,991.4,112.19,16,1795.04,311.76,10,3117.6,81.56,12,978.72,341.06,5,1705.3,62.18,23,1430.14,213.66,6,1281.96,161.66,10,1616.6,73.75,,,320.14,6,1920.84,240.84,10,2408.4,127.95,10,1279.5,0.7416747,21167,0.87655,1838.7,17311,435,17746,14220,3526,6879
02/28/2026,68.1,27,1838.7,264.18,10,2641.8,99.14,10,991.4,112.19,16,1795.04,311.76,10,3117.6,81.56,12,978.72,341.06,5,1705.3,62.18,23,1430.14,213.66,6,1281.96,161.66,10,1616.6,73.75,,,320.14,6,1920.84,240.84,10,2408.4,127.95,10,1279.5,0.7416747,21167,0.87655,1838.7,17311,435,17746,14220,3526,6879
03/01/2026,68.1,27,1838.7,264.18,10,2641.8,99.14,10,991.4,112.19,16,1795.04,311.76,10,3117.6,81.56,12,978.72,341.06,5,1705.3,62.18,23,1430.14,213.66,6,1281.96,161.66,10,1616.6,73.75,,,320.14,6,1920.84,240.84,10,2408.4,127.95,10,1279.5,0.7416747,21167,0.87655,1838.7,17311,435,17746,14220,3526,6879